Source_Object_Type,Source_Object,Azure_PostgreSQL_Object_Type,Azure_PostgreSQL_Object,Status,Action_Required,Error_Message
FUNCTION,CONTOSO.FN_CATEGORY_PATH,FUNCTION,contoso.fn_category_path(),Converted,yes,
FUNCTION,CONTOSO.FN_CONVERT_AMOUNT,FUNCTION,contoso.fn_convert_amount(),Converted,yes,
FUNCTION,CONTOSO.FN_EFFECTIVE_PRICE,FUNCTION,contoso.fn_effective_price(),Converted,yes,
FUNCTION,CONTOSO.FN_FISCAL_PERIOD,FUNCTION,contoso.fn_fiscal_period(),Converted,no,
FUNCTION,CONTOSO.FN_GEN_CHK_IMPURE_031,FUNCTION,contoso.fn_gen_chk_impure_031(),Converted,no,
FUNCTION,CONTOSO.FN_GEN_CHK_IMPURE_032,FUNCTION,contoso.fn_gen_chk_impure_032(),Not-Converted,yes,"Review and correct the generated code. Best-effort Azure PostgreSQL code was generated, but it is not included in the deployment script and its behavior is unverified. Compare it with the source, correct it, and test it before deploying separately. Reference: CVT-366"
FUNCTION,CONTOSO.FN_GEN_CHK_IMPURE_033,FUNCTION,contoso.fn_gen_chk_impure_033(),Converted,no,
FUNCTION,CONTOSO.FN_GEN_CHK_IMPURE_034,FUNCTION,contoso.fn_gen_chk_impure_034(),Converted,no,
FUNCTION,CONTOSO.FN_GEN_CHK_IMPURE_035,FUNCTION,contoso.fn_gen_chk_impure_035(),Not-Converted,yes,"Review and correct the generated code. Best-effort Azure PostgreSQL code was generated, but it is not included in the deployment script and its behavior is unverified. Compare it with the source, correct it, and test it before deploying separately. Reference: CVT-366"
FUNCTION,CONTOSO.FN_GEN_CHK_IMPURE_036,FUNCTION,contoso.fn_gen_chk_impure_036(),Converted,no,
FUNCTION,CONTOSO.FN_GEN_CHK_IMPURE_037,FUNCTION,contoso.fn_gen_chk_impure_037(),Converted,no,
FUNCTION,CONTOSO.FN_GEN_CHK_IMPURE_038,FUNCTION,contoso.fn_gen_chk_impure_038(),Not-Converted,yes,"Review and correct the generated code. Best-effort Azure PostgreSQL code was generated, but it is not included in the deployment script and its behavior is unverified. Compare it with the source, correct it, and test it before deploying separately. Reference: CVT-366"
FUNCTION,CONTOSO.FN_GEN_CHK_IMPURE_039,FUNCTION,contoso.fn_gen_chk_impure_039(),Converted,no,
FUNCTION,CONTOSO.FN_GEN_CHK_IMPURE_040,FUNCTION,contoso.fn_gen_chk_impure_040(),Converted,no,
FUNCTION,CONTOSO.FN_GEN_PRICE_001_GB,FUNCTION,contoso.fn_gen_price_001_gb(),Converted,no,
FUNCTION,CONTOSO.FN_GEN_PRICE_002_IE,FUNCTION,contoso.fn_gen_price_002_ie(),Converted,yes,
FUNCTION,CONTOSO.FN_GEN_PRICE_003_FR,FUNCTION,contoso.fn_gen_price_003_fr(),Converted,no,
FUNCTION,CONTOSO.FN_GEN_PRICE_004_DE,FUNCTION,contoso.fn_gen_price_004_de(),Converted,no,
FUNCTION,CONTOSO.FN_GEN_PRICE_005_ES,FUNCTION,contoso.fn_gen_price_005_es(),Converted,no,
FUNCTION,CONTOSO.FN_GEN_PRICE_006_IT,FUNCTION,contoso.fn_gen_price_006_it(),Converted,no,
FUNCTION,CONTOSO.FN_GEN_PRICE_007_PT,FUNCTION,contoso.fn_gen_price_007_pt(),Converted,no,
FUNCTION,CONTOSO.FN_GEN_PRICE_008_NL,FUNCTION,contoso.fn_gen_price_008_nl(),Converted,yes,
FUNCTION,CONTOSO.FN_GEN_PRICE_009_BE,FUNCTION,contoso.fn_gen_price_009_be(),Converted,no,
FUNCTION,CONTOSO.FN_GEN_PRICE_010_LU,FUNCTION,contoso.fn_gen_price_010_lu(),Converted,no,
FUNCTION,CONTOSO.FN_GEN_PRICE_011_AT,FUNCTION,contoso.fn_gen_price_011_at(),Converted,no,
FUNCTION,CONTOSO.FN_GEN_PRICE_012_CH,FUNCTION,contoso.fn_gen_price_012_ch(),Converted,no,
FUNCTION,CONTOSO.FN_GEN_PRICE_013_DK,FUNCTION,contoso.fn_gen_price_013_dk(),Converted,no,
FUNCTION,CONTOSO.FN_GEN_PRICE_014_SE,FUNCTION,contoso.fn_gen_price_014_se(),Converted,yes,
FUNCTION,CONTOSO.FN_GEN_PRICE_015_NO,FUNCTION,contoso.fn_gen_price_015_no(),Converted,no,
FUNCTION,CONTOSO.FN_GEN_PRICE_016_FI,FUNCTION,contoso.fn_gen_price_016_fi(),Converted,no,
FUNCTION,CONTOSO.FN_GEN_PRICE_017_IS,FUNCTION,contoso.fn_gen_price_017_is(),Converted,no,
FUNCTION,CONTOSO.FN_GEN_PRICE_018_PL,FUNCTION,contoso.fn_gen_price_018_pl(),Converted,no,
FUNCTION,CONTOSO.FN_GEN_PRICE_019_CZ,FUNCTION,contoso.fn_gen_price_019_cz(),Converted,no,
FUNCTION,CONTOSO.FN_GEN_PRICE_020_SK,FUNCTION,contoso.fn_gen_price_020_sk(),Converted,yes,
FUNCTION,CONTOSO.FN_GEN_PRICE_021_HU,FUNCTION,contoso.fn_gen_price_021_hu(),Converted,no,
FUNCTION,CONTOSO.FN_GEN_PRICE_022_RO,FUNCTION,contoso.fn_gen_price_022_ro(),Not-Converted,yes,"Convert the required dependency first. Azure PostgreSQL code passed the compilation check, but this object is not included in the deployment script because it depends on a temporary version of the required dependency. Convert the dependency, then run conversion again and confirm that this object is included. Reference: CVT-242"
FUNCTION,CONTOSO.FN_GEN_PRICE_023_BG,FUNCTION,contoso.fn_gen_price_023_bg(),Converted,no,
FUNCTION,CONTOSO.FN_GEN_PRICE_024_GR,FUNCTION,contoso.fn_gen_price_024_gr(),Converted,no,
FUNCTION,CONTOSO.FN_GEN_PRICE_025_HR,FUNCTION,contoso.fn_gen_price_025_hr(),Converted,no,
FUNCTION,CONTOSO.FN_GEN_PRICE_026_SI,FUNCTION,contoso.fn_gen_price_026_si(),Converted,yes,
FUNCTION,CONTOSO.FN_GEN_PRICE_027_EE,FUNCTION,contoso.fn_gen_price_027_ee(),Converted,no,
FUNCTION,CONTOSO.FN_GEN_PRICE_028_LV,FUNCTION,contoso.fn_gen_price_028_lv(),Not-Converted,yes,"Convert the required dependency first. Azure PostgreSQL code passed the compilation check, but this object is not included in the deployment script because it depends on a temporary version of the required dependency. Convert the dependency, then run conversion again and confirm that this object is included. Reference: CVT-242"
FUNCTION,CONTOSO.FN_GEN_PRICE_029_LT,FUNCTION,contoso.fn_gen_price_029_lt(),Converted,no,
FUNCTION,CONTOSO.FN_GEN_PRICE_030_US,FUNCTION,contoso.fn_gen_price_030_us(),Converted,no,
FUNCTION,CONTOSO.FN_GEN_PRICE_031_CA,FUNCTION,contoso.fn_gen_price_031_ca(),Converted,yes,
FUNCTION,CONTOSO.FN_GEN_PRICE_032_MX,FUNCTION,contoso.fn_gen_price_032_mx(),Converted,yes,
FUNCTION,CONTOSO.FN_GEN_PRICE_033_BR,FUNCTION,contoso.fn_gen_price_033_br(),Converted,no,
FUNCTION,CONTOSO.FN_GEN_PRICE_034_AR,FUNCTION,contoso.fn_gen_price_034_ar(),Converted,no,
FUNCTION,CONTOSO.FN_GEN_PRICE_035_CL,FUNCTION,contoso.fn_gen_price_035_cl(),Converted,no,
FUNCTION,CONTOSO.FN_GEN_PRICE_036_AU,FUNCTION,contoso.fn_gen_price_036_au(),Converted,no,
FUNCTION,CONTOSO.FN_GEN_PRICE_037_NZ,FUNCTION,contoso.fn_gen_price_037_nz(),Converted,yes,
FUNCTION,CONTOSO.FN_GEN_PRICE_038_JP,FUNCTION,contoso.fn_gen_price_038_jp(),Converted,yes,
FUNCTION,CONTOSO.FN_GEN_PRICE_039_SG,FUNCTION,contoso.fn_gen_price_039_sg(),Converted,no,
FUNCTION,CONTOSO.FN_GEN_PRICE_040_ZA,FUNCTION,contoso.fn_gen_price_040_za(),Converted,no,
FUNCTION,CONTOSO.FN_GEN_TAX_001_GB,FUNCTION,contoso.fn_gen_tax_001_gb(),Converted,yes,
FUNCTION,CONTOSO.FN_GEN_TAX_002_IE,FUNCTION,contoso.fn_gen_tax_002_ie(),Converted,no,
FUNCTION,CONTOSO.FN_GEN_TAX_003_FR,FUNCTION,contoso.fn_gen_tax_003_fr(),Converted,no,
FUNCTION,CONTOSO.FN_GEN_TAX_004_DE,FUNCTION,contoso.fn_gen_tax_004_de(),Converted,yes,
FUNCTION,CONTOSO.FN_GEN_TAX_005_ES,FUNCTION,contoso.fn_gen_tax_005_es(),Converted,no,
FUNCTION,CONTOSO.FN_GEN_TAX_006_IT,FUNCTION,contoso.fn_gen_tax_006_it(),Converted,no,
FUNCTION,CONTOSO.FN_GEN_TAX_007_PT,FUNCTION,contoso.fn_gen_tax_007_pt(),Converted,yes,
FUNCTION,CONTOSO.FN_GEN_TAX_008_NL,FUNCTION,contoso.fn_gen_tax_008_nl(),Converted,no,
FUNCTION,CONTOSO.FN_GEN_TAX_009_BE,FUNCTION,contoso.fn_gen_tax_009_be(),Converted,no,
FUNCTION,CONTOSO.FN_GEN_TAX_010_LU,FUNCTION,contoso.fn_gen_tax_010_lu(),Converted,yes,
FUNCTION,CONTOSO.FN_GEN_TAX_011_AT,FUNCTION,contoso.fn_gen_tax_011_at(),Converted,no,
FUNCTION,CONTOSO.FN_GEN_TAX_012_CH,FUNCTION,contoso.fn_gen_tax_012_ch(),Converted,no,
FUNCTION,CONTOSO.FN_GEN_TAX_013_DK,FUNCTION,contoso.fn_gen_tax_013_dk(),Converted,yes,
FUNCTION,CONTOSO.FN_GEN_TAX_014_SE,FUNCTION,contoso.fn_gen_tax_014_se(),Converted,no,
FUNCTION,CONTOSO.FN_GEN_TAX_015_NO,FUNCTION,contoso.fn_gen_tax_015_no(),Converted,no,
FUNCTION,CONTOSO.FN_GEN_TAX_016_FI,FUNCTION,contoso.fn_gen_tax_016_fi(),Converted,yes,
FUNCTION,CONTOSO.FN_GEN_TAX_017_IS,FUNCTION,contoso.fn_gen_tax_017_is(),Converted,no,
FUNCTION,CONTOSO.FN_GEN_TAX_018_PL,FUNCTION,contoso.fn_gen_tax_018_pl(),Converted,no,
FUNCTION,CONTOSO.FN_GEN_TAX_019_CZ,FUNCTION,contoso.fn_gen_tax_019_cz(),Converted,no,
FUNCTION,CONTOSO.FN_GEN_TAX_020_SK,FUNCTION,contoso.fn_gen_tax_020_sk(),Converted,no,
FUNCTION,CONTOSO.FN_GEN_TAX_021_HU,FUNCTION,contoso.fn_gen_tax_021_hu(),Converted,no,
FUNCTION,CONTOSO.FN_GEN_TAX_022_RO,FUNCTION,contoso.fn_gen_tax_022_ro(),Converted,yes,
FUNCTION,CONTOSO.FN_GEN_TAX_023_BG,FUNCTION,contoso.fn_gen_tax_023_bg(),Converted,no,
FUNCTION,CONTOSO.FN_GEN_TAX_024_GR,FUNCTION,contoso.fn_gen_tax_024_gr(),Converted,no,
FUNCTION,CONTOSO.FN_GEN_TAX_025_HR,FUNCTION,contoso.fn_gen_tax_025_hr(),Converted,no,
FUNCTION,CONTOSO.FN_GEN_TAX_026_SI,FUNCTION,contoso.fn_gen_tax_026_si(),Converted,no,
FUNCTION,CONTOSO.FN_GEN_TAX_027_EE,FUNCTION,contoso.fn_gen_tax_027_ee(),Converted,yes,
FUNCTION,CONTOSO.FN_GEN_TAX_028_LV,FUNCTION,contoso.fn_gen_tax_028_lv(),Converted,yes,
FUNCTION,CONTOSO.FN_GEN_TAX_029_LT,FUNCTION,contoso.fn_gen_tax_029_lt(),Converted,no,
FUNCTION,CONTOSO.FN_GEN_TAX_030_US,FUNCTION,contoso.fn_gen_tax_030_us(),Converted,no,
FUNCTION,CONTOSO.FN_GEN_TAX_031_CA,FUNCTION,contoso.fn_gen_tax_031_ca(),Converted,no,
FUNCTION,CONTOSO.FN_GEN_TAX_032_MX,FUNCTION,contoso.fn_gen_tax_032_mx(),Converted,no,
FUNCTION,CONTOSO.FN_GEN_TAX_033_BR,FUNCTION,contoso.fn_gen_tax_033_br(),Converted,no,
FUNCTION,CONTOSO.FN_GEN_TAX_034_AR,FUNCTION,contoso.fn_gen_tax_034_ar(),Converted,yes,
FUNCTION,CONTOSO.FN_GEN_TAX_035_CL,FUNCTION,contoso.fn_gen_tax_035_cl(),Converted,no,
FUNCTION,CONTOSO.FN_GEN_TAX_036_AU,FUNCTION,contoso.fn_gen_tax_036_au(),Converted,no,
FUNCTION,CONTOSO.FN_GEN_TAX_037_NZ,FUNCTION,contoso.fn_gen_tax_037_nz(),Converted,no,
FUNCTION,CONTOSO.FN_GEN_TAX_038_JP,FUNCTION,contoso.fn_gen_tax_038_jp(),Converted,no,
FUNCTION,CONTOSO.FN_GEN_TAX_039_SG,FUNCTION,contoso.fn_gen_tax_039_sg(),Converted,no,
FUNCTION,CONTOSO.FN_GEN_TAX_040_ZA,FUNCTION,contoso.fn_gen_tax_040_za(),Converted,yes,
FUNCTION,CONTOSO.FN_GEN_VALID_AMOUNT_001,FUNCTION,contoso.fn_gen_valid_amount_001(),Converted,no,
FUNCTION,CONTOSO.FN_GEN_VALID_AMOUNT_011,FUNCTION,contoso.fn_gen_valid_amount_011(),Converted,no,
FUNCTION,CONTOSO.FN_GEN_VALID_AMOUNT_021,FUNCTION,contoso.fn_gen_valid_amount_021(),Converted,no,
FUNCTION,CONTOSO.FN_GEN_VALID_CODE_004,FUNCTION,contoso.fn_gen_valid_code_004(),Converted,yes,
FUNCTION,CONTOSO.FN_GEN_VALID_CODE_014,FUNCTION,contoso.fn_gen_valid_code_014(),Converted,yes,
FUNCTION,CONTOSO.FN_GEN_VALID_CODE_024,FUNCTION,contoso.fn_gen_valid_code_024(),Converted,yes,
FUNCTION,CONTOSO.FN_GEN_VALID_EAN13_005,FUNCTION,contoso.fn_gen_valid_ean13_005(),Converted,yes,
FUNCTION,CONTOSO.FN_GEN_VALID_EAN13_015,FUNCTION,contoso.fn_gen_valid_ean13_015(),Converted,yes,
FUNCTION,CONTOSO.FN_GEN_VALID_EAN13_025,FUNCTION,contoso.fn_gen_valid_ean13_025(),Converted,no,
FUNCTION,CONTOSO.FN_GEN_VALID_ENUM_007,FUNCTION,contoso.fn_gen_valid_enum_007(),Converted,no,
FUNCTION,CONTOSO.FN_GEN_VALID_ENUM_017,FUNCTION,contoso.fn_gen_valid_enum_017(),Converted,yes,
FUNCTION,CONTOSO.FN_GEN_VALID_ENUM_027,FUNCTION,contoso.fn_gen_valid_enum_027(),Converted,no,
FUNCTION,CONTOSO.FN_GEN_VALID_ISO2_006,FUNCTION,contoso.fn_gen_valid_iso2_006(),Converted,no,
FUNCTION,CONTOSO.FN_GEN_VALID_ISO2_016,FUNCTION,contoso.fn_gen_valid_iso2_016(),Converted,no,
FUNCTION,CONTOSO.FN_GEN_VALID_ISO2_026,FUNCTION,contoso.fn_gen_valid_iso2_026(),Converted,no,
FUNCTION,CONTOSO.FN_GEN_VALID_PCT_003,FUNCTION,contoso.fn_gen_valid_pct_003(),Converted,no,
FUNCTION,CONTOSO.FN_GEN_VALID_PCT_013,FUNCTION,contoso.fn_gen_valid_pct_013(),Converted,no,
FUNCTION,CONTOSO.FN_GEN_VALID_PCT_023,FUNCTION,contoso.fn_gen_valid_pct_023(),Converted,no,
FUNCTION,CONTOSO.FN_GEN_VALID_QTY_002,FUNCTION,contoso.fn_gen_valid_qty_002(),Converted,no,
FUNCTION,CONTOSO.FN_GEN_VALID_QTY_012,FUNCTION,contoso.fn_gen_valid_qty_012(),Converted,no,
FUNCTION,CONTOSO.FN_GEN_VALID_QTY_022,FUNCTION,contoso.fn_gen_valid_qty_022(),Converted,no,
FUNCTION,CONTOSO.FN_GEN_VALID_RATIO_010,FUNCTION,contoso.fn_gen_valid_ratio_010(),Converted,no,
FUNCTION,CONTOSO.FN_GEN_VALID_RATIO_020,FUNCTION,contoso.fn_gen_valid_ratio_020(),Converted,no,
FUNCTION,CONTOSO.FN_GEN_VALID_RATIO_030,FUNCTION,contoso.fn_gen_valid_ratio_030(),Converted,no,
FUNCTION,CONTOSO.FN_GEN_VALID_TEXT_009,FUNCTION,contoso.fn_gen_valid_text_009(),Converted,no,
FUNCTION,CONTOSO.FN_GEN_VALID_TEXT_019,FUNCTION,contoso.fn_gen_valid_text_019(),Converted,no,
FUNCTION,CONTOSO.FN_GEN_VALID_TEXT_029,FUNCTION,contoso.fn_gen_valid_text_029(),Converted,yes,
FUNCTION,CONTOSO.FN_GEN_VALID_WINDOW_008,FUNCTION,contoso.fn_gen_valid_window_008(),Converted,no,
FUNCTION,CONTOSO.FN_GEN_VALID_WINDOW_018,FUNCTION,contoso.fn_gen_valid_window_018(),Converted,no,
FUNCTION,CONTOSO.FN_GEN_VALID_WINDOW_028,FUNCTION,contoso.fn_gen_valid_window_028(),Converted,no,
FUNCTION,CONTOSO.FN_LOCATION_DEPTH,FUNCTION,contoso.fn_location_depth(),Converted,no,
FUNCTION,CONTOSO.FN_MANAGER_CHAIN,FUNCTION,contoso.fn_manager_chain(),Converted,no,
FUNCTION,CONTOSO.FN_MASK_EMAIL,FUNCTION,contoso.fn_mask_email(),Converted,no,
FUNCTION,CONTOSO.FN_NORMALISE_SKU,FUNCTION,contoso.fn_normalise_sku(),Converted,no,
FUNCTION,CONTOSO.FN_ORDER_LINE_COUNT,FUNCTION,contoso.fn_order_line_count(),Converted,no,
FUNCTION,CONTOSO.FN_SPLIT_CSV,FUNCTION,contoso.fn_split_csv(),Not-Converted,yes,"Review and correct the generated code. Best-effort Azure PostgreSQL code was generated, but it is not included in the deployment script and its behavior is unverified. Compare it with the source, correct it, and test it before deploying separately. Reference: CVT-366"
FUNCTION,CONTOSO.FN_STORE_LOCAL_TIME,FUNCTION,contoso.fn_store_local_time(),Converted,no,
FUNCTION,CONTOSO.FN_TIER_FOR_POINTS,FUNCTION,contoso.fn_tier_for_points(),Converted,yes,
FUNCTION,CONTOSO.FN_VPD_CUSTOMER_PREDICATE,FUNCTION,contoso.fn_vpd_customer_predicate(),Converted,no,
FUNCTION,CONTOSO.FN_VPD_PII_PREDICATE,FUNCTION,contoso.fn_vpd_pii_predicate(),Converted,no,
FUNCTION,CONTOSO.FN_VPD_SALES_PREDICATE,FUNCTION,contoso.fn_vpd_sales_predicate(),Converted,no,
FUNCTION,CONTOSO.FN_WORKING_DAYS_BETWEEN,FUNCTION,contoso.fn_working_days_between(),Converted,no,
INDEX,CONTOSO.FBI_ADDRESS_NORM_KEY,INDEX,contoso.fbi_address_norm_key,Not-Converted,yes,"Convert the required dependency first. Azure PostgreSQL code passed the compilation check, but this object is not included in the deployment script because it depends on a temporary version of the required dependency. Convert the dependency, then run conversion again and confirm that this object is included. Reference: CVT-242"
INDEX,CONTOSO.FBI_CUSTOMER_EMAIL_LOWER,INDEX,contoso.fbi_customer_email_lower,Converted,no,
INDEX,CONTOSO.FBI_EMPLOYEE_NAME_UPPER,INDEX,contoso.fbi_employee_name_upper,Converted,no,
INDEX,CONTOSO.FBI_GEN_STG_001,INDEX,contoso.fbi_gen_stg_001,Converted,no,
INDEX,CONTOSO.FBI_GEN_STG_002,INDEX,contoso.fbi_gen_stg_002,Converted,no,
INDEX,CONTOSO.FBI_GEN_STG_003,INDEX,contoso.fbi_gen_stg_003,Converted,no,
INDEX,CONTOSO.FBI_GEN_STG_004,INDEX,contoso.fbi_gen_stg_004,Converted,no,
INDEX,CONTOSO.FBI_GEN_STG_005,INDEX,contoso.fbi_gen_stg_005,Converted,no,
INDEX,CONTOSO.FBI_GEN_STG_006,INDEX,contoso.fbi_gen_stg_006,Converted,no,
INDEX,CONTOSO.FBI_GEN_STG_007,INDEX,contoso.fbi_gen_stg_007,Converted,no,
INDEX,CONTOSO.FBI_GEN_STG_008,INDEX,contoso.fbi_gen_stg_008,Converted,no,
INDEX,CONTOSO.FBI_GEN_STG_009,INDEX,contoso.fbi_gen_stg_009,Converted,no,
INDEX,CONTOSO.FBI_GEN_STG_010,INDEX,contoso.fbi_gen_stg_010,Converted,no,
INDEX,CONTOSO.FBI_GEN_STG_011,INDEX,contoso.fbi_gen_stg_011,Converted,no,
INDEX,CONTOSO.FBI_GEN_STG_012,INDEX,contoso.fbi_gen_stg_012,Converted,no,
INDEX,CONTOSO.FBI_GEN_STG_013,INDEX,contoso.fbi_gen_stg_013,Converted,no,
INDEX,CONTOSO.FBI_GEN_STG_014,INDEX,contoso.fbi_gen_stg_014,Converted,no,
INDEX,CONTOSO.FBI_GEN_STG_015,INDEX,contoso.fbi_gen_stg_015,Converted,no,
INDEX,CONTOSO.FBI_GEN_STG_016,INDEX,contoso.fbi_gen_stg_016,Converted,no,
INDEX,CONTOSO.FBI_GEN_STG_017,INDEX,contoso.fbi_gen_stg_017,Converted,no,
INDEX,CONTOSO.FBI_GEN_STG_018,INDEX,contoso.fbi_gen_stg_018,Converted,no,
INDEX,CONTOSO.FBI_GEN_STG_019,INDEX,contoso.fbi_gen_stg_019,Converted,no,
INDEX,CONTOSO.FBI_GEN_STG_020,INDEX,contoso.fbi_gen_stg_020,Converted,no,
INDEX,CONTOSO.FBI_GEN_STG_021,INDEX,contoso.fbi_gen_stg_021,Converted,no,
INDEX,CONTOSO.FBI_GEN_STG_022,INDEX,contoso.fbi_gen_stg_022,Converted,no,
INDEX,CONTOSO.FBI_GEN_STG_023,INDEX,contoso.fbi_gen_stg_023,Converted,no,
INDEX,CONTOSO.FBI_GEN_STG_024,INDEX,contoso.fbi_gen_stg_024,Converted,no,
INDEX,CONTOSO.FBI_GEN_STG_025,INDEX,contoso.fbi_gen_stg_025,Converted,no,
INDEX,CONTOSO.FBI_GEN_STG_026,INDEX,contoso.fbi_gen_stg_026,Converted,no,
INDEX,CONTOSO.FBI_GEN_STG_027,INDEX,contoso.fbi_gen_stg_027,Converted,no,
INDEX,CONTOSO.FBI_GEN_STG_028,INDEX,contoso.fbi_gen_stg_028,Converted,no,
INDEX,CONTOSO.FBI_GEN_STG_029,INDEX,contoso.fbi_gen_stg_029,Converted,no,
INDEX,CONTOSO.FBI_GEN_STG_030,INDEX,contoso.fbi_gen_stg_030,Converted,no,
INDEX,CONTOSO.FBI_GL_JOURNAL_MONTH,INDEX,contoso.fbi_gl_journal_month,Converted,no,
INDEX,CONTOSO.FBI_INVLOC_OWNER_CODE,INDEX,contoso.fbi_invloc_owner_code,Converted,no,
INDEX,CONTOSO.FBI_PRODUCT_SKU_NORM,INDEX,contoso.fbi_product_sku_norm,Converted,no,
INDEX,CONTOSO.FBI_PRODUCT_STATUS_RANK,INDEX,contoso.fbi_product_status_rank,Not-Converted,yes,"Implement this object manually. Deployable Azure PostgreSQL code could not be generated, so the object is not included in the deployment script. Correct the Oracle source and run conversion again, or implement the Azure PostgreSQL code manually, test it, and deploy it separately. Reference: CVT-364"
INDEX,CONTOSO.FBI_PROMOTION_ACTIVE,INDEX,contoso.fbi_promotion_active,Converted,no,
INDEX,CONTOSO.FBI_STORE_CODE_UPPER,INDEX,contoso.fbi_store_code_upper,Not-Converted,yes,"Convert the required dependency first. Azure PostgreSQL code was generated, but this object is not included in the deployment script because it depends on a temporary version of the required dependency. Convert the dependency, then run conversion again and confirm that this object is included. Reference: CVT-241"
INDEX,CONTOSO.FBI_SUPPLIER_NAME_UPPER,INDEX,contoso.fbi_supplier_name_upper,Converted,no,
INDEX,CONTOSO.IX_ADDRESS_COUNTRY,INDEX,contoso.ix_address_country,Not-Converted,yes,"Convert the required dependency first. Azure PostgreSQL code passed the compilation check, but this object is not included in the deployment script because it depends on a temporary version of the required dependency. Convert the dependency, then run conversion again and confirm that this object is included. Reference: CVT-242"
INDEX,CONTOSO.IX_AUDIT_LOOKUP,INDEX,contoso.ix_audit_lookup,Converted,no,
INDEX,CONTOSO.IX_BRAND_SUPPLIER,INDEX,contoso.ix_brand_supplier,Converted,no,
INDEX,CONTOSO.IX_CARRIER_NAME,INDEX,contoso.ix_carrier_name,Converted,no,
INDEX,CONTOSO.IX_CATEGORY_PARENT,INDEX,contoso.ix_category_parent,Converted,no,
INDEX,CONTOSO.IX_COUPON_CUSTOMER,INDEX,contoso.ix_coupon_customer,Converted,no,
INDEX,CONTOSO.IX_COUPON_PROMOTION,INDEX,contoso.ix_coupon_promotion,Converted,no,
INDEX,CONTOSO.IX_CUSTADDR_ADDRESS,INDEX,contoso.ix_custaddr_address,Converted,no,
INDEX,CONTOSO.IX_CUSTOMER_COUNTRY,INDEX,contoso.ix_customer_country,Converted,no,
INDEX,CONTOSO.IX_CUSTOMER_STORE,INDEX,contoso.ix_customer_store,Converted,no,
INDEX,CONTOSO.IX_DQ_ISSUE_LOOKUP,INDEX,contoso.ix_dq_issue_lookup,Converted,no,
INDEX,CONTOSO.IX_EMPLOYEE_MANAGER,INDEX,contoso.ix_employee_manager,Converted,no,
INDEX,CONTOSO.IX_EMPLOYEE_NAME,INDEX,contoso.ix_employee_name,Converted,no,
INDEX,CONTOSO.IX_EMPLOYEE_STORE,INDEX,contoso.ix_employee_store,Converted,no,
INDEX,CONTOSO.IX_ERROR_MODULE,INDEX,contoso.ix_error_module,Converted,no,
INDEX,CONTOSO.IX_GEN_ARC_001,INDEX,contoso.ix_gen_arc_001,Converted,no,
INDEX,CONTOSO.IX_GEN_ARC_002,INDEX,contoso.ix_gen_arc_002,Converted,no,
INDEX,CONTOSO.IX_GEN_ARC_003,INDEX,contoso.ix_gen_arc_003,Converted,no,
INDEX,CONTOSO.IX_GEN_ARC_004,INDEX,contoso.ix_gen_arc_004,Converted,no,
INDEX,CONTOSO.IX_GEN_ARC_005,INDEX,contoso.ix_gen_arc_005,Converted,no,
INDEX,CONTOSO.IX_GEN_ARC_006,INDEX,contoso.ix_gen_arc_006,Converted,no,
INDEX,CONTOSO.IX_GEN_ARC_007,INDEX,contoso.ix_gen_arc_007,Converted,no,
INDEX,CONTOSO.IX_GEN_ARC_008,INDEX,contoso.ix_gen_arc_008,Converted,no,
INDEX,CONTOSO.IX_GEN_ARC_009,INDEX,contoso.ix_gen_arc_009,Converted,no,
INDEX,CONTOSO.IX_GEN_ARC_010,INDEX,contoso.ix_gen_arc_010,Converted,no,
INDEX,CONTOSO.IX_GEN_ARC_011,INDEX,contoso.ix_gen_arc_011,Converted,no,
INDEX,CONTOSO.IX_GEN_ARC_012,INDEX,contoso.ix_gen_arc_012,Converted,no,
INDEX,CONTOSO.IX_GEN_STG_001,INDEX,contoso.ix_gen_stg_001,Converted,no,
INDEX,CONTOSO.IX_GEN_STG_002,INDEX,contoso.ix_gen_stg_002,Converted,no,
INDEX,CONTOSO.IX_GEN_STG_003,INDEX,contoso.ix_gen_stg_003,Converted,no,
INDEX,CONTOSO.IX_GEN_STG_004,INDEX,contoso.ix_gen_stg_004,Converted,no,
INDEX,CONTOSO.IX_GEN_STG_005,INDEX,contoso.ix_gen_stg_005,Converted,no,
INDEX,CONTOSO.IX_GEN_STG_006,INDEX,contoso.ix_gen_stg_006,Converted,no,
INDEX,CONTOSO.IX_GEN_STG_007,INDEX,contoso.ix_gen_stg_007,Converted,no,
INDEX,CONTOSO.IX_GEN_STG_008,INDEX,contoso.ix_gen_stg_008,Converted,no,
INDEX,CONTOSO.IX_GEN_STG_009,INDEX,contoso.ix_gen_stg_009,Converted,no,
INDEX,CONTOSO.IX_GEN_STG_010,INDEX,contoso.ix_gen_stg_010,Converted,no,
INDEX,CONTOSO.IX_GEN_STG_011,INDEX,contoso.ix_gen_stg_011,Converted,no,
INDEX,CONTOSO.IX_GEN_STG_012,INDEX,contoso.ix_gen_stg_012,Converted,no,
INDEX,CONTOSO.IX_GEN_STG_013,INDEX,contoso.ix_gen_stg_013,Converted,no,
INDEX,CONTOSO.IX_GEN_STG_014,INDEX,contoso.ix_gen_stg_014,Converted,no,
INDEX,CONTOSO.IX_GEN_STG_015,INDEX,contoso.ix_gen_stg_015,Converted,no,
INDEX,CONTOSO.IX_GEN_STG_016,INDEX,contoso.ix_gen_stg_016,Converted,no,
INDEX,CONTOSO.IX_GEN_STG_017,INDEX,contoso.ix_gen_stg_017,Converted,no,
INDEX,CONTOSO.IX_GEN_STG_018,INDEX,contoso.ix_gen_stg_018,Converted,no,
INDEX,CONTOSO.IX_GEN_STG_019,INDEX,contoso.ix_gen_stg_019,Converted,no,
INDEX,CONTOSO.IX_GEN_STG_020,INDEX,contoso.ix_gen_stg_020,Converted,no,
INDEX,CONTOSO.IX_GEN_STG_021,INDEX,contoso.ix_gen_stg_021,Converted,no,
INDEX,CONTOSO.IX_GEN_STG_022,INDEX,contoso.ix_gen_stg_022,Converted,no,
INDEX,CONTOSO.IX_GEN_STG_023,INDEX,contoso.ix_gen_stg_023,Converted,no,
INDEX,CONTOSO.IX_GEN_STG_024,INDEX,contoso.ix_gen_stg_024,Converted,no,
INDEX,CONTOSO.IX_GEN_STG_025,INDEX,contoso.ix_gen_stg_025,Converted,no,
INDEX,CONTOSO.IX_GEN_STG_026,INDEX,contoso.ix_gen_stg_026,Converted,no,
INDEX,CONTOSO.IX_GEN_STG_027,INDEX,contoso.ix_gen_stg_027,Converted,no,
INDEX,CONTOSO.IX_GEN_STG_028,INDEX,contoso.ix_gen_stg_028,Converted,no,
INDEX,CONTOSO.IX_GEN_STG_029,INDEX,contoso.ix_gen_stg_029,Converted,no,
INDEX,CONTOSO.IX_GEN_STG_030,INDEX,contoso.ix_gen_stg_030,Converted,no,
INDEX,CONTOSO.IX_GLACCOUNT_PARENT,INDEX,contoso.ix_glaccount_parent,Converted,no,
INDEX,CONTOSO.IX_GLLINE_ACCOUNT,INDEX,contoso.ix_glline_account,Converted,no,
INDEX,CONTOSO.IX_GLLINE_STORE,INDEX,contoso.ix_glline_store,Converted,no,
INDEX,CONTOSO.IX_GL_ACCOUNT_NAME,INDEX,contoso.ix_gl_account_name,Converted,no,
INDEX,CONTOSO.IX_GR_PO_LINE,INDEX,contoso.ix_gr_po_line,Converted,no,
INDEX,CONTOSO.IX_GR_WAREHOUSE,INDEX,contoso.ix_gr_warehouse,Converted,no,
INDEX,CONTOSO.IX_INVLOC_PARENT,INDEX,contoso.ix_invloc_parent,Converted,no,
INDEX,CONTOSO.IX_INVLOC_STORE,INDEX,contoso.ix_invloc_store,Converted,no,
INDEX,CONTOSO.IX_INVLOC_WAREHOUSE,INDEX,contoso.ix_invloc_warehouse,Converted,no,
INDEX,CONTOSO.IX_JOB_RUN_LOOKUP,INDEX,contoso.ix_job_run_lookup,Converted,no,
INDEX,CONTOSO.IX_JOURNAL_PERIOD,INDEX,contoso.ix_journal_period,Converted,no,
INDEX,CONTOSO.IX_JOURNAL_REVERSAL,INDEX,contoso.ix_journal_reversal,Converted,no,
INDEX,CONTOSO.IX_LOYALTYTXN_ACCOUNT_LOCAL,INDEX,contoso.ix_loyaltytxn_account_local,Converted,no,
INDEX,CONTOSO.IX_LOYALTY_TIER,INDEX,contoso.ix_loyalty_tier,Converted,no,
INDEX,CONTOSO.IX_MOVEMENT_TS_DESC,INDEX,contoso.ix_movement_ts_desc,Converted,no,
INDEX,CONTOSO.IX_MOVE_VARIANT_LOCAL,INDEX,contoso.ix_move_variant_local,Not-Converted,yes,"Implement this object manually. Deployable Azure PostgreSQL code could not be generated, so the object is not included in the deployment script. Correct the Oracle source and run conversion again, or implement the Azure PostgreSQL code manually, test it, and deploy it separately. Reference: CVT-364"
INDEX,CONTOSO.IX_MV_PROMOTION_UPLIFT,INDEX,contoso.ix_mv_promotion_uplift,Not-Converted,yes,"Convert the required dependency first. Azure PostgreSQL code passed the compilation check, but this object is not included in the deployment script because it depends on a temporary version of the required dependency. Convert the dependency, then run conversion again and confirm that this object is included. Reference: CVT-242"
INDEX,CONTOSO.IX_MV_SALES_DAILY_STORE,INDEX,contoso.ix_mv_sales_daily_store,Not-Converted,yes,"Resolve the required dependency and review the generated code. Best-effort Azure PostgreSQL code was generated, but this object is not included in the deployment script because the required dependency is not ready. Resolve the dependency, then either run conversion again and confirm inclusion or correct the Azure PostgreSQL code, test it, and deploy it separately. Running conversion again replaces any edits you make to the generated code. Reference: CVT-146"
INDEX,CONTOSO.IX_MV_SALES_MONTHLY_CAT,INDEX,contoso.ix_mv_sales_monthly_cat,Not-Converted,yes,"Resolve the required dependency and review the generated code. Best-effort Azure PostgreSQL code was generated, but this object is not included in the deployment script because the required dependency is not ready. Resolve the dependency, then either run conversion again and confirm inclusion or correct the Azure PostgreSQL code, test it, and deploy it separately. Running conversion again replaces any edits you make to the generated code. Reference: CVT-146"
INDEX,CONTOSO.IX_MV_SUPPLIER_PERF,INDEX,contoso.ix_mv_supplier_perf,Converted,no,
INDEX,CONTOSO.IX_PAYMENT_ORDER,INDEX,contoso.ix_payment_order,Converted,no,
INDEX,CONTOSO.IX_PLI_LOOKUP,INDEX,contoso.ix_pli_lookup,Converted,no,
INDEX,CONTOSO.IX_PLI_TAX_RATE,INDEX,contoso.ix_pli_tax_rate,Converted,no,
INDEX,CONTOSO.IX_PLI_VARIANT,INDEX,contoso.ix_pli_variant,Converted,no,
INDEX,CONTOSO.IX_POL_VARIANT,INDEX,contoso.ix_pol_variant,Converted,no,
INDEX,CONTOSO.IX_PO_SUPPLIER,INDEX,contoso.ix_po_supplier,Converted,no,
INDEX,CONTOSO.IX_PO_WAREHOUSE,INDEX,contoso.ix_po_warehouse,Converted,no,
INDEX,CONTOSO.IX_PRICELIST_COUNTRY,INDEX,contoso.ix_pricelist_country,Converted,no,
INDEX,CONTOSO.IX_PRICE_LIST_WINDOW,INDEX,contoso.ix_price_list_window,Converted,no,
INDEX,CONTOSO.IX_PRODUCT_BRAND,INDEX,contoso.ix_product_brand,Converted,no,
INDEX,CONTOSO.IX_PRODUCT_CATEGORY,INDEX,contoso.ix_product_category,Converted,no,
INDEX,CONTOSO.IX_PROMOPROD_VARIANT,INDEX,contoso.ix_promoprod_variant,Converted,no,
INDEX,CONTOSO.IX_REGION_COUNTRY,INDEX,contoso.ix_region_country,Converted,no,
INDEX,CONTOSO.IX_REGION_MANAGER,INDEX,contoso.ix_region_manager,Converted,no,
INDEX,CONTOSO.IX_REGION_PARENT,INDEX,contoso.ix_region_parent,Converted,no,
INDEX,CONTOSO.IX_RETLINE_ORDER_LINE,INDEX,contoso.ix_retline_order_line,Converted,no,
INDEX,CONTOSO.IX_RETLINE_REASON,INDEX,contoso.ix_retline_reason,Converted,no,
INDEX,CONTOSO.IX_RETURN_CUSTOMER,INDEX,contoso.ix_return_customer,Converted,no,
INDEX,CONTOSO.IX_RETURN_ORDER,INDEX,contoso.ix_return_order,Converted,no,
INDEX,CONTOSO.IX_SALES_ORDER_TS_DESC,INDEX,contoso.ix_sales_order_ts_desc,Not-Converted,yes,"Convert the required dependency first. Azure PostgreSQL code was generated, but this object is not included in the deployment script because it depends on a temporary version of the required dependency. Convert the dependency, then run conversion again and confirm that this object is included. Reference: CVT-241"
INDEX,CONTOSO.IX_SHIPLINE_ORDER_LINE,INDEX,contoso.ix_shipline_order_line,Converted,no,
INDEX,CONTOSO.IX_SHIPMENT_CARRIER,INDEX,contoso.ix_shipment_carrier,Converted,no,
INDEX,CONTOSO.IX_SHIPMENT_ORDER,INDEX,contoso.ix_shipment_order,Converted,no,
INDEX,CONTOSO.IX_SOL_LINE_LOOKUP,INDEX,contoso.ix_sol_line_lookup,Not-Converted,yes,"Resolve the required dependency and review the generated code. Best-effort Azure PostgreSQL code was generated, but this object is not included in the deployment script because the required dependency is not ready. Resolve the dependency, then either run conversion again and confirm inclusion or correct the Azure PostgreSQL code, test it, and deploy it separately. Running conversion again replaces any edits you make to the generated code. Reference: CVT-146"
INDEX,CONTOSO.IX_SOL_VARIANT,INDEX,contoso.ix_sol_variant,Not-Converted,yes,"Convert the required dependency first. Azure PostgreSQL code was generated, but this object is not included in the deployment script because it depends on a temporary version of the required dependency. Convert the dependency, then run conversion again and confirm that this object is included. Reference: CVT-241"
INDEX,CONTOSO.IX_SO_CUSTOMER,INDEX,contoso.ix_so_customer,Not-Converted,yes,"Convert the required dependency first. Azure PostgreSQL code was generated, but this object is not included in the deployment script because it depends on a temporary version of the required dependency. Convert the dependency, then run conversion again and confirm that this object is included. Reference: CVT-241"
INDEX,CONTOSO.IX_SO_CUSTOMER_TS,INDEX,contoso.ix_so_customer_ts,Not-Converted,yes,"Convert the required dependency first. Azure PostgreSQL code was generated, but this object is not included in the deployment script because it depends on a temporary version of the required dependency. Convert the dependency, then run conversion again and confirm that this object is included. Reference: CVT-241"
INDEX,CONTOSO.IX_SO_STORE,INDEX,contoso.ix_so_store,Not-Converted,yes,"Convert the required dependency first. Azure PostgreSQL code was generated, but this object is not included in the deployment script because it depends on a temporary version of the required dependency. Convert the dependency, then run conversion again and confirm that this object is included. Reference: CVT-241"
INDEX,CONTOSO.IX_SO_STORE_TS,INDEX,contoso.ix_so_store_ts,Not-Converted,yes,"Convert the required dependency first. Azure PostgreSQL code was generated, but this object is not included in the deployment script because it depends on a temporary version of the required dependency. Convert the dependency, then run conversion again and confirm that this object is included. Reference: CVT-241"
INDEX,CONTOSO.IX_SP_VARIANT,INDEX,contoso.ix_sp_variant,Converted,no,
INDEX,CONTOSO.IX_STOCK_REORDER,INDEX,contoso.ix_stock_reorder,Converted,no,
INDEX,CONTOSO.IX_STOCK_VARIANT,INDEX,contoso.ix_stock_variant,Converted,no,
INDEX,CONTOSO.IX_STORE_ADDRESS,INDEX,contoso.ix_store_address,Not-Converted,yes,"Convert the required dependency first. Azure PostgreSQL code was generated, but this object is not included in the deployment script because it depends on a temporary version of the required dependency. Convert the dependency, then run conversion again and confirm that this object is included. Reference: CVT-241"
INDEX,CONTOSO.IX_STORE_MANAGER,INDEX,contoso.ix_store_manager,Not-Converted,yes,"Convert the required dependency first. Azure PostgreSQL code was generated, but this object is not included in the deployment script because it depends on a temporary version of the required dependency. Convert the dependency, then run conversion again and confirm that this object is included. Reference: CVT-241"
INDEX,CONTOSO.IX_STORE_REGION,INDEX,contoso.ix_store_region,Not-Converted,yes,"Convert the required dependency first. Azure PostgreSQL code was generated, but this object is not included in the deployment script because it depends on a temporary version of the required dependency. Convert the dependency, then run conversion again and confirm that this object is included. Reference: CVT-241"
INDEX,CONTOSO.IX_SUPPLIER_ADDRESS,INDEX,contoso.ix_supplier_address,Converted,no,
INDEX,CONTOSO.IX_SUPPLIER_PRODUCT_SOURCE,INDEX,contoso.ix_supplier_product_source,Converted,no,
INDEX,CONTOSO.IX_VARIANT_PRODUCT,INDEX,contoso.ix_variant_product,Converted,no,
INDEX,CONTOSO.IX_WAREHOUSE_REGION,INDEX,contoso.ix_warehouse_region,Converted,no,
INDEX,CONTOSO.UQ_MV_CUSTOMER_RFM,INDEX,contoso.uq_mv_customer_rfm,Converted,no,
INDEX,CONTOSO.UQ_MV_STOCK_POSITION,INDEX,contoso.uq_mv_stock_position,Converted,no,
MATERIALIZED_VIEW,CONTOSO.MV_CUSTOMER_RFM,MATERIALIZED_VIEW,contoso.mv_customer_rfm,Converted,no,
MATERIALIZED_VIEW,CONTOSO.MV_PROMOTION_UPLIFT,MATERIALIZED_VIEW,contoso.if,Not-Converted,yes,"Convert the required dependency first. Azure PostgreSQL code passed the compilation check, but this object is not included in the deployment script because it depends on a temporary version of the required dependency. Convert the dependency, then run conversion again and confirm that this object is included. Reference: CVT-242"
MATERIALIZED_VIEW,CONTOSO.MV_SALES_DAILY_STORE,MATERIALIZED_VIEW,contoso.mv_sales_daily_store,Not-Converted,yes,"Review and correct the generated code. Best-effort Azure PostgreSQL code was generated, but it is not included in the deployment script and its behavior is unverified. Compare it with the source, correct it, and test it before deploying separately. Reference: CVT-366"
MATERIALIZED_VIEW,CONTOSO.MV_SALES_MONTHLY_CATEGORY,INDEX,contoso.ix_mv_sales_monthly_category_dim,Not-Converted,yes,"Review and correct the generated code. Best-effort Azure PostgreSQL code was generated, but it is not included in the deployment script and its behavior is unverified. Compare it with the source, correct it, and test it before deploying separately. Reference: CVT-366"
MATERIALIZED_VIEW,CONTOSO.MV_STOCK_POSITION,MATERIALIZED_VIEW,contoso.mv_stock_position,Converted,no,
MATERIALIZED_VIEW,CONTOSO.MV_SUPPLIER_PERFORMANCE,MATERIALIZED_VIEW,contoso.mv_supplier_performance,Converted,no,
PACKAGE_BODY,CONTOSO.PKG_AUDIT,PACKAGE_BODY,contoso.pkg_audit,Not-Converted,yes,"Verify that the functionality is present. Deployable Azure PostgreSQL code could not be generated for this object, and it has no separate entry in the deployment script. Check whether the related object contains its functionality; if it does not, implement the missing Azure PostgreSQL behavior, test it, and deploy it separately. Reference: CVT-124"
FUNCTION,CONTOSO.PKG_AUDIT.audit_count,FUNCTION,contoso.pkg_audit$audit_count(),Not-Converted,yes,"Review and correct the generated code. Best-effort Azure PostgreSQL code was generated, but it is not included in the deployment script and its behavior is unverified. Compare it with the source, correct it, and test it before deploying separately. Reference: CVT-366"
PROCEDURE,CONTOSO.PKG_AUDIT.purge_before,FUNCTION,contoso.pkg_audit$purge_before(),Not-Converted,yes,"Review and correct the generated code. Best-effort Azure PostgreSQL code was generated, but it is not included in the deployment script and its behavior is unverified. Compare it with the source, correct it, and test it before deploying separately. Reference: CVT-366"
PROCEDURE,CONTOSO.PKG_AUDIT.write_audit,FUNCTION,"contoso.pkg_audit$write_audit(p_table_name varchar, p_pk_value varchar, p_action varchar, p_old_row text, p_new_row text)",Not-Converted,yes,"Review and correct the generated code. Best-effort Azure PostgreSQL code was generated, but it is not included in the deployment script and its behavior is unverified. Compare it with the source, correct it, and test it before deploying separately. Reference: CVT-366"
PROCEDURE,CONTOSO.PKG_AUDIT.write_audit,FUNCTION,"contoso.pkg_audit$write_audit(p_table_name varchar, p_pk_value varchar, p_action varchar)",Not-Converted,yes,"Review and correct the generated code. Best-effort Azure PostgreSQL code was generated, but it is not included in the deployment script and its behavior is unverified. Compare it with the source, correct it, and test it before deploying separately. Reference: CVT-366"
PROCEDURE,CONTOSO.PKG_AUDIT.write_audit,FUNCTION,"contoso.pkg_audit$write_audit(p_table_name varchar, p_pk_value varchar, p_action varchar, p_old_row varchar, p_new_row varchar)",Not-Converted,yes,"Review and correct the generated code. Best-effort Azure PostgreSQL code was generated, but it is not included in the deployment script and its behavior is unverified. Compare it with the source, correct it, and test it before deploying separately. Reference: CVT-366"
PACKAGE_BODY,CONTOSO.PKG_CATALOG,PACKAGE_BODY,contoso.pkg_catalog,Converted,no,"Verify the related object. Azure PostgreSQL code was generated for this object, but this type of object does not get its own entry in the deployment script. Confirm that its behavior is present in the related object and test that object with representative data. Reference: CVT-121"
PACKAGE_STATE,CONTOSO.PKG_CATALOG.__state__,FUNCTION,contoso.ora_sqlcode(),Converted,no,
PACKAGE_STATE,CONTOSO.PKG_CATALOG.__state__,FUNCTION,contoso.pkg_catalog$e_duplicate_sku(),Converted,no,
PACKAGE_STATE,CONTOSO.PKG_CATALOG.__state__,FUNCTION,contoso.pkg_catalog$e_unknown_category(),Converted,no,
FUNCTION,CONTOSO.PKG_CATALOG.add_product,FUNCTION,"contoso.pkg_catalog$add_product(p_sku varchar, p_name varchar, p_category_code varchar, p_brand_code varchar, p_list_price numeric, p_unit_cost numeric)",Not-Converted,yes,"Convert the required dependency first. Azure PostgreSQL code passed the compilation check, but this object is not included in the deployment script because it depends on a temporary version of the required dependency. Convert the dependency, then run conversion again and confirm that this object is included. Reference: CVT-242"
FUNCTION,CONTOSO.PKG_CATALOG.add_product,FUNCTION,"contoso.pkg_catalog$add_product(p_sku varchar, p_name varchar, p_category_id numeric)",Not-Converted,yes,"Convert the required dependency first. Azure PostgreSQL code passed the compilation check, but this object is not included in the deployment script because it depends on a temporary version of the required dependency. Convert the dependency, then run conversion again and confirm that this object is included. Reference: CVT-242"
PROCEDURE,CONTOSO.PKG_CATALOG.add_product,PROCEDURE,contoso.pkg_catalog$add_product(),Converted,no,
FUNCTION,CONTOSO.PKG_CATALOG.add_product,FUNCTION,"contoso.pkg_catalog$add_product(p_sku varchar, p_name varchar, p_category_code varchar, p_attributes contoso.t_product_attr_tab)",Not-Converted,yes,"Convert the required dependency first. Azure PostgreSQL code passed the compilation check, but this object is not included in the deployment script because it depends on a temporary version of the required dependency. Convert the dependency, then run conversion again and confirm that this object is included. Reference: CVT-242"
FUNCTION,CONTOSO.PKG_CATALOG.add_product,FUNCTION,"contoso.pkg_catalog$add_product(p_sku varchar, p_name varchar, p_category_code varchar)",Not-Converted,no,"Convert the required dependency first. Azure PostgreSQL code passed the compilation check, but this object is not included in the deployment script because it depends on a temporary version of the required dependency. Convert the dependency, then run conversion again and confirm that this object is included. Reference: CVT-242"
FUNCTION,CONTOSO.PKG_CATALOG.category_depth,FUNCTION,contoso.pkg_catalog$category_depth(),Converted,yes,
FUNCTION,CONTOSO.PKG_CATALOG.category_id_for,FUNCTION,contoso.pkg_catalog$category_id_for(),Converted,no,
FUNCTION,CONTOSO.PKG_CATALOG.category_path,FUNCTION,contoso.pkg_catalog$category_path(),Converted,yes,
FUNCTION,CONTOSO.PKG_CATALOG.leaf_categories,FUNCTION,contoso.pkg_catalog$leaf_categories(),Converted,yes,
PROCEDURE,CONTOSO.PKG_CATALOG.retire_sku,PROCEDURE,contoso.pkg_catalog$retire_sku(),Not-Converted,yes,"Convert the required dependency first. Azure PostgreSQL code passed the compilation check, but this object is not included in the deployment script because it depends on a temporary version of the required dependency. Convert the dependency, then run conversion again and confirm that this object is included. Reference: CVT-242"
FUNCTION,CONTOSO.PKG_CATALOG.spec_attribute,FUNCTION,contoso.pkg_catalog$spec_attribute(),Converted,yes,
PACKAGE_BODY,CONTOSO.PKG_ERROR,PACKAGE_BODY,contoso.pkg_error,Converted,no,"Verify the related object. Azure PostgreSQL code was generated for this object, but this type of object does not get its own entry in the deployment script. Confirm that its behavior is present in the related object and test that object with representative data. Reference: CVT-121"
PACKAGE_STATE,CONTOSO.PKG_ERROR.__state__,FUNCTION,contoso.pkg_error$e_child_record_found(),Converted,no,
PACKAGE_STATE,CONTOSO.PKG_ERROR.__state__,FUNCTION,contoso.pkg_error$e_dup_val_on_index(),Converted,no,
PACKAGE_STATE,CONTOSO.PKG_ERROR.__state__,FUNCTION,contoso.pkg_error$e_not_null_violated(),Converted,no,
PACKAGE_STATE,CONTOSO.PKG_ERROR.__state__,FUNCTION,contoso.pkg_error$e_parent_key_missing(),Converted,no,
PACKAGE_STATE,CONTOSO.PKG_ERROR.__state__,FUNCTION,contoso.pkg_error$e_resource_busy(),Converted,no,
PACKAGE_STATE,CONTOSO.PKG_ERROR.__state__,FUNCTION,contoso.pkg_error$e_value_too_large(),Converted,no,
FUNCTION,CONTOSO.PKG_ERROR.classify_sqlcode,FUNCTION,contoso.pkg_error$classify_sqlcode(),Converted,no,
PROCEDURE,CONTOSO.PKG_ERROR.log_and_reraise,FUNCTION,contoso.pkg_error$log_and_reraise(),Converted,yes,
PROCEDURE,CONTOSO.PKG_ERROR.log_error,FUNCTION,contoso.pkg_error$log_error(),Converted,yes,
PACKAGE_BODY,CONTOSO.PKG_ETL_EXPORT,PACKAGE_BODY,contoso.pkg_etl_export,Not-Converted,yes,"Verify that the functionality is present. Deployable Azure PostgreSQL code could not be generated for this object, and it has no separate entry in the deployment script. Check whether the related object contains its functionality; if it does not, implement the missing Azure PostgreSQL behavior, test it, and deploy it separately. Reference: CVT-124"
PACKAGE_STATE,CONTOSO.PKG_ETL_EXPORT.__state__,FUNCTION,contoso.pkg_etl_export$e_directory_missing(),Not-Converted,yes,"Review and correct the generated code. Best-effort Azure PostgreSQL code was generated, but it is not included in the deployment script and its behavior is unverified. Compare it with the source, correct it, and test it before deploying separately. Reference: CVT-366"
PACKAGE_STATE,CONTOSO.PKG_ETL_EXPORT.__state__,FUNCTION,contoso.pkg_etl_export$g_directory(),Not-Converted,yes,"Review and correct the generated code. Best-effort Azure PostgreSQL code was generated, but it is not included in the deployment script and its behavior is unverified. Compare it with the source, correct it, and test it before deploying separately. Reference: CVT-366"
FUNCTION,CONTOSO.PKG_ETL_EXPORT.build_order_document,FUNCTION,contoso.pkg_etl_export$build_order_document(),Not-Converted,yes,"Review and correct the generated code. Best-effort Azure PostgreSQL code was generated, but it is not included in the deployment script and its behavior is unverified. Compare it with the source, correct it, and test it before deploying separately. Reference: CVT-366"
PROCEDURE,CONTOSO.PKG_ETL_EXPORT.dump_to_output,FUNCTION,contoso.pkg_etl_export$dump_to_output(),Not-Converted,yes,"Review and correct the generated code. Best-effort Azure PostgreSQL code was generated, but it is not included in the deployment script and its behavior is unverified. Compare it with the source, correct it, and test it before deploying separately. Reference: CVT-366"
PROCEDURE,CONTOSO.PKG_ETL_EXPORT.write_sales_extract,FUNCTION,contoso.pkg_etl_export$write_sales_extract(),Not-Converted,yes,"Review and correct the generated code. Best-effort Azure PostgreSQL code was generated, but it is not included in the deployment script and its behavior is unverified. Compare it with the source, correct it, and test it before deploying separately. Reference: CVT-366"
PACKAGE_BODY,CONTOSO.PKG_FINANCE_GL,PACKAGE_BODY,contoso.pkg_finance_gl,Not-Converted,yes,"Verify that the functionality is present. Deployable Azure PostgreSQL code could not be generated for this object, and it has no separate entry in the deployment script. Check whether the related object contains its functionality; if it does not, implement the missing Azure PostgreSQL behavior, test it, and deploy it separately. Reference: CVT-124"
PACKAGE_STATE,CONTOSO.PKG_FINANCE_GL.__state__,FUNCTION,contoso.pkg_finance_gl$e_period_closed(),Not-Converted,yes,"Review and correct the generated code. Best-effort Azure PostgreSQL code was generated, but it is not included in the deployment script and its behavior is unverified. Compare it with the source, correct it, and test it before deploying separately. Reference: CVT-366"
PACKAGE_STATE,CONTOSO.PKG_FINANCE_GL.__state__,FUNCTION,contoso.pkg_finance_gl$e_unbalanced_journal(),Not-Converted,yes,"Review and correct the generated code. Best-effort Azure PostgreSQL code was generated, but it is not included in the deployment script and its behavior is unverified. Compare it with the source, correct it, and test it before deploying separately. Reference: CVT-366"
PACKAGE_STATE,CONTOSO.PKG_FINANCE_GL.__state__,FUNCTION,contoso.pkg_finance_gl$e_unknown_period(),Not-Converted,yes,"Review and correct the generated code. Best-effort Azure PostgreSQL code was generated, but it is not included in the deployment script and its behavior is unverified. Compare it with the source, correct it, and test it before deploying separately. Reference: CVT-366"
PACKAGE_STATE,CONTOSO.PKG_FINANCE_GL.__state__,TYPE,contoso.pkg_finance_gl$t_leg,Not-Converted,yes,"Review and correct the generated code. Best-effort Azure PostgreSQL code was generated, but it is not included in the deployment script and its behavior is unverified. Compare it with the source, correct it, and test it before deploying separately. Reference: CVT-366"
PROCEDURE,CONTOSO.PKG_FINANCE_GL.assert_period_open,FUNCTION,contoso.pkg_finance_gl$assert_period_open(),Converted,no,
FUNCTION,CONTOSO.PKG_FINANCE_GL.make_ref,FUNCTION,contoso.pkg_finance_gl$make_ref(),Converted,no,
FUNCTION,CONTOSO.PKG_FINANCE_GL.next_batch,FUNCTION,contoso.pkg_finance_gl$next_batch(),Converted,yes,
PROCEDURE,CONTOSO.PKG_FINANCE_GL.post_control_total,FUNCTION,contoso.pkg_finance_gl$post_control_total(),Converted,yes,
PROCEDURE,CONTOSO.PKG_FINANCE_GL.post_journal,FUNCTION,"contoso.pkg_finance_gl$post_journal(p_period_id NUMERIC, p_source_module VARCHAR, p_journal_date TIMESTAMP, p_description VARCHAR, p_debit_leg contoso.pkg_finance_gl$t_leg, p_credit_leg contoso.pkg_finance_gl$t_leg, OUT p_journal_id NUMERIC)",Not-Converted,yes,"Review and correct the generated code. Best-effort Azure PostgreSQL code was generated, but it is not included in the deployment script and its behavior is unverified. Compare it with the source, correct it, and test it before deploying separately. Reference: CVT-366"
PROCEDURE,CONTOSO.PKG_FINANCE_GL.post_journal,TYPE,contoso.if,Not-Converted,yes,"Review and correct the generated code. Best-effort Azure PostgreSQL code was generated, but it is not included in the deployment script and its behavior is unverified. Compare it with the source, correct it, and test it before deploying separately. Reference: CVT-366"
PROCEDURE,CONTOSO.PKG_FINANCE_GL.post_journal,FUNCTION,"contoso.pkg_finance_gl$post_journal(p_period_id numeric, p_source_module varchar, p_journal_date date, p_description varchar, p_debit_account varchar, p_credit_account varchar, p_amount numeric, p_currency_code varchar, p_store_id numeric, OUT p_journal_id numeric)",Not-Converted,yes,"Review and correct the generated code. Best-effort Azure PostgreSQL code was generated, but it is not included in the deployment script and its behavior is unverified. Compare it with the source, correct it, and test it before deploying separately. Reference: CVT-366"
PACKAGE_BODY,CONTOSO.PKG_FULFILMENT,PACKAGE_BODY,contoso.pkg_fulfilment,Converted,no,"Verify the related object. Azure PostgreSQL code was generated for this object, but this type of object does not get its own entry in the deployment script. Confirm that its behavior is present in the related object and test that object with representative data. Reference: CVT-121"
PACKAGE_STATE,CONTOSO.PKG_FULFILMENT.__state__,DOMAIN,contoso.pkg_fulfilment$t_order_cur,Converted,no,
PACKAGE_STATE,CONTOSO.PKG_FULFILMENT.__state__,DOMAIN,contoso.sys_refcursor,Converted,no,
PROCEDURE,CONTOSO.PKG_FULFILMENT.allocate_order,FUNCTION,contoso.pkg_fulfilment$allocate_order(),Converted,yes,
PROCEDURE,CONTOSO.PKG_FULFILMENT.claim_next_pick,FUNCTION,contoso.pkg_fulfilment$claim_next_pick(),Converted,yes,
PROCEDURE,CONTOSO.PKG_FULFILMENT.create_shipment,FUNCTION,contoso.pkg_fulfilment$create_shipment(),Not-Converted,yes,"Convert the required dependency first. Azure PostgreSQL code passed the compilation check, but this object is not included in the deployment script because it depends on a temporary version of the required dependency. Convert the dependency, then run conversion again and confirm that this object is included. Reference: CVT-242"
FUNCTION,CONTOSO.PKG_FULFILMENT.get_pick_list,FUNCTION,contoso.pkg_fulfilment$get_pick_list(),Converted,yes,
FUNCTION,CONTOSO.PKG_FULFILMENT.open_order_cursor,FUNCTION,contoso.pkg_fulfilment$open_order_cursor(),Converted,yes,
PACKAGE_BODY,CONTOSO.PKG_GEN_IFC_IN_001,PACKAGE_BODY,contoso.pkg_gen_ifc_in_001,Not-Converted,yes,"Verify that the functionality is present. Deployable Azure PostgreSQL code could not be generated for this object, and it has no separate entry in the deployment script. Check whether the related object contains its functionality; if it does not, implement the missing Azure PostgreSQL behavior, test it, and deploy it separately. Reference: CVT-124"
PACKAGE_STATE,CONTOSO.PKG_GEN_IFC_IN_001.__state__,DOMAIN,contoso.pkg_gen_ifc_in_001$t_row_tab,Not-Converted,yes,"Review and correct the generated code. Best-effort Azure PostgreSQL code was generated, but it is not included in the deployment script and its behavior is unverified. Compare it with the source, correct it, and test it before deploying separately. Reference: CVT-366"
PACKAGE_STATE,CONTOSO.PKG_GEN_IFC_IN_001.__state__,FUNCTION,contoso.pkg_gen_ifc_in_001$e_batch_rejected(),Not-Converted,yes,"Review and correct the generated code. Best-effort Azure PostgreSQL code was generated, but it is not included in the deployment script and its behavior is unverified. Compare it with the source, correct it, and test it before deploying separately. Reference: CVT-366"
PACKAGE_STATE,CONTOSO.PKG_GEN_IFC_IN_001.__state__,FUNCTION,contoso.pkg_gen_ifc_in_001$e_transport_down(),Not-Converted,yes,"Review and correct the generated code. Best-effort Azure PostgreSQL code was generated, but it is not included in the deployment script and its behavior is unverified. Compare it with the source, correct it, and test it before deploying separately. Reference: CVT-366"
PACKAGE_STATE,CONTOSO.PKG_GEN_IFC_IN_001.__state__,FUNCTION,contoso.pkg_gen_ifc_in_001$g_batch_limit(),Not-Converted,yes,"Review and correct the generated code. Best-effort Azure PostgreSQL code was generated, but it is not included in the deployment script and its behavior is unverified. Compare it with the source, correct it, and test it before deploying separately. Reference: CVT-366"
PACKAGE_STATE,CONTOSO.PKG_GEN_IFC_IN_001.__state__,FUNCTION,contoso.pkg_gen_ifc_in_001$g_direction(),Not-Converted,yes,"Review and correct the generated code. Best-effort Azure PostgreSQL code was generated, but it is not included in the deployment script and its behavior is unverified. Compare it with the source, correct it, and test it before deploying separately. Reference: CVT-366"
PACKAGE_STATE,CONTOSO.PKG_GEN_IFC_IN_001.__state__,FUNCTION,contoso.pkg_gen_ifc_in_001$g_entity(),Not-Converted,yes,"Review and correct the generated code. Best-effort Azure PostgreSQL code was generated, but it is not included in the deployment script and its behavior is unverified. Compare it with the source, correct it, and test it before deploying separately. Reference: CVT-366"
PACKAGE_STATE,CONTOSO.PKG_GEN_IFC_IN_001.__state__,FUNCTION,contoso.pkg_gen_ifc_in_001$g_run_id(),Not-Converted,yes,"Review and correct the generated code. Best-effort Azure PostgreSQL code was generated, but it is not included in the deployment script and its behavior is unverified. Compare it with the source, correct it, and test it before deploying separately. Reference: CVT-366"
PACKAGE_STATE,CONTOSO.PKG_GEN_IFC_IN_001.__state__,FUNCTION,contoso.pkg_gen_ifc_in_001$g_system_code(),Not-Converted,yes,"Review and correct the generated code. Best-effort Azure PostgreSQL code was generated, but it is not included in the deployment script and its behavior is unverified. Compare it with the source, correct it, and test it before deploying separately. Reference: CVT-366"
PACKAGE_STATE,CONTOSO.PKG_GEN_IFC_IN_001.__state__,FUNCTION,contoso.pkg_gen_ifc_in_001$g_transport(),Not-Converted,yes,"Review and correct the generated code. Best-effort Azure PostgreSQL code was generated, but it is not included in the deployment script and its behavior is unverified. Compare it with the source, correct it, and test it before deploying separately. Reference: CVT-366"
PACKAGE_STATE,CONTOSO.PKG_GEN_IFC_IN_001.__state__,FUNCTION,contoso.pkg_gen_ifc_in_001$set_run_id(),Not-Converted,yes,"Review and correct the generated code. Best-effort Azure PostgreSQL code was generated, but it is not included in the deployment script and its behavior is unverified. Compare it with the source, correct it, and test it before deploying separately. Reference: CVT-366"
PACKAGE_STATE,CONTOSO.PKG_GEN_IFC_IN_001.__state__,TYPE,contoso.pkg_gen_ifc_in_001$t_row,Not-Converted,yes,"Review and correct the generated code. Best-effort Azure PostgreSQL code was generated, but it is not included in the deployment script and its behavior is unverified. Compare it with the source, correct it, and test it before deploying separately. Reference: CVT-366"
FUNCTION,CONTOSO.PKG_GEN_IFC_IN_001.batch_ref,FUNCTION,contoso.pkg_gen_ifc_in_001$batch_ref(),Not-Converted,yes,"Review and correct the generated code. Best-effort Azure PostgreSQL code was generated, but it is not included in the deployment script and its behavior is unverified. Compare it with the source, correct it, and test it before deploying separately. Reference: CVT-366"
PROCEDURE,CONTOSO.PKG_GEN_IFC_IN_001.import_batch,FUNCTION,contoso.pkg_gen_ifc_in_001$import_batch(),Not-Converted,yes,"Review and correct the generated code. Best-effort Azure PostgreSQL code was generated, but it is not included in the deployment script and its behavior is unverified. Compare it with the source, correct it, and test it before deploying separately. Reference: CVT-366"
FUNCTION,CONTOSO.PKG_GEN_IFC_IN_001.open_feed,FUNCTION,contoso.pkg_gen_ifc_in_001$open_feed(),Not-Converted,yes,"Review and correct the generated code. Best-effort Azure PostgreSQL code was generated, but it is not included in the deployment script and its behavior is unverified. Compare it with the source, correct it, and test it before deploying separately. Reference: CVT-366"
FUNCTION,CONTOSO.PKG_GEN_IFC_IN_001.pending_count,FUNCTION,contoso.pkg_gen_ifc_in_001$pending_count(),Not-Converted,yes,"Review and correct the generated code. Best-effort Azure PostgreSQL code was generated, but it is not included in the deployment script and its behavior is unverified. Compare it with the source, correct it, and test it before deploying separately. Reference: CVT-366"
PROCEDURE,CONTOSO.PKG_GEN_IFC_IN_001.quarantine,PROCEDURE,contoso.pkg_gen_ifc_in_001$quarantine(),Not-Converted,yes,"Review and correct the generated code. Best-effort Azure PostgreSQL code was generated, but it is not included in the deployment script and its behavior is unverified. Compare it with the source, correct it, and test it before deploying separately. Reference: CVT-366"
PROCEDURE,CONTOSO.PKG_GEN_IFC_IN_001.reconcile,PROCEDURE,contoso.pkg_gen_ifc_in_001$reconcile(),Not-Converted,yes,"Review and correct the generated code. Best-effort Azure PostgreSQL code was generated, but it is not included in the deployment script and its behavior is unverified. Compare it with the source, correct it, and test it before deploying separately. Reference: CVT-366"
PACKAGE_BODY,CONTOSO.PKG_GEN_IFC_IN_003,PACKAGE_BODY,contoso.pkg_gen_ifc_in_003,Not-Converted,yes,"Verify that the functionality is present. Deployable Azure PostgreSQL code could not be generated for this object, and it has no separate entry in the deployment script. Check whether the related object contains its functionality; if it does not, implement the missing Azure PostgreSQL behavior, test it, and deploy it separately. Reference: CVT-124"
PACKAGE_STATE,CONTOSO.PKG_GEN_IFC_IN_003.__state__,DOMAIN,contoso.pkg_gen_ifc_in_003$t_row_tab,Not-Converted,yes,"Review and correct the generated code. Best-effort Azure PostgreSQL code was generated, but it is not included in the deployment script and its behavior is unverified. Compare it with the source, correct it, and test it before deploying separately. Reference: CVT-366"
PACKAGE_STATE,CONTOSO.PKG_GEN_IFC_IN_003.__state__,FUNCTION,contoso.pkg_gen_ifc_in_003$e_batch_rejected(),Not-Converted,yes,"Review and correct the generated code. Best-effort Azure PostgreSQL code was generated, but it is not included in the deployment script and its behavior is unverified. Compare it with the source, correct it, and test it before deploying separately. Reference: CVT-366"
PACKAGE_STATE,CONTOSO.PKG_GEN_IFC_IN_003.__state__,FUNCTION,contoso.pkg_gen_ifc_in_003$e_transport_down(),Not-Converted,yes,"Review and correct the generated code. Best-effort Azure PostgreSQL code was generated, but it is not included in the deployment script and its behavior is unverified. Compare it with the source, correct it, and test it before deploying separately. Reference: CVT-366"
PACKAGE_STATE,CONTOSO.PKG_GEN_IFC_IN_003.__state__,FUNCTION,contoso.pkg_gen_ifc_in_003$g_batch_limit(),Not-Converted,yes,"Review and correct the generated code. Best-effort Azure PostgreSQL code was generated, but it is not included in the deployment script and its behavior is unverified. Compare it with the source, correct it, and test it before deploying separately. Reference: CVT-366"
PACKAGE_STATE,CONTOSO.PKG_GEN_IFC_IN_003.__state__,FUNCTION,contoso.pkg_gen_ifc_in_003$g_direction(),Not-Converted,yes,"Review and correct the generated code. Best-effort Azure PostgreSQL code was generated, but it is not included in the deployment script and its behavior is unverified. Compare it with the source, correct it, and test it before deploying separately. Reference: CVT-366"
PACKAGE_STATE,CONTOSO.PKG_GEN_IFC_IN_003.__state__,FUNCTION,contoso.pkg_gen_ifc_in_003$g_entity(),Not-Converted,yes,"Review and correct the generated code. Best-effort Azure PostgreSQL code was generated, but it is not included in the deployment script and its behavior is unverified. Compare it with the source, correct it, and test it before deploying separately. Reference: CVT-366"
PACKAGE_STATE,CONTOSO.PKG_GEN_IFC_IN_003.__state__,FUNCTION,contoso.pkg_gen_ifc_in_003$g_run_id_get(),Not-Converted,yes,"Review and correct the generated code. Best-effort Azure PostgreSQL code was generated, but it is not included in the deployment script and its behavior is unverified. Compare it with the source, correct it, and test it before deploying separately. Reference: CVT-366"
PACKAGE_STATE,CONTOSO.PKG_GEN_IFC_IN_003.__state__,FUNCTION,contoso.pkg_gen_ifc_in_003$g_run_id_reset(),Not-Converted,yes,"Review and correct the generated code. Best-effort Azure PostgreSQL code was generated, but it is not included in the deployment script and its behavior is unverified. Compare it with the source, correct it, and test it before deploying separately. Reference: CVT-366"
PACKAGE_STATE,CONTOSO.PKG_GEN_IFC_IN_003.__state__,FUNCTION,contoso.pkg_gen_ifc_in_003$g_run_id_set(),Not-Converted,yes,"Review and correct the generated code. Best-effort Azure PostgreSQL code was generated, but it is not included in the deployment script and its behavior is unverified. Compare it with the source, correct it, and test it before deploying separately. Reference: CVT-366"
PACKAGE_STATE,CONTOSO.PKG_GEN_IFC_IN_003.__state__,FUNCTION,contoso.pkg_gen_ifc_in_003$g_system_code(),Not-Converted,yes,"Review and correct the generated code. Best-effort Azure PostgreSQL code was generated, but it is not included in the deployment script and its behavior is unverified. Compare it with the source, correct it, and test it before deploying separately. Reference: CVT-366"
PACKAGE_STATE,CONTOSO.PKG_GEN_IFC_IN_003.__state__,FUNCTION,contoso.pkg_gen_ifc_in_003$g_transport(),Not-Converted,yes,"Review and correct the generated code. Best-effort Azure PostgreSQL code was generated, but it is not included in the deployment script and its behavior is unverified. Compare it with the source, correct it, and test it before deploying separately. Reference: CVT-366"
PACKAGE_STATE,CONTOSO.PKG_GEN_IFC_IN_003.__state__,TYPE,contoso.pkg_gen_ifc_in_003$t_row,Not-Converted,yes,"Review and correct the generated code. Best-effort Azure PostgreSQL code was generated, but it is not included in the deployment script and its behavior is unverified. Compare it with the source, correct it, and test it before deploying separately. Reference: CVT-366"
FUNCTION,CONTOSO.PKG_GEN_IFC_IN_003.batch_ref,FUNCTION,contoso.pkg_gen_ifc_in_003$batch_ref(),Not-Converted,yes,"Review and correct the generated code. Best-effort Azure PostgreSQL code was generated, but it is not included in the deployment script and its behavior is unverified. Compare it with the source, correct it, and test it before deploying separately. Reference: CVT-366"
PROCEDURE,CONTOSO.PKG_GEN_IFC_IN_003.import_batch,PROCEDURE,contoso.pkg_gen_ifc_in_003$import_batch(),Not-Converted,yes,"Review and correct the generated code. Best-effort Azure PostgreSQL code was generated, but it is not included in the deployment script and its behavior is unverified. Compare it with the source, correct it, and test it before deploying separately. Reference: CVT-366"
FUNCTION,CONTOSO.PKG_GEN_IFC_IN_003.pending_count,FUNCTION,contoso.pkg_gen_ifc_in_003$pending_count(),Not-Converted,yes,"Review and correct the generated code. Best-effort Azure PostgreSQL code was generated, but it is not included in the deployment script and its behavior is unverified. Compare it with the source, correct it, and test it before deploying separately. Reference: CVT-366"
PROCEDURE,CONTOSO.PKG_GEN_IFC_IN_003.quarantine,FUNCTION,contoso.pkg_gen_ifc_in_003$quarantine(),Not-Converted,yes,"Review and correct the generated code. Best-effort Azure PostgreSQL code was generated, but it is not included in the deployment script and its behavior is unverified. Compare it with the source, correct it, and test it before deploying separately. Reference: CVT-366"
PROCEDURE,CONTOSO.PKG_GEN_IFC_IN_003.reconcile,FUNCTION,contoso.pkg_gen_ifc_in_003$reconcile(),Not-Converted,yes,"Review and correct the generated code. Best-effort Azure PostgreSQL code was generated, but it is not included in the deployment script and its behavior is unverified. Compare it with the source, correct it, and test it before deploying separately. Reference: CVT-366"
FUNCTION,CONTOSO.PKG_GEN_IFC_IN_003.resolve_key,FUNCTION,contoso.pkg_gen_ifc_in_003$resolve_key(p_key varchar),Not-Converted,yes,"Review and correct the generated code. Best-effort Azure PostgreSQL code was generated, but it is not included in the deployment script and its behavior is unverified. Compare it with the source, correct it, and test it before deploying separately. Reference: CVT-366"
FUNCTION,CONTOSO.PKG_GEN_IFC_IN_003.resolve_key,FUNCTION,contoso.pkg_gen_ifc_in_003$resolve_key(p_key numeric),Not-Converted,yes,"Review and correct the generated code. Best-effort Azure PostgreSQL code was generated, but it is not included in the deployment script and its behavior is unverified. Compare it with the source, correct it, and test it before deploying separately. Reference: CVT-366"
FUNCTION,CONTOSO.PKG_GEN_IFC_IN_003.resolve_key,FUNCTION,contoso.pkg_gen_ifc_in_003$resolve_key(p_key timestamp),Not-Converted,yes,"Review and correct the generated code. Best-effort Azure PostgreSQL code was generated, but it is not included in the deployment script and its behavior is unverified. Compare it with the source, correct it, and test it before deploying separately. Reference: CVT-366"
PACKAGE_BODY,CONTOSO.PKG_GEN_IFC_IN_005,PACKAGE_BODY,contoso.pkg_gen_ifc_in_005,Not-Converted,yes,"Verify that the functionality is present. Deployable Azure PostgreSQL code could not be generated for this object, and it has no separate entry in the deployment script. Check whether the related object contains its functionality; if it does not, implement the missing Azure PostgreSQL behavior, test it, and deploy it separately. Reference: CVT-124"
PACKAGE_STATE,CONTOSO.PKG_GEN_IFC_IN_005.__state__,DOMAIN,contoso.pkg_gen_ifc_in_005$t_row_tab,Not-Converted,yes,"Review and correct the generated code. Best-effort Azure PostgreSQL code was generated, but it is not included in the deployment script and its behavior is unverified. Compare it with the source, correct it, and test it before deploying separately. Reference: CVT-366"
PACKAGE_STATE,CONTOSO.PKG_GEN_IFC_IN_005.__state__,FUNCTION,contoso.pkg_gen_ifc_in_005$clear_g_run_id(),Not-Converted,yes,"Review and correct the generated code. Best-effort Azure PostgreSQL code was generated, but it is not included in the deployment script and its behavior is unverified. Compare it with the source, correct it, and test it before deploying separately. Reference: CVT-366"
PACKAGE_STATE,CONTOSO.PKG_GEN_IFC_IN_005.__state__,FUNCTION,contoso.pkg_gen_ifc_in_005$e_batch_rejected(),Not-Converted,yes,"Review and correct the generated code. Best-effort Azure PostgreSQL code was generated, but it is not included in the deployment script and its behavior is unverified. Compare it with the source, correct it, and test it before deploying separately. Reference: CVT-366"
PACKAGE_STATE,CONTOSO.PKG_GEN_IFC_IN_005.__state__,FUNCTION,contoso.pkg_gen_ifc_in_005$e_transport_down(),Not-Converted,yes,"Review and correct the generated code. Best-effort Azure PostgreSQL code was generated, but it is not included in the deployment script and its behavior is unverified. Compare it with the source, correct it, and test it before deploying separately. Reference: CVT-366"
PACKAGE_STATE,CONTOSO.PKG_GEN_IFC_IN_005.__state__,FUNCTION,contoso.pkg_gen_ifc_in_005$g_batch_limit(),Not-Converted,yes,"Review and correct the generated code. Best-effort Azure PostgreSQL code was generated, but it is not included in the deployment script and its behavior is unverified. Compare it with the source, correct it, and test it before deploying separately. Reference: CVT-366"
PACKAGE_STATE,CONTOSO.PKG_GEN_IFC_IN_005.__state__,FUNCTION,contoso.pkg_gen_ifc_in_005$g_direction(),Not-Converted,yes,"Review and correct the generated code. Best-effort Azure PostgreSQL code was generated, but it is not included in the deployment script and its behavior is unverified. Compare it with the source, correct it, and test it before deploying separately. Reference: CVT-366"
PACKAGE_STATE,CONTOSO.PKG_GEN_IFC_IN_005.__state__,FUNCTION,contoso.pkg_gen_ifc_in_005$g_entity(),Not-Converted,yes,"Review and correct the generated code. Best-effort Azure PostgreSQL code was generated, but it is not included in the deployment script and its behavior is unverified. Compare it with the source, correct it, and test it before deploying separately. Reference: CVT-366"
PACKAGE_STATE,CONTOSO.PKG_GEN_IFC_IN_005.__state__,FUNCTION,contoso.pkg_gen_ifc_in_005$g_run_id(),Not-Converted,yes,"Review and correct the generated code. Best-effort Azure PostgreSQL code was generated, but it is not included in the deployment script and its behavior is unverified. Compare it with the source, correct it, and test it before deploying separately. Reference: CVT-366"
PACKAGE_STATE,CONTOSO.PKG_GEN_IFC_IN_005.__state__,FUNCTION,contoso.pkg_gen_ifc_in_005$g_system_code(),Not-Converted,yes,"Review and correct the generated code. Best-effort Azure PostgreSQL code was generated, but it is not included in the deployment script and its behavior is unverified. Compare it with the source, correct it, and test it before deploying separately. Reference: CVT-366"
PACKAGE_STATE,CONTOSO.PKG_GEN_IFC_IN_005.__state__,FUNCTION,contoso.pkg_gen_ifc_in_005$g_transport(),Not-Converted,yes,"Review and correct the generated code. Best-effort Azure PostgreSQL code was generated, but it is not included in the deployment script and its behavior is unverified. Compare it with the source, correct it, and test it before deploying separately. Reference: CVT-366"
PACKAGE_STATE,CONTOSO.PKG_GEN_IFC_IN_005.__state__,FUNCTION,contoso.pkg_gen_ifc_in_005$set_g_run_id(),Not-Converted,yes,"Review and correct the generated code. Best-effort Azure PostgreSQL code was generated, but it is not included in the deployment script and its behavior is unverified. Compare it with the source, correct it, and test it before deploying separately. Reference: CVT-366"
PACKAGE_STATE,CONTOSO.PKG_GEN_IFC_IN_005.__state__,TYPE,contoso.pkg_gen_ifc_in_005$t_row,Not-Converted,yes,"Review and correct the generated code. Best-effort Azure PostgreSQL code was generated, but it is not included in the deployment script and its behavior is unverified. Compare it with the source, correct it, and test it before deploying separately. Reference: CVT-366"
FUNCTION,CONTOSO.PKG_GEN_IFC_IN_005.batch_ref,FUNCTION,contoso.pkg_gen_ifc_in_005$batch_ref(),Not-Converted,yes,"Review and correct the generated code. Best-effort Azure PostgreSQL code was generated, but it is not included in the deployment script and its behavior is unverified. Compare it with the source, correct it, and test it before deploying separately. Reference: CVT-366"
PROCEDURE,CONTOSO.PKG_GEN_IFC_IN_005.import_batch,PROCEDURE,contoso.pkg_gen_ifc_in_005$import_batch(),Not-Converted,yes,"Review and correct the generated code. Best-effort Azure PostgreSQL code was generated, but it is not included in the deployment script and its behavior is unverified. Compare it with the source, correct it, and test it before deploying separately. Reference: CVT-366"
FUNCTION,CONTOSO.PKG_GEN_IFC_IN_005.pending_count,FUNCTION,contoso.pkg_gen_ifc_in_005$pending_count(),Not-Converted,yes,"Review and correct the generated code. Best-effort Azure PostgreSQL code was generated, but it is not included in the deployment script and its behavior is unverified. Compare it with the source, correct it, and test it before deploying separately. Reference: CVT-366"
PROCEDURE,CONTOSO.PKG_GEN_IFC_IN_005.quarantine,PROCEDURE,contoso.pkg_gen_ifc_in_005$quarantine(),Not-Converted,yes,"Review and correct the generated code. Best-effort Azure PostgreSQL code was generated, but it is not included in the deployment script and its behavior is unverified. Compare it with the source, correct it, and test it before deploying separately. Reference: CVT-366"
PROCEDURE,CONTOSO.PKG_GEN_IFC_IN_005.reconcile,PROCEDURE,contoso.pkg_gen_ifc_in_005$reconcile(),Not-Converted,yes,"Review and correct the generated code. Best-effort Azure PostgreSQL code was generated, but it is not included in the deployment script and its behavior is unverified. Compare it with the source, correct it, and test it before deploying separately. Reference: CVT-366"
PACKAGE_BODY,CONTOSO.PKG_GEN_IFC_IN_007,PACKAGE_BODY,contoso.pkg_gen_ifc_in_007,Converted,no,"Verify the related object. Azure PostgreSQL code was generated for this object, but this type of object does not get its own entry in the deployment script. Confirm that its behavior is present in the related object and test that object with representative data. Reference: CVT-121"
PACKAGE_STATE,CONTOSO.PKG_GEN_IFC_IN_007.__state__,DOMAIN,contoso.pkg_gen_ifc_in_007$t_row_tab,Converted,no,
PACKAGE_STATE,CONTOSO.PKG_GEN_IFC_IN_007.__state__,FUNCTION,contoso.pkg_gen_ifc_in_007$e_batch_rejected(),Converted,no,
PACKAGE_STATE,CONTOSO.PKG_GEN_IFC_IN_007.__state__,FUNCTION,contoso.pkg_gen_ifc_in_007$e_transport_down(),Converted,no,
PACKAGE_STATE,CONTOSO.PKG_GEN_IFC_IN_007.__state__,FUNCTION,contoso.pkg_gen_ifc_in_007$g_batch_limit(),Converted,no,
PACKAGE_STATE,CONTOSO.PKG_GEN_IFC_IN_007.__state__,FUNCTION,contoso.pkg_gen_ifc_in_007$g_direction(),Converted,no,
PACKAGE_STATE,CONTOSO.PKG_GEN_IFC_IN_007.__state__,FUNCTION,contoso.pkg_gen_ifc_in_007$g_entity(),Converted,no,
PACKAGE_STATE,CONTOSO.PKG_GEN_IFC_IN_007.__state__,FUNCTION,contoso.pkg_gen_ifc_in_007$g_run_id_clear(),Converted,no,
PACKAGE_STATE,CONTOSO.PKG_GEN_IFC_IN_007.__state__,FUNCTION,contoso.pkg_gen_ifc_in_007$g_run_id_get(),Converted,no,
PACKAGE_STATE,CONTOSO.PKG_GEN_IFC_IN_007.__state__,FUNCTION,contoso.pkg_gen_ifc_in_007$g_run_id_set(),Converted,no,
PACKAGE_STATE,CONTOSO.PKG_GEN_IFC_IN_007.__state__,FUNCTION,contoso.pkg_gen_ifc_in_007$g_system_code(),Converted,no,
PACKAGE_STATE,CONTOSO.PKG_GEN_IFC_IN_007.__state__,FUNCTION,contoso.pkg_gen_ifc_in_007$g_transport(),Converted,no,
PACKAGE_STATE,CONTOSO.PKG_GEN_IFC_IN_007.__state__,TYPE,contoso.pkg_gen_ifc_in_007$t_row,Converted,no,
FUNCTION,CONTOSO.PKG_GEN_IFC_IN_007.batch_ref,FUNCTION,contoso.pkg_gen_ifc_in_007$batch_ref(),Converted,yes,
PROCEDURE,CONTOSO.PKG_GEN_IFC_IN_007.import_batch,PROCEDURE,contoso.pkg_gen_ifc_in_007$import_batch(),Converted,yes,
FUNCTION,CONTOSO.PKG_GEN_IFC_IN_007.open_feed,FUNCTION,contoso.pkg_gen_ifc_in_007$open_feed(),Converted,no,
FUNCTION,CONTOSO.PKG_GEN_IFC_IN_007.pending_count,FUNCTION,contoso.pkg_gen_ifc_in_007$pending_count(),Converted,yes,
PROCEDURE,CONTOSO.PKG_GEN_IFC_IN_007.quarantine,PROCEDURE,contoso.pkg_gen_ifc_in_007$quarantine(),Converted,yes,
PROCEDURE,CONTOSO.PKG_GEN_IFC_IN_007.reconcile,PROCEDURE,contoso.pkg_gen_ifc_in_007$reconcile(),Converted,yes,
PACKAGE_BODY,CONTOSO.PKG_GEN_IFC_IN_009,PACKAGE_BODY,contoso.pkg_gen_ifc_in_009,Converted,no,"Verify the related object. Azure PostgreSQL code was generated for this object, but this type of object does not get its own entry in the deployment script. Confirm that its behavior is present in the related object and test that object with representative data. Reference: CVT-121"
PACKAGE_STATE,CONTOSO.PKG_GEN_IFC_IN_009.__state__,DOMAIN,contoso.pkg_gen_ifc_in_009$t_row_tab,Converted,no,
PACKAGE_STATE,CONTOSO.PKG_GEN_IFC_IN_009.__state__,FUNCTION,contoso.pkg_gen_ifc_in_009$e_batch_rejected(),Converted,no,
PACKAGE_STATE,CONTOSO.PKG_GEN_IFC_IN_009.__state__,FUNCTION,contoso.pkg_gen_ifc_in_009$e_transport_down(),Converted,no,
PACKAGE_STATE,CONTOSO.PKG_GEN_IFC_IN_009.__state__,FUNCTION,contoso.pkg_gen_ifc_in_009$g_batch_limit(),Converted,no,
PACKAGE_STATE,CONTOSO.PKG_GEN_IFC_IN_009.__state__,FUNCTION,contoso.pkg_gen_ifc_in_009$g_direction(),Converted,no,
PACKAGE_STATE,CONTOSO.PKG_GEN_IFC_IN_009.__state__,FUNCTION,contoso.pkg_gen_ifc_in_009$g_entity(),Converted,no,
PACKAGE_STATE,CONTOSO.PKG_GEN_IFC_IN_009.__state__,FUNCTION,contoso.pkg_gen_ifc_in_009$g_run_id_get(),Converted,no,
PACKAGE_STATE,CONTOSO.PKG_GEN_IFC_IN_009.__state__,FUNCTION,contoso.pkg_gen_ifc_in_009$g_run_id_set(),Converted,no,
PACKAGE_STATE,CONTOSO.PKG_GEN_IFC_IN_009.__state__,FUNCTION,contoso.pkg_gen_ifc_in_009$g_system_code(),Converted,no,
PACKAGE_STATE,CONTOSO.PKG_GEN_IFC_IN_009.__state__,FUNCTION,contoso.pkg_gen_ifc_in_009$g_transport(),Converted,no,
PACKAGE_STATE,CONTOSO.PKG_GEN_IFC_IN_009.__state__,TYPE,contoso.pkg_gen_ifc_in_009$t_row,Converted,no,
FUNCTION,CONTOSO.PKG_GEN_IFC_IN_009.batch_ref,FUNCTION,contoso.pkg_gen_ifc_in_009$batch_ref(),Converted,no,
PROCEDURE,CONTOSO.PKG_GEN_IFC_IN_009.import_batch,FUNCTION,contoso.pkg_gen_ifc_in_009$import_batch(),Converted,yes,
FUNCTION,CONTOSO.PKG_GEN_IFC_IN_009.pending_count,FUNCTION,contoso.pkg_gen_ifc_in_009$pending_count(),Converted,yes,
PROCEDURE,CONTOSO.PKG_GEN_IFC_IN_009.quarantine,FUNCTION,contoso.pkg_gen_ifc_in_009$quarantine(),Converted,yes,
PROCEDURE,CONTOSO.PKG_GEN_IFC_IN_009.reconcile,FUNCTION,contoso.pkg_gen_ifc_in_009$reconcile(),Converted,yes,
FUNCTION,CONTOSO.PKG_GEN_IFC_IN_009.resolve_key,FUNCTION,contoso.pkg_gen_ifc_in_009$resolve_key(p_key varchar),Converted,no,
FUNCTION,CONTOSO.PKG_GEN_IFC_IN_009.resolve_key,FUNCTION,contoso.pkg_gen_ifc_in_009$resolve_key(p_key numeric),Converted,no,
FUNCTION,CONTOSO.PKG_GEN_IFC_IN_009.resolve_key,FUNCTION,contoso.pkg_gen_ifc_in_009$resolve_key(p_key timestamp without time zone),Converted,no,
PACKAGE_BODY,CONTOSO.PKG_GEN_IFC_IN_011,PACKAGE_BODY,contoso.pkg_gen_ifc_in_011,Not-Converted,yes,"Verify that the functionality is present. Deployable Azure PostgreSQL code could not be generated for this object, and it has no separate entry in the deployment script. Check whether the related object contains its functionality; if it does not, implement the missing Azure PostgreSQL behavior, test it, and deploy it separately. Reference: CVT-124"
PACKAGE_STATE,CONTOSO.PKG_GEN_IFC_IN_011.__state__,DOMAIN,contoso.pkg_gen_ifc_in_011$t_row_tab,Not-Converted,yes,"Review and correct the generated code. Best-effort Azure PostgreSQL code was generated, but it is not included in the deployment script and its behavior is unverified. Compare it with the source, correct it, and test it before deploying separately. Reference: CVT-366"
PACKAGE_STATE,CONTOSO.PKG_GEN_IFC_IN_011.__state__,FUNCTION,contoso.pkg_gen_ifc_in_011$e_batch_rejected(),Not-Converted,yes,"Review and correct the generated code. Best-effort Azure PostgreSQL code was generated, but it is not included in the deployment script and its behavior is unverified. Compare it with the source, correct it, and test it before deploying separately. Reference: CVT-366"
PACKAGE_STATE,CONTOSO.PKG_GEN_IFC_IN_011.__state__,FUNCTION,contoso.pkg_gen_ifc_in_011$e_transport_down(),Not-Converted,yes,"Review and correct the generated code. Best-effort Azure PostgreSQL code was generated, but it is not included in the deployment script and its behavior is unverified. Compare it with the source, correct it, and test it before deploying separately. Reference: CVT-366"
PACKAGE_STATE,CONTOSO.PKG_GEN_IFC_IN_011.__state__,FUNCTION,contoso.pkg_gen_ifc_in_011$g_batch_limit(),Not-Converted,yes,"Review and correct the generated code. Best-effort Azure PostgreSQL code was generated, but it is not included in the deployment script and its behavior is unverified. Compare it with the source, correct it, and test it before deploying separately. Reference: CVT-366"
PACKAGE_STATE,CONTOSO.PKG_GEN_IFC_IN_011.__state__,FUNCTION,contoso.pkg_gen_ifc_in_011$g_direction(),Not-Converted,yes,"Review and correct the generated code. Best-effort Azure PostgreSQL code was generated, but it is not included in the deployment script and its behavior is unverified. Compare it with the source, correct it, and test it before deploying separately. Reference: CVT-366"
PACKAGE_STATE,CONTOSO.PKG_GEN_IFC_IN_011.__state__,FUNCTION,contoso.pkg_gen_ifc_in_011$g_entity(),Not-Converted,yes,"Review and correct the generated code. Best-effort Azure PostgreSQL code was generated, but it is not included in the deployment script and its behavior is unverified. Compare it with the source, correct it, and test it before deploying separately. Reference: CVT-366"
PACKAGE_STATE,CONTOSO.PKG_GEN_IFC_IN_011.__state__,FUNCTION,contoso.pkg_gen_ifc_in_011$g_run_id_get(),Not-Converted,yes,"Review and correct the generated code. Best-effort Azure PostgreSQL code was generated, but it is not included in the deployment script and its behavior is unverified. Compare it with the source, correct it, and test it before deploying separately. Reference: CVT-366"
PACKAGE_STATE,CONTOSO.PKG_GEN_IFC_IN_011.__state__,FUNCTION,contoso.pkg_gen_ifc_in_011$g_run_id_set(),Not-Converted,yes,"Review and correct the generated code. Best-effort Azure PostgreSQL code was generated, but it is not included in the deployment script and its behavior is unverified. Compare it with the source, correct it, and test it before deploying separately. Reference: CVT-366"
PACKAGE_STATE,CONTOSO.PKG_GEN_IFC_IN_011.__state__,FUNCTION,contoso.pkg_gen_ifc_in_011$g_system_code(),Not-Converted,yes,"Review and correct the generated code. Best-effort Azure PostgreSQL code was generated, but it is not included in the deployment script and its behavior is unverified. Compare it with the source, correct it, and test it before deploying separately. Reference: CVT-366"
PACKAGE_STATE,CONTOSO.PKG_GEN_IFC_IN_011.__state__,FUNCTION,contoso.pkg_gen_ifc_in_011$g_transport(),Not-Converted,yes,"Review and correct the generated code. Best-effort Azure PostgreSQL code was generated, but it is not included in the deployment script and its behavior is unverified. Compare it with the source, correct it, and test it before deploying separately. Reference: CVT-366"
PACKAGE_STATE,CONTOSO.PKG_GEN_IFC_IN_011.__state__,TYPE,contoso.pkg_gen_ifc_in_011$t_row,Not-Converted,yes,"Review and correct the generated code. Best-effort Azure PostgreSQL code was generated, but it is not included in the deployment script and its behavior is unverified. Compare it with the source, correct it, and test it before deploying separately. Reference: CVT-366"
FUNCTION,CONTOSO.PKG_GEN_IFC_IN_011.batch_ref,FUNCTION,contoso.pkg_gen_ifc_in_011$batch_ref(),Not-Converted,yes,"Review and correct the generated code. Best-effort Azure PostgreSQL code was generated, but it is not included in the deployment script and its behavior is unverified. Compare it with the source, correct it, and test it before deploying separately. Reference: CVT-366"
PROCEDURE,CONTOSO.PKG_GEN_IFC_IN_011.import_batch,PROCEDURE,contoso.pkg_gen_ifc_in_011$import_batch(),Not-Converted,yes,"Review and correct the generated code. Best-effort Azure PostgreSQL code was generated, but it is not included in the deployment script and its behavior is unverified. Compare it with the source, correct it, and test it before deploying separately. Reference: CVT-366"
FUNCTION,CONTOSO.PKG_GEN_IFC_IN_011.pending_count,FUNCTION,contoso.pkg_gen_ifc_in_011$pending_count(),Not-Converted,yes,"Review and correct the generated code. Best-effort Azure PostgreSQL code was generated, but it is not included in the deployment script and its behavior is unverified. Compare it with the source, correct it, and test it before deploying separately. Reference: CVT-366"
PROCEDURE,CONTOSO.PKG_GEN_IFC_IN_011.quarantine,PROCEDURE,contoso.pkg_gen_ifc_in_011$quarantine(),Not-Converted,yes,"Review and correct the generated code. Best-effort Azure PostgreSQL code was generated, but it is not included in the deployment script and its behavior is unverified. Compare it with the source, correct it, and test it before deploying separately. Reference: CVT-366"
PROCEDURE,CONTOSO.PKG_GEN_IFC_IN_011.reconcile,PROCEDURE,contoso.pkg_gen_ifc_in_011$reconcile(),Not-Converted,yes,"Review and correct the generated code. Best-effort Azure PostgreSQL code was generated, but it is not included in the deployment script and its behavior is unverified. Compare it with the source, correct it, and test it before deploying separately. Reference: CVT-366"
PACKAGE_BODY,CONTOSO.PKG_GEN_IFC_IN_013,PACKAGE_BODY,contoso.pkg_gen_ifc_in_013,Not-Converted,yes,"Verify that the functionality is present. Deployable Azure PostgreSQL code could not be generated for this object, and it has no separate entry in the deployment script. Check whether the related object contains its functionality; if it does not, implement the missing Azure PostgreSQL behavior, test it, and deploy it separately. Reference: CVT-124"
PACKAGE_STATE,CONTOSO.PKG_GEN_IFC_IN_013.__state__,DOMAIN,contoso.pkg_gen_ifc_in_013$t_row_tab,Not-Converted,yes,"Review and correct the generated code. Best-effort Azure PostgreSQL code was generated, but it is not included in the deployment script and its behavior is unverified. Compare it with the source, correct it, and test it before deploying separately. Reference: CVT-366"
PACKAGE_STATE,CONTOSO.PKG_GEN_IFC_IN_013.__state__,FUNCTION,contoso.pkg_gen_ifc_in_013$e_batch_rejected(),Not-Converted,yes,"Review and correct the generated code. Best-effort Azure PostgreSQL code was generated, but it is not included in the deployment script and its behavior is unverified. Compare it with the source, correct it, and test it before deploying separately. Reference: CVT-366"
PACKAGE_STATE,CONTOSO.PKG_GEN_IFC_IN_013.__state__,FUNCTION,contoso.pkg_gen_ifc_in_013$e_transport_down(),Not-Converted,yes,"Review and correct the generated code. Best-effort Azure PostgreSQL code was generated, but it is not included in the deployment script and its behavior is unverified. Compare it with the source, correct it, and test it before deploying separately. Reference: CVT-366"
PACKAGE_STATE,CONTOSO.PKG_GEN_IFC_IN_013.__state__,FUNCTION,contoso.pkg_gen_ifc_in_013$g_batch_limit(),Not-Converted,yes,"Review and correct the generated code. Best-effort Azure PostgreSQL code was generated, but it is not included in the deployment script and its behavior is unverified. Compare it with the source, correct it, and test it before deploying separately. Reference: CVT-366"
PACKAGE_STATE,CONTOSO.PKG_GEN_IFC_IN_013.__state__,FUNCTION,contoso.pkg_gen_ifc_in_013$g_direction(),Not-Converted,yes,"Review and correct the generated code. Best-effort Azure PostgreSQL code was generated, but it is not included in the deployment script and its behavior is unverified. Compare it with the source, correct it, and test it before deploying separately. Reference: CVT-366"
PACKAGE_STATE,CONTOSO.PKG_GEN_IFC_IN_013.__state__,FUNCTION,contoso.pkg_gen_ifc_in_013$g_entity(),Not-Converted,yes,"Review and correct the generated code. Best-effort Azure PostgreSQL code was generated, but it is not included in the deployment script and its behavior is unverified. Compare it with the source, correct it, and test it before deploying separately. Reference: CVT-366"
PACKAGE_STATE,CONTOSO.PKG_GEN_IFC_IN_013.__state__,FUNCTION,contoso.pkg_gen_ifc_in_013$g_run_id(),Not-Converted,yes,"Review and correct the generated code. Best-effort Azure PostgreSQL code was generated, but it is not included in the deployment script and its behavior is unverified. Compare it with the source, correct it, and test it before deploying separately. Reference: CVT-366"
PACKAGE_STATE,CONTOSO.PKG_GEN_IFC_IN_013.__state__,FUNCTION,contoso.pkg_gen_ifc_in_013$g_system_code(),Not-Converted,yes,"Review and correct the generated code. Best-effort Azure PostgreSQL code was generated, but it is not included in the deployment script and its behavior is unverified. Compare it with the source, correct it, and test it before deploying separately. Reference: CVT-366"
PACKAGE_STATE,CONTOSO.PKG_GEN_IFC_IN_013.__state__,FUNCTION,contoso.pkg_gen_ifc_in_013$g_transport(),Not-Converted,yes,"Review and correct the generated code. Best-effort Azure PostgreSQL code was generated, but it is not included in the deployment script and its behavior is unverified. Compare it with the source, correct it, and test it before deploying separately. Reference: CVT-366"
PACKAGE_STATE,CONTOSO.PKG_GEN_IFC_IN_013.__state__,FUNCTION,contoso.pkg_gen_ifc_in_013$set_run_id(),Not-Converted,yes,"Review and correct the generated code. Best-effort Azure PostgreSQL code was generated, but it is not included in the deployment script and its behavior is unverified. Compare it with the source, correct it, and test it before deploying separately. Reference: CVT-366"
PACKAGE_STATE,CONTOSO.PKG_GEN_IFC_IN_013.__state__,TYPE,contoso.pkg_gen_ifc_in_013$t_row,Not-Converted,yes,"Review and correct the generated code. Best-effort Azure PostgreSQL code was generated, but it is not included in the deployment script and its behavior is unverified. Compare it with the source, correct it, and test it before deploying separately. Reference: CVT-366"
FUNCTION,CONTOSO.PKG_GEN_IFC_IN_013.batch_ref,FUNCTION,contoso.pkg_gen_ifc_in_013$batch_ref(),Not-Converted,yes,"Review and correct the generated code. Best-effort Azure PostgreSQL code was generated, but it is not included in the deployment script and its behavior is unverified. Compare it with the source, correct it, and test it before deploying separately. Reference: CVT-366"
PROCEDURE,CONTOSO.PKG_GEN_IFC_IN_013.import_batch,PROCEDURE,contoso.pkg_gen_ifc_in_013$import_batch(),Not-Converted,yes,"Review and correct the generated code. Best-effort Azure PostgreSQL code was generated, but it is not included in the deployment script and its behavior is unverified. Compare it with the source, correct it, and test it before deploying separately. Reference: CVT-366"
FUNCTION,CONTOSO.PKG_GEN_IFC_IN_013.open_feed,FUNCTION,contoso.pkg_gen_ifc_in_013$open_feed(),Not-Converted,yes,"Review and correct the generated code. Best-effort Azure PostgreSQL code was generated, but it is not included in the deployment script and its behavior is unverified. Compare it with the source, correct it, and test it before deploying separately. Reference: CVT-366"
FUNCTION,CONTOSO.PKG_GEN_IFC_IN_013.pending_count,FUNCTION,contoso.pkg_gen_ifc_in_013$pending_count(),Not-Converted,yes,"Review and correct the generated code. Best-effort Azure PostgreSQL code was generated, but it is not included in the deployment script and its behavior is unverified. Compare it with the source, correct it, and test it before deploying separately. Reference: CVT-366"
PROCEDURE,CONTOSO.PKG_GEN_IFC_IN_013.quarantine,PROCEDURE,contoso.pkg_gen_ifc_in_013$quarantine(),Not-Converted,yes,"Review and correct the generated code. Best-effort Azure PostgreSQL code was generated, but it is not included in the deployment script and its behavior is unverified. Compare it with the source, correct it, and test it before deploying separately. Reference: CVT-366"
PROCEDURE,CONTOSO.PKG_GEN_IFC_IN_013.reconcile,PROCEDURE,contoso.pkg_gen_ifc_in_013$reconcile(),Not-Converted,yes,"Review and correct the generated code. Best-effort Azure PostgreSQL code was generated, but it is not included in the deployment script and its behavior is unverified. Compare it with the source, correct it, and test it before deploying separately. Reference: CVT-366"
PACKAGE_BODY,CONTOSO.PKG_GEN_IFC_IN_015,PACKAGE_BODY,contoso.pkg_gen_ifc_in_015,Converted,no,"Verify the related object. Azure PostgreSQL code was generated for this object, but this type of object does not get its own entry in the deployment script. Confirm that its behavior is present in the related object and test that object with representative data. Reference: CVT-121"
PACKAGE_STATE,CONTOSO.PKG_GEN_IFC_IN_015.__state__,DOMAIN,contoso.pkg_gen_ifc_in_015$t_row_tab,Converted,no,
PACKAGE_STATE,CONTOSO.PKG_GEN_IFC_IN_015.__state__,FUNCTION,contoso.pkg_gen_ifc_in_015$e_batch_rejected(),Converted,no,
PACKAGE_STATE,CONTOSO.PKG_GEN_IFC_IN_015.__state__,FUNCTION,contoso.pkg_gen_ifc_in_015$e_transport_down(),Converted,no,
PACKAGE_STATE,CONTOSO.PKG_GEN_IFC_IN_015.__state__,FUNCTION,contoso.pkg_gen_ifc_in_015$g_batch_limit(),Converted,no,
PACKAGE_STATE,CONTOSO.PKG_GEN_IFC_IN_015.__state__,FUNCTION,contoso.pkg_gen_ifc_in_015$g_direction(),Converted,no,
PACKAGE_STATE,CONTOSO.PKG_GEN_IFC_IN_015.__state__,FUNCTION,contoso.pkg_gen_ifc_in_015$g_entity(),Converted,no,
PACKAGE_STATE,CONTOSO.PKG_GEN_IFC_IN_015.__state__,FUNCTION,contoso.pkg_gen_ifc_in_015$g_run_id(),Converted,no,
PACKAGE_STATE,CONTOSO.PKG_GEN_IFC_IN_015.__state__,FUNCTION,contoso.pkg_gen_ifc_in_015$g_system_code(),Converted,no,
PACKAGE_STATE,CONTOSO.PKG_GEN_IFC_IN_015.__state__,FUNCTION,contoso.pkg_gen_ifc_in_015$g_transport(),Converted,no,
PACKAGE_STATE,CONTOSO.PKG_GEN_IFC_IN_015.__state__,FUNCTION,contoso.pkg_gen_ifc_in_015$set_g_run_id(),Converted,no,
PACKAGE_STATE,CONTOSO.PKG_GEN_IFC_IN_015.__state__,TYPE,contoso.pkg_gen_ifc_in_015$t_row,Converted,no,
FUNCTION,CONTOSO.PKG_GEN_IFC_IN_015.batch_ref,FUNCTION,contoso.pkg_gen_ifc_in_015$batch_ref(),Converted,yes,
PROCEDURE,CONTOSO.PKG_GEN_IFC_IN_015.import_batch,PROCEDURE,contoso.pkg_gen_ifc_in_015$import_batch(),Converted,yes,
FUNCTION,CONTOSO.PKG_GEN_IFC_IN_015.pending_count,FUNCTION,contoso.pkg_gen_ifc_in_015$pending_count(),Converted,yes,
PROCEDURE,CONTOSO.PKG_GEN_IFC_IN_015.quarantine,FUNCTION,contoso.pkg_gen_ifc_in_015$quarantine(),Converted,yes,
PROCEDURE,CONTOSO.PKG_GEN_IFC_IN_015.reconcile,FUNCTION,contoso.pkg_gen_ifc_in_015$reconcile(),Converted,yes,
FUNCTION,CONTOSO.PKG_GEN_IFC_IN_015.resolve_key,FUNCTION,contoso.pkg_gen_ifc_in_015$resolve_key(p_key varchar),Converted,no,
FUNCTION,CONTOSO.PKG_GEN_IFC_IN_015.resolve_key,FUNCTION,contoso.pkg_gen_ifc_in_015$resolve_key(p_key numeric),Converted,no,
FUNCTION,CONTOSO.PKG_GEN_IFC_IN_015.resolve_key,FUNCTION,contoso.pkg_gen_ifc_in_015$resolve_key(p_key timestamp without time zone),Converted,no,
PACKAGE_BODY,CONTOSO.PKG_GEN_IFC_IN_017,PACKAGE_BODY,contoso.pkg_gen_ifc_in_017,Not-Converted,yes,"Verify that the functionality is present. Deployable Azure PostgreSQL code could not be generated for this object, and it has no separate entry in the deployment script. Check whether the related object contains its functionality; if it does not, implement the missing Azure PostgreSQL behavior, test it, and deploy it separately. Reference: CVT-124"
PACKAGE_STATE,CONTOSO.PKG_GEN_IFC_IN_017.__state__,DOMAIN,contoso.pkg_gen_ifc_in_017$t_row_tab,Not-Converted,yes,"Review and correct the generated code. Best-effort Azure PostgreSQL code was generated, but it is not included in the deployment script and its behavior is unverified. Compare it with the source, correct it, and test it before deploying separately. Reference: CVT-366"
PACKAGE_STATE,CONTOSO.PKG_GEN_IFC_IN_017.__state__,FUNCTION,contoso.pkg_gen_ifc_in_017$e_batch_rejected(),Not-Converted,yes,"Review and correct the generated code. Best-effort Azure PostgreSQL code was generated, but it is not included in the deployment script and its behavior is unverified. Compare it with the source, correct it, and test it before deploying separately. Reference: CVT-366"
PACKAGE_STATE,CONTOSO.PKG_GEN_IFC_IN_017.__state__,FUNCTION,contoso.pkg_gen_ifc_in_017$e_transport_down(),Not-Converted,yes,"Review and correct the generated code. Best-effort Azure PostgreSQL code was generated, but it is not included in the deployment script and its behavior is unverified. Compare it with the source, correct it, and test it before deploying separately. Reference: CVT-366"
PACKAGE_STATE,CONTOSO.PKG_GEN_IFC_IN_017.__state__,FUNCTION,contoso.pkg_gen_ifc_in_017$g_batch_limit(),Not-Converted,yes,"Review and correct the generated code. Best-effort Azure PostgreSQL code was generated, but it is not included in the deployment script and its behavior is unverified. Compare it with the source, correct it, and test it before deploying separately. Reference: CVT-366"
PACKAGE_STATE,CONTOSO.PKG_GEN_IFC_IN_017.__state__,FUNCTION,contoso.pkg_gen_ifc_in_017$g_direction(),Not-Converted,yes,"Review and correct the generated code. Best-effort Azure PostgreSQL code was generated, but it is not included in the deployment script and its behavior is unverified. Compare it with the source, correct it, and test it before deploying separately. Reference: CVT-366"
PACKAGE_STATE,CONTOSO.PKG_GEN_IFC_IN_017.__state__,FUNCTION,contoso.pkg_gen_ifc_in_017$g_entity(),Not-Converted,yes,"Review and correct the generated code. Best-effort Azure PostgreSQL code was generated, but it is not included in the deployment script and its behavior is unverified. Compare it with the source, correct it, and test it before deploying separately. Reference: CVT-366"
PACKAGE_STATE,CONTOSO.PKG_GEN_IFC_IN_017.__state__,FUNCTION,contoso.pkg_gen_ifc_in_017$g_system_code(),Not-Converted,yes,"Review and correct the generated code. Best-effort Azure PostgreSQL code was generated, but it is not included in the deployment script and its behavior is unverified. Compare it with the source, correct it, and test it before deploying separately. Reference: CVT-366"
PACKAGE_STATE,CONTOSO.PKG_GEN_IFC_IN_017.__state__,FUNCTION,contoso.pkg_gen_ifc_in_017$g_transport(),Not-Converted,yes,"Review and correct the generated code. Best-effort Azure PostgreSQL code was generated, but it is not included in the deployment script and its behavior is unverified. Compare it with the source, correct it, and test it before deploying separately. Reference: CVT-366"
PACKAGE_STATE,CONTOSO.PKG_GEN_IFC_IN_017.__state__,FUNCTION,contoso.pkg_gen_ifc_in_017$get_g_run_id(),Not-Converted,yes,"Review and correct the generated code. Best-effort Azure PostgreSQL code was generated, but it is not included in the deployment script and its behavior is unverified. Compare it with the source, correct it, and test it before deploying separately. Reference: CVT-366"
PACKAGE_STATE,CONTOSO.PKG_GEN_IFC_IN_017.__state__,FUNCTION,contoso.pkg_gen_ifc_in_017$set_g_run_id(),Not-Converted,yes,"Review and correct the generated code. Best-effort Azure PostgreSQL code was generated, but it is not included in the deployment script and its behavior is unverified. Compare it with the source, correct it, and test it before deploying separately. Reference: CVT-366"
PACKAGE_STATE,CONTOSO.PKG_GEN_IFC_IN_017.__state__,TYPE,contoso.pkg_gen_ifc_in_017$t_row,Not-Converted,yes,"Review and correct the generated code. Best-effort Azure PostgreSQL code was generated, but it is not included in the deployment script and its behavior is unverified. Compare it with the source, correct it, and test it before deploying separately. Reference: CVT-366"
FUNCTION,CONTOSO.PKG_GEN_IFC_IN_017.batch_ref,FUNCTION,contoso.pkg_gen_ifc_in_017$batch_ref(),Not-Converted,yes,"Review and correct the generated code. Best-effort Azure PostgreSQL code was generated, but it is not included in the deployment script and its behavior is unverified. Compare it with the source, correct it, and test it before deploying separately. Reference: CVT-366"
PROCEDURE,CONTOSO.PKG_GEN_IFC_IN_017.import_batch,PROCEDURE,contoso.pkg_gen_ifc_in_017$import_batch(),Not-Converted,yes,"Review and correct the generated code. Best-effort Azure PostgreSQL code was generated, but it is not included in the deployment script and its behavior is unverified. Compare it with the source, correct it, and test it before deploying separately. Reference: CVT-366"
FUNCTION,CONTOSO.PKG_GEN_IFC_IN_017.pending_count,FUNCTION,contoso.pkg_gen_ifc_in_017$pending_count(),Not-Converted,yes,"Review and correct the generated code. Best-effort Azure PostgreSQL code was generated, but it is not included in the deployment script and its behavior is unverified. Compare it with the source, correct it, and test it before deploying separately. Reference: CVT-366"
PROCEDURE,CONTOSO.PKG_GEN_IFC_IN_017.quarantine,PROCEDURE,contoso.pkg_gen_ifc_in_017$quarantine(),Not-Converted,yes,"Review and correct the generated code. Best-effort Azure PostgreSQL code was generated, but it is not included in the deployment script and its behavior is unverified. Compare it with the source, correct it, and test it before deploying separately. Reference: CVT-366"
PROCEDURE,CONTOSO.PKG_GEN_IFC_IN_017.reconcile,PROCEDURE,contoso.pkg_gen_ifc_in_017$reconcile(),Not-Converted,yes,"Review and correct the generated code. Best-effort Azure PostgreSQL code was generated, but it is not included in the deployment script and its behavior is unverified. Compare it with the source, correct it, and test it before deploying separately. Reference: CVT-366"
PACKAGE_BODY,CONTOSO.PKG_GEN_IFC_IN_019,PACKAGE_BODY,contoso.pkg_gen_ifc_in_019,Converted,no,"Verify the related object. Azure PostgreSQL code was generated for this object, but this type of object does not get its own entry in the deployment script. Confirm that its behavior is present in the related object and test that object with representative data. Reference: CVT-121"
PACKAGE_STATE,CONTOSO.PKG_GEN_IFC_IN_019.__state__,DOMAIN,contoso.pkg_gen_ifc_in_019$t_row_tab,Converted,no,
PACKAGE_STATE,CONTOSO.PKG_GEN_IFC_IN_019.__state__,FUNCTION,contoso.pkg_gen_ifc_in_019$e_batch_rejected(),Converted,no,
PACKAGE_STATE,CONTOSO.PKG_GEN_IFC_IN_019.__state__,FUNCTION,contoso.pkg_gen_ifc_in_019$e_transport_down(),Converted,no,
PACKAGE_STATE,CONTOSO.PKG_GEN_IFC_IN_019.__state__,FUNCTION,contoso.pkg_gen_ifc_in_019$g_batch_limit(),Converted,no,
PACKAGE_STATE,CONTOSO.PKG_GEN_IFC_IN_019.__state__,FUNCTION,contoso.pkg_gen_ifc_in_019$g_direction(),Converted,no,
PACKAGE_STATE,CONTOSO.PKG_GEN_IFC_IN_019.__state__,FUNCTION,contoso.pkg_gen_ifc_in_019$g_entity(),Converted,no,
PACKAGE_STATE,CONTOSO.PKG_GEN_IFC_IN_019.__state__,FUNCTION,contoso.pkg_gen_ifc_in_019$g_run_id_get(),Converted,no,
PACKAGE_STATE,CONTOSO.PKG_GEN_IFC_IN_019.__state__,FUNCTION,contoso.pkg_gen_ifc_in_019$g_run_id_set(),Converted,no,
PACKAGE_STATE,CONTOSO.PKG_GEN_IFC_IN_019.__state__,FUNCTION,contoso.pkg_gen_ifc_in_019$g_system_code(),Converted,no,
PACKAGE_STATE,CONTOSO.PKG_GEN_IFC_IN_019.__state__,FUNCTION,contoso.pkg_gen_ifc_in_019$g_transport(),Converted,no,
PACKAGE_STATE,CONTOSO.PKG_GEN_IFC_IN_019.__state__,TYPE,contoso.pkg_gen_ifc_in_019$t_row,Converted,no,
FUNCTION,CONTOSO.PKG_GEN_IFC_IN_019.batch_ref,FUNCTION,contoso.pkg_gen_ifc_in_019$batch_ref(),Converted,yes,
PROCEDURE,CONTOSO.PKG_GEN_IFC_IN_019.import_batch,PROCEDURE,contoso.pkg_gen_ifc_in_019$import_batch(),Converted,yes,
FUNCTION,CONTOSO.PKG_GEN_IFC_IN_019.open_feed,FUNCTION,contoso.pkg_gen_ifc_in_019$open_feed(),Converted,no,
FUNCTION,CONTOSO.PKG_GEN_IFC_IN_019.pending_count,FUNCTION,contoso.pkg_gen_ifc_in_019$pending_count(),Converted,yes,
PROCEDURE,CONTOSO.PKG_GEN_IFC_IN_019.quarantine,PROCEDURE,contoso.pkg_gen_ifc_in_019$quarantine(),Converted,yes,
PROCEDURE,CONTOSO.PKG_GEN_IFC_IN_019.reconcile,PROCEDURE,contoso.pkg_gen_ifc_in_019$reconcile(),Converted,yes,
PACKAGE_BODY,CONTOSO.PKG_GEN_IFC_IN_021,PACKAGE_BODY,contoso.pkg_gen_ifc_in_021,Converted,no,"Verify the related object. Azure PostgreSQL code was generated for this object, but this type of object does not get its own entry in the deployment script. Confirm that its behavior is present in the related object and test that object with representative data. Reference: CVT-121"
PACKAGE_STATE,CONTOSO.PKG_GEN_IFC_IN_021.__state__,DOMAIN,contoso.pkg_gen_ifc_in_021$t_row_tab,Converted,no,
PACKAGE_STATE,CONTOSO.PKG_GEN_IFC_IN_021.__state__,FUNCTION,contoso.pkg_gen_ifc_in_021$e_batch_rejected(),Converted,no,
PACKAGE_STATE,CONTOSO.PKG_GEN_IFC_IN_021.__state__,FUNCTION,contoso.pkg_gen_ifc_in_021$e_transport_down(),Converted,no,
PACKAGE_STATE,CONTOSO.PKG_GEN_IFC_IN_021.__state__,FUNCTION,contoso.pkg_gen_ifc_in_021$g_batch_limit(),Converted,no,
PACKAGE_STATE,CONTOSO.PKG_GEN_IFC_IN_021.__state__,FUNCTION,contoso.pkg_gen_ifc_in_021$g_direction(),Converted,no,
PACKAGE_STATE,CONTOSO.PKG_GEN_IFC_IN_021.__state__,FUNCTION,contoso.pkg_gen_ifc_in_021$g_entity(),Converted,no,
PACKAGE_STATE,CONTOSO.PKG_GEN_IFC_IN_021.__state__,FUNCTION,contoso.pkg_gen_ifc_in_021$g_run_id_get(),Converted,no,
PACKAGE_STATE,CONTOSO.PKG_GEN_IFC_IN_021.__state__,FUNCTION,contoso.pkg_gen_ifc_in_021$g_run_id_set(),Converted,no,
PACKAGE_STATE,CONTOSO.PKG_GEN_IFC_IN_021.__state__,FUNCTION,contoso.pkg_gen_ifc_in_021$g_system_code(),Converted,no,
PACKAGE_STATE,CONTOSO.PKG_GEN_IFC_IN_021.__state__,FUNCTION,contoso.pkg_gen_ifc_in_021$g_transport(),Converted,no,
PACKAGE_STATE,CONTOSO.PKG_GEN_IFC_IN_021.__state__,TYPE,contoso.pkg_gen_ifc_in_021$t_row,Converted,no,
FUNCTION,CONTOSO.PKG_GEN_IFC_IN_021.batch_ref,FUNCTION,contoso.pkg_gen_ifc_in_021$batch_ref(),Converted,yes,
PROCEDURE,CONTOSO.PKG_GEN_IFC_IN_021.import_batch,FUNCTION,contoso.pkg_gen_ifc_in_021$import_batch(),Converted,yes,
FUNCTION,CONTOSO.PKG_GEN_IFC_IN_021.pending_count,FUNCTION,contoso.pkg_gen_ifc_in_021$pending_count(),Converted,yes,
PROCEDURE,CONTOSO.PKG_GEN_IFC_IN_021.quarantine,PROCEDURE,contoso.pkg_gen_ifc_in_021$quarantine(),Converted,yes,
PROCEDURE,CONTOSO.PKG_GEN_IFC_IN_021.reconcile,PROCEDURE,contoso.pkg_gen_ifc_in_021$reconcile(),Converted,yes,
FUNCTION,CONTOSO.PKG_GEN_IFC_IN_021.resolve_key,FUNCTION,contoso.pkg_gen_ifc_in_021$resolve_key(p_key varchar),Converted,no,
FUNCTION,CONTOSO.PKG_GEN_IFC_IN_021.resolve_key,FUNCTION,contoso.pkg_gen_ifc_in_021$resolve_key(p_key numeric),Converted,no,
FUNCTION,CONTOSO.PKG_GEN_IFC_IN_021.resolve_key,FUNCTION,contoso.pkg_gen_ifc_in_021$resolve_key(p_key timestamp),Converted,no,
PACKAGE_BODY,CONTOSO.PKG_GEN_IFC_IN_023,PACKAGE_BODY,contoso.pkg_gen_ifc_in_023,Not-Converted,yes,"Verify that the functionality is present. Deployable Azure PostgreSQL code could not be generated for this object, and it has no separate entry in the deployment script. Check whether the related object contains its functionality; if it does not, implement the missing Azure PostgreSQL behavior, test it, and deploy it separately. Reference: CVT-124"
PACKAGE_STATE,CONTOSO.PKG_GEN_IFC_IN_023.__state__,DOMAIN,contoso.pkg_gen_ifc_in_023$t_row_tab,Converted,no,
PACKAGE_STATE,CONTOSO.PKG_GEN_IFC_IN_023.__state__,FUNCTION,contoso.pkg_gen_ifc_in_023$e_batch_rejected(),Converted,no,
PACKAGE_STATE,CONTOSO.PKG_GEN_IFC_IN_023.__state__,FUNCTION,contoso.pkg_gen_ifc_in_023$e_transport_down(),Converted,no,
PACKAGE_STATE,CONTOSO.PKG_GEN_IFC_IN_023.__state__,FUNCTION,contoso.pkg_gen_ifc_in_023$g_batch_limit(),Converted,no,
PACKAGE_STATE,CONTOSO.PKG_GEN_IFC_IN_023.__state__,FUNCTION,contoso.pkg_gen_ifc_in_023$g_direction(),Converted,no,
PACKAGE_STATE,CONTOSO.PKG_GEN_IFC_IN_023.__state__,FUNCTION,contoso.pkg_gen_ifc_in_023$g_entity(),Converted,no,
PACKAGE_STATE,CONTOSO.PKG_GEN_IFC_IN_023.__state__,FUNCTION,contoso.pkg_gen_ifc_in_023$g_run_id_get(),Converted,no,
PACKAGE_STATE,CONTOSO.PKG_GEN_IFC_IN_023.__state__,FUNCTION,contoso.pkg_gen_ifc_in_023$g_run_id_set(),Converted,no,
PACKAGE_STATE,CONTOSO.PKG_GEN_IFC_IN_023.__state__,FUNCTION,contoso.pkg_gen_ifc_in_023$g_system_code(),Converted,no,
PACKAGE_STATE,CONTOSO.PKG_GEN_IFC_IN_023.__state__,FUNCTION,contoso.pkg_gen_ifc_in_023$g_transport(),Converted,no,
PACKAGE_STATE,CONTOSO.PKG_GEN_IFC_IN_023.__state__,TYPE,contoso.pkg_gen_ifc_in_023$t_row,Converted,no,
FUNCTION,CONTOSO.PKG_GEN_IFC_IN_023.batch_ref,FUNCTION,contoso.pkg_gen_ifc_in_023$batch_ref(),Not-Converted,yes,"Review and correct the generated code. Best-effort Azure PostgreSQL code was generated, but it is not included in the deployment script and its behavior is unverified. Compare it with the source, correct it, and test it before deploying separately. Reference: CVT-366"
PROCEDURE,CONTOSO.PKG_GEN_IFC_IN_023.import_batch,PROCEDURE,contoso.pkg_gen_ifc_in_023$import_batch(),Not-Converted,yes,"Review and correct the generated code. Best-effort Azure PostgreSQL code was generated, but it is not included in the deployment script and its behavior is unverified. Compare it with the source, correct it, and test it before deploying separately. Reference: CVT-366"
FUNCTION,CONTOSO.PKG_GEN_IFC_IN_023.pending_count,FUNCTION,contoso.pkg_gen_ifc_in_023$pending_count(),Not-Converted,yes,"Review and correct the generated code. Best-effort Azure PostgreSQL code was generated, but it is not included in the deployment script and its behavior is unverified. Compare it with the source, correct it, and test it before deploying separately. Reference: CVT-366"
PROCEDURE,CONTOSO.PKG_GEN_IFC_IN_023.quarantine,PROCEDURE,contoso.pkg_gen_ifc_in_023$quarantine(),Not-Converted,yes,"Review and correct the generated code. Best-effort Azure PostgreSQL code was generated, but it is not included in the deployment script and its behavior is unverified. Compare it with the source, correct it, and test it before deploying separately. Reference: CVT-366"
PROCEDURE,CONTOSO.PKG_GEN_IFC_IN_023.reconcile,PROCEDURE,contoso.pkg_gen_ifc_in_023$reconcile(),Not-Converted,yes,"Review and correct the generated code. Best-effort Azure PostgreSQL code was generated, but it is not included in the deployment script and its behavior is unverified. Compare it with the source, correct it, and test it before deploying separately. Reference: CVT-366"
PACKAGE_BODY,CONTOSO.PKG_GEN_IFC_IN_025,PACKAGE_BODY,contoso.pkg_gen_ifc_in_025,Not-Converted,yes,"Verify that the functionality is present. Deployable Azure PostgreSQL code could not be generated for this object, and it has no separate entry in the deployment script. Check whether the related object contains its functionality; if it does not, implement the missing Azure PostgreSQL behavior, test it, and deploy it separately. Reference: CVT-124"
PACKAGE_STATE,CONTOSO.PKG_GEN_IFC_IN_025.__state__,DOMAIN,contoso.pkg_gen_ifc_in_025$t_row_tab,Not-Converted,yes,"Review and correct the generated code. Best-effort Azure PostgreSQL code was generated, but it is not included in the deployment script and its behavior is unverified. Compare it with the source, correct it, and test it before deploying separately. Reference: CVT-366"
PACKAGE_STATE,CONTOSO.PKG_GEN_IFC_IN_025.__state__,FUNCTION,contoso.pkg_gen_ifc_in_025$e_batch_rejected(),Not-Converted,yes,"Review and correct the generated code. Best-effort Azure PostgreSQL code was generated, but it is not included in the deployment script and its behavior is unverified. Compare it with the source, correct it, and test it before deploying separately. Reference: CVT-366"
PACKAGE_STATE,CONTOSO.PKG_GEN_IFC_IN_025.__state__,FUNCTION,contoso.pkg_gen_ifc_in_025$e_transport_down(),Not-Converted,yes,"Review and correct the generated code. Best-effort Azure PostgreSQL code was generated, but it is not included in the deployment script and its behavior is unverified. Compare it with the source, correct it, and test it before deploying separately. Reference: CVT-366"
PACKAGE_STATE,CONTOSO.PKG_GEN_IFC_IN_025.__state__,FUNCTION,contoso.pkg_gen_ifc_in_025$g_batch_limit(),Not-Converted,yes,"Review and correct the generated code. Best-effort Azure PostgreSQL code was generated, but it is not included in the deployment script and its behavior is unverified. Compare it with the source, correct it, and test it before deploying separately. Reference: CVT-366"
PACKAGE_STATE,CONTOSO.PKG_GEN_IFC_IN_025.__state__,FUNCTION,contoso.pkg_gen_ifc_in_025$g_direction(),Not-Converted,yes,"Review and correct the generated code. Best-effort Azure PostgreSQL code was generated, but it is not included in the deployment script and its behavior is unverified. Compare it with the source, correct it, and test it before deploying separately. Reference: CVT-366"
PACKAGE_STATE,CONTOSO.PKG_GEN_IFC_IN_025.__state__,FUNCTION,contoso.pkg_gen_ifc_in_025$g_entity(),Not-Converted,yes,"Review and correct the generated code. Best-effort Azure PostgreSQL code was generated, but it is not included in the deployment script and its behavior is unverified. Compare it with the source, correct it, and test it before deploying separately. Reference: CVT-366"
PACKAGE_STATE,CONTOSO.PKG_GEN_IFC_IN_025.__state__,FUNCTION,contoso.pkg_gen_ifc_in_025$g_run_id_get(),Not-Converted,yes,"Review and correct the generated code. Best-effort Azure PostgreSQL code was generated, but it is not included in the deployment script and its behavior is unverified. Compare it with the source, correct it, and test it before deploying separately. Reference: CVT-366"
PACKAGE_STATE,CONTOSO.PKG_GEN_IFC_IN_025.__state__,FUNCTION,contoso.pkg_gen_ifc_in_025$g_run_id_set(),Not-Converted,yes,"Review and correct the generated code. Best-effort Azure PostgreSQL code was generated, but it is not included in the deployment script and its behavior is unverified. Compare it with the source, correct it, and test it before deploying separately. Reference: CVT-366"
PACKAGE_STATE,CONTOSO.PKG_GEN_IFC_IN_025.__state__,FUNCTION,contoso.pkg_gen_ifc_in_025$g_system_code(),Not-Converted,yes,"Review and correct the generated code. Best-effort Azure PostgreSQL code was generated, but it is not included in the deployment script and its behavior is unverified. Compare it with the source, correct it, and test it before deploying separately. Reference: CVT-366"
PACKAGE_STATE,CONTOSO.PKG_GEN_IFC_IN_025.__state__,FUNCTION,contoso.pkg_gen_ifc_in_025$g_transport(),Not-Converted,yes,"Review and correct the generated code. Best-effort Azure PostgreSQL code was generated, but it is not included in the deployment script and its behavior is unverified. Compare it with the source, correct it, and test it before deploying separately. Reference: CVT-366"
PACKAGE_STATE,CONTOSO.PKG_GEN_IFC_IN_025.__state__,TYPE,contoso.pkg_gen_ifc_in_025$t_row,Not-Converted,yes,"Review and correct the generated code. Best-effort Azure PostgreSQL code was generated, but it is not included in the deployment script and its behavior is unverified. Compare it with the source, correct it, and test it before deploying separately. Reference: CVT-366"
FUNCTION,CONTOSO.PKG_GEN_IFC_IN_025.batch_ref,FUNCTION,contoso.pkg_gen_ifc_in_025$batch_ref(),Not-Converted,yes,"Review and correct the generated code. Best-effort Azure PostgreSQL code was generated, but it is not included in the deployment script and its behavior is unverified. Compare it with the source, correct it, and test it before deploying separately. Reference: CVT-366"
PROCEDURE,CONTOSO.PKG_GEN_IFC_IN_025.import_batch,FUNCTION,contoso.pkg_gen_ifc_in_025$import_batch(),Not-Converted,yes,"Review and correct the generated code. Best-effort Azure PostgreSQL code was generated, but it is not included in the deployment script and its behavior is unverified. Compare it with the source, correct it, and test it before deploying separately. Reference: CVT-366"
FUNCTION,CONTOSO.PKG_GEN_IFC_IN_025.open_feed,FUNCTION,contoso.pkg_gen_ifc_in_025$open_feed(),Not-Converted,yes,"Review and correct the generated code. Best-effort Azure PostgreSQL code was generated, but it is not included in the deployment script and its behavior is unverified. Compare it with the source, correct it, and test it before deploying separately. Reference: CVT-366"
FUNCTION,CONTOSO.PKG_GEN_IFC_IN_025.pending_count,FUNCTION,contoso.pkg_gen_ifc_in_025$pending_count(),Not-Converted,yes,"Review and correct the generated code. Best-effort Azure PostgreSQL code was generated, but it is not included in the deployment script and its behavior is unverified. Compare it with the source, correct it, and test it before deploying separately. Reference: CVT-366"
PROCEDURE,CONTOSO.PKG_GEN_IFC_IN_025.quarantine,PROCEDURE,contoso.pkg_gen_ifc_in_025$quarantine(),Not-Converted,yes,"Review and correct the generated code. Best-effort Azure PostgreSQL code was generated, but it is not included in the deployment script and its behavior is unverified. Compare it with the source, correct it, and test it before deploying separately. Reference: CVT-366"
PROCEDURE,CONTOSO.PKG_GEN_IFC_IN_025.reconcile,PROCEDURE,contoso.pkg_gen_ifc_in_025$reconcile(),Not-Converted,yes,"Review and correct the generated code. Best-effort Azure PostgreSQL code was generated, but it is not included in the deployment script and its behavior is unverified. Compare it with the source, correct it, and test it before deploying separately. Reference: CVT-366"
PACKAGE_BODY,CONTOSO.PKG_GEN_IFC_IN_027,PACKAGE_BODY,contoso.pkg_gen_ifc_in_027,Converted,no,"Verify the related object. Azure PostgreSQL code was generated for this object, but this type of object does not get its own entry in the deployment script. Confirm that its behavior is present in the related object and test that object with representative data. Reference: CVT-121"
PACKAGE_STATE,CONTOSO.PKG_GEN_IFC_IN_027.__state__,DOMAIN,contoso.pkg_gen_ifc_in_027$t_row_tab,Converted,no,
PACKAGE_STATE,CONTOSO.PKG_GEN_IFC_IN_027.__state__,FUNCTION,contoso.pkg_gen_ifc_in_027$e_batch_rejected(),Converted,no,
PACKAGE_STATE,CONTOSO.PKG_GEN_IFC_IN_027.__state__,FUNCTION,contoso.pkg_gen_ifc_in_027$e_transport_down(),Converted,no,
PACKAGE_STATE,CONTOSO.PKG_GEN_IFC_IN_027.__state__,FUNCTION,contoso.pkg_gen_ifc_in_027$g_batch_limit(),Converted,no,
PACKAGE_STATE,CONTOSO.PKG_GEN_IFC_IN_027.__state__,FUNCTION,contoso.pkg_gen_ifc_in_027$g_direction(),Converted,no,
PACKAGE_STATE,CONTOSO.PKG_GEN_IFC_IN_027.__state__,FUNCTION,contoso.pkg_gen_ifc_in_027$g_entity(),Converted,no,
PACKAGE_STATE,CONTOSO.PKG_GEN_IFC_IN_027.__state__,FUNCTION,contoso.pkg_gen_ifc_in_027$g_run_id(),Converted,no,
PACKAGE_STATE,CONTOSO.PKG_GEN_IFC_IN_027.__state__,FUNCTION,contoso.pkg_gen_ifc_in_027$g_run_id$set(),Converted,no,
PACKAGE_STATE,CONTOSO.PKG_GEN_IFC_IN_027.__state__,FUNCTION,contoso.pkg_gen_ifc_in_027$g_system_code(),Converted,no,
PACKAGE_STATE,CONTOSO.PKG_GEN_IFC_IN_027.__state__,FUNCTION,contoso.pkg_gen_ifc_in_027$g_transport(),Converted,no,
PACKAGE_STATE,CONTOSO.PKG_GEN_IFC_IN_027.__state__,TYPE,contoso.pkg_gen_ifc_in_027$t_row,Converted,no,
FUNCTION,CONTOSO.PKG_GEN_IFC_IN_027.batch_ref,FUNCTION,contoso.pkg_gen_ifc_in_027$batch_ref(),Converted,no,
PROCEDURE,CONTOSO.PKG_GEN_IFC_IN_027.import_batch,PROCEDURE,contoso.pkg_gen_ifc_in_027$import_batch(),Converted,yes,
FUNCTION,CONTOSO.PKG_GEN_IFC_IN_027.pending_count,FUNCTION,contoso.pkg_gen_ifc_in_027$pending_count(),Converted,yes,
PROCEDURE,CONTOSO.PKG_GEN_IFC_IN_027.quarantine,PROCEDURE,contoso.pkg_gen_ifc_in_027$quarantine(),Converted,yes,
PROCEDURE,CONTOSO.PKG_GEN_IFC_IN_027.reconcile,PROCEDURE,contoso.pkg_gen_ifc_in_027$reconcile(),Converted,yes,
FUNCTION,CONTOSO.PKG_GEN_IFC_IN_027.resolve_key,FUNCTION,contoso.pkg_gen_ifc_in_027$resolve_key(p_key varchar),Converted,no,
FUNCTION,CONTOSO.PKG_GEN_IFC_IN_027.resolve_key,FUNCTION,contoso.pkg_gen_ifc_in_027$resolve_key(p_key numeric),Converted,no,
FUNCTION,CONTOSO.PKG_GEN_IFC_IN_027.resolve_key,FUNCTION,contoso.pkg_gen_ifc_in_027$resolve_key(p_key timestamp),Converted,no,
PACKAGE_BODY,CONTOSO.PKG_GEN_IFC_IN_029,PACKAGE_BODY,contoso.pkg_gen_ifc_in_029,Not-Converted,yes,"Verify that the functionality is present. Deployable Azure PostgreSQL code could not be generated for this object, and it has no separate entry in the deployment script. Check whether the related object contains its functionality; if it does not, implement the missing Azure PostgreSQL behavior, test it, and deploy it separately. Reference: CVT-124"
PACKAGE_STATE,CONTOSO.PKG_GEN_IFC_IN_029.__state__,DOMAIN,contoso.pkg_gen_ifc_in_029$t_row_tab,Not-Converted,yes,"Review and correct the generated code. Best-effort Azure PostgreSQL code was generated, but it is not included in the deployment script and its behavior is unverified. Compare it with the source, correct it, and test it before deploying separately. Reference: CVT-366"
PACKAGE_STATE,CONTOSO.PKG_GEN_IFC_IN_029.__state__,FUNCTION,contoso.pkg_gen_ifc_in_029$e_batch_rejected(),Not-Converted,yes,"Review and correct the generated code. Best-effort Azure PostgreSQL code was generated, but it is not included in the deployment script and its behavior is unverified. Compare it with the source, correct it, and test it before deploying separately. Reference: CVT-366"
PACKAGE_STATE,CONTOSO.PKG_GEN_IFC_IN_029.__state__,FUNCTION,contoso.pkg_gen_ifc_in_029$e_transport_down(),Not-Converted,yes,"Review and correct the generated code. Best-effort Azure PostgreSQL code was generated, but it is not included in the deployment script and its behavior is unverified. Compare it with the source, correct it, and test it before deploying separately. Reference: CVT-366"
PACKAGE_STATE,CONTOSO.PKG_GEN_IFC_IN_029.__state__,FUNCTION,contoso.pkg_gen_ifc_in_029$g_batch_limit(),Not-Converted,yes,"Review and correct the generated code. Best-effort Azure PostgreSQL code was generated, but it is not included in the deployment script and its behavior is unverified. Compare it with the source, correct it, and test it before deploying separately. Reference: CVT-366"
PACKAGE_STATE,CONTOSO.PKG_GEN_IFC_IN_029.__state__,FUNCTION,contoso.pkg_gen_ifc_in_029$g_direction(),Not-Converted,yes,"Review and correct the generated code. Best-effort Azure PostgreSQL code was generated, but it is not included in the deployment script and its behavior is unverified. Compare it with the source, correct it, and test it before deploying separately. Reference: CVT-366"
PACKAGE_STATE,CONTOSO.PKG_GEN_IFC_IN_029.__state__,FUNCTION,contoso.pkg_gen_ifc_in_029$g_entity(),Not-Converted,yes,"Review and correct the generated code. Best-effort Azure PostgreSQL code was generated, but it is not included in the deployment script and its behavior is unverified. Compare it with the source, correct it, and test it before deploying separately. Reference: CVT-366"
PACKAGE_STATE,CONTOSO.PKG_GEN_IFC_IN_029.__state__,FUNCTION,contoso.pkg_gen_ifc_in_029$g_run_id_get(),Not-Converted,yes,"Review and correct the generated code. Best-effort Azure PostgreSQL code was generated, but it is not included in the deployment script and its behavior is unverified. Compare it with the source, correct it, and test it before deploying separately. Reference: CVT-366"
PACKAGE_STATE,CONTOSO.PKG_GEN_IFC_IN_029.__state__,FUNCTION,contoso.pkg_gen_ifc_in_029$g_run_id_set(),Not-Converted,yes,"Review and correct the generated code. Best-effort Azure PostgreSQL code was generated, but it is not included in the deployment script and its behavior is unverified. Compare it with the source, correct it, and test it before deploying separately. Reference: CVT-366"
PACKAGE_STATE,CONTOSO.PKG_GEN_IFC_IN_029.__state__,FUNCTION,contoso.pkg_gen_ifc_in_029$g_system_code(),Not-Converted,yes,"Review and correct the generated code. Best-effort Azure PostgreSQL code was generated, but it is not included in the deployment script and its behavior is unverified. Compare it with the source, correct it, and test it before deploying separately. Reference: CVT-366"
PACKAGE_STATE,CONTOSO.PKG_GEN_IFC_IN_029.__state__,FUNCTION,contoso.pkg_gen_ifc_in_029$g_transport(),Not-Converted,yes,"Review and correct the generated code. Best-effort Azure PostgreSQL code was generated, but it is not included in the deployment script and its behavior is unverified. Compare it with the source, correct it, and test it before deploying separately. Reference: CVT-366"
PACKAGE_STATE,CONTOSO.PKG_GEN_IFC_IN_029.__state__,TYPE,contoso.pkg_gen_ifc_in_029$t_row,Not-Converted,yes,"Review and correct the generated code. Best-effort Azure PostgreSQL code was generated, but it is not included in the deployment script and its behavior is unverified. Compare it with the source, correct it, and test it before deploying separately. Reference: CVT-366"
FUNCTION,CONTOSO.PKG_GEN_IFC_IN_029.batch_ref,FUNCTION,contoso.pkg_gen_ifc_in_029$batch_ref(),Not-Converted,yes,"Review and correct the generated code. Best-effort Azure PostgreSQL code was generated, but it is not included in the deployment script and its behavior is unverified. Compare it with the source, correct it, and test it before deploying separately. Reference: CVT-366"
PROCEDURE,CONTOSO.PKG_GEN_IFC_IN_029.import_batch,PROCEDURE,contoso.pkg_gen_ifc_in_029$import_batch(),Not-Converted,yes,"Review and correct the generated code. Best-effort Azure PostgreSQL code was generated, but it is not included in the deployment script and its behavior is unverified. Compare it with the source, correct it, and test it before deploying separately. Reference: CVT-366"
FUNCTION,CONTOSO.PKG_GEN_IFC_IN_029.pending_count,FUNCTION,contoso.pkg_gen_ifc_in_029$pending_count(),Not-Converted,yes,"Review and correct the generated code. Best-effort Azure PostgreSQL code was generated, but it is not included in the deployment script and its behavior is unverified. Compare it with the source, correct it, and test it before deploying separately. Reference: CVT-366"
PROCEDURE,CONTOSO.PKG_GEN_IFC_IN_029.quarantine,PROCEDURE,contoso.pkg_gen_ifc_in_029$quarantine(),Not-Converted,yes,"Review and correct the generated code. Best-effort Azure PostgreSQL code was generated, but it is not included in the deployment script and its behavior is unverified. Compare it with the source, correct it, and test it before deploying separately. Reference: CVT-366"
PROCEDURE,CONTOSO.PKG_GEN_IFC_IN_029.reconcile,PROCEDURE,contoso.pkg_gen_ifc_in_029$reconcile(),Not-Converted,yes,"Review and correct the generated code. Best-effort Azure PostgreSQL code was generated, but it is not included in the deployment script and its behavior is unverified. Compare it with the source, correct it, and test it before deploying separately. Reference: CVT-366"
PACKAGE_BODY,CONTOSO.PKG_GEN_IFC_IN_031,PACKAGE_BODY,contoso.pkg_gen_ifc_in_031,Not-Converted,yes,"Verify that the functionality is present. Deployable Azure PostgreSQL code could not be generated for this object, and it has no separate entry in the deployment script. Check whether the related object contains its functionality; if it does not, implement the missing Azure PostgreSQL behavior, test it, and deploy it separately. Reference: CVT-124"
PACKAGE_STATE,CONTOSO.PKG_GEN_IFC_IN_031.__state__,DOMAIN,contoso.pkg_gen_ifc_in_031$t_row_tab,Not-Converted,yes,"Review and correct the generated code. Best-effort Azure PostgreSQL code was generated, but it is not included in the deployment script and its behavior is unverified. Compare it with the source, correct it, and test it before deploying separately. Reference: CVT-366"
PACKAGE_STATE,CONTOSO.PKG_GEN_IFC_IN_031.__state__,FUNCTION,contoso.pkg_gen_ifc_in_031$e_batch_rejected(),Not-Converted,yes,"Review and correct the generated code. Best-effort Azure PostgreSQL code was generated, but it is not included in the deployment script and its behavior is unverified. Compare it with the source, correct it, and test it before deploying separately. Reference: CVT-366"
PACKAGE_STATE,CONTOSO.PKG_GEN_IFC_IN_031.__state__,FUNCTION,contoso.pkg_gen_ifc_in_031$e_transport_down(),Not-Converted,yes,"Review and correct the generated code. Best-effort Azure PostgreSQL code was generated, but it is not included in the deployment script and its behavior is unverified. Compare it with the source, correct it, and test it before deploying separately. Reference: CVT-366"
PACKAGE_STATE,CONTOSO.PKG_GEN_IFC_IN_031.__state__,FUNCTION,contoso.pkg_gen_ifc_in_031$g_batch_limit(),Not-Converted,yes,"Review and correct the generated code. Best-effort Azure PostgreSQL code was generated, but it is not included in the deployment script and its behavior is unverified. Compare it with the source, correct it, and test it before deploying separately. Reference: CVT-366"
PACKAGE_STATE,CONTOSO.PKG_GEN_IFC_IN_031.__state__,FUNCTION,contoso.pkg_gen_ifc_in_031$g_direction(),Not-Converted,yes,"Review and correct the generated code. Best-effort Azure PostgreSQL code was generated, but it is not included in the deployment script and its behavior is unverified. Compare it with the source, correct it, and test it before deploying separately. Reference: CVT-366"
PACKAGE_STATE,CONTOSO.PKG_GEN_IFC_IN_031.__state__,FUNCTION,contoso.pkg_gen_ifc_in_031$g_entity(),Not-Converted,yes,"Review and correct the generated code. Best-effort Azure PostgreSQL code was generated, but it is not included in the deployment script and its behavior is unverified. Compare it with the source, correct it, and test it before deploying separately. Reference: CVT-366"
PACKAGE_STATE,CONTOSO.PKG_GEN_IFC_IN_031.__state__,FUNCTION,contoso.pkg_gen_ifc_in_031$g_run_id(),Not-Converted,yes,"Review and correct the generated code. Best-effort Azure PostgreSQL code was generated, but it is not included in the deployment script and its behavior is unverified. Compare it with the source, correct it, and test it before deploying separately. Reference: CVT-366"
PACKAGE_STATE,CONTOSO.PKG_GEN_IFC_IN_031.__state__,FUNCTION,contoso.pkg_gen_ifc_in_031$g_system_code(),Not-Converted,yes,"Review and correct the generated code. Best-effort Azure PostgreSQL code was generated, but it is not included in the deployment script and its behavior is unverified. Compare it with the source, correct it, and test it before deploying separately. Reference: CVT-366"
PACKAGE_STATE,CONTOSO.PKG_GEN_IFC_IN_031.__state__,FUNCTION,contoso.pkg_gen_ifc_in_031$g_transport(),Not-Converted,yes,"Review and correct the generated code. Best-effort Azure PostgreSQL code was generated, but it is not included in the deployment script and its behavior is unverified. Compare it with the source, correct it, and test it before deploying separately. Reference: CVT-366"
PACKAGE_STATE,CONTOSO.PKG_GEN_IFC_IN_031.__state__,FUNCTION,contoso.pkg_gen_ifc_in_031$set_g_run_id(),Not-Converted,yes,"Review and correct the generated code. Best-effort Azure PostgreSQL code was generated, but it is not included in the deployment script and its behavior is unverified. Compare it with the source, correct it, and test it before deploying separately. Reference: CVT-366"
PACKAGE_STATE,CONTOSO.PKG_GEN_IFC_IN_031.__state__,TYPE,contoso.pkg_gen_ifc_in_031$t_row,Not-Converted,yes,"Review and correct the generated code. Best-effort Azure PostgreSQL code was generated, but it is not included in the deployment script and its behavior is unverified. Compare it with the source, correct it, and test it before deploying separately. Reference: CVT-366"
FUNCTION,CONTOSO.PKG_GEN_IFC_IN_031.batch_ref,FUNCTION,contoso.pkg_gen_ifc_in_031$batch_ref(),Not-Converted,yes,"Review and correct the generated code. Best-effort Azure PostgreSQL code was generated, but it is not included in the deployment script and its behavior is unverified. Compare it with the source, correct it, and test it before deploying separately. Reference: CVT-366"
PROCEDURE,CONTOSO.PKG_GEN_IFC_IN_031.import_batch,PROCEDURE,contoso.pkg_gen_ifc_in_031$import_batch(),Not-Converted,yes,"Review and correct the generated code. Best-effort Azure PostgreSQL code was generated, but it is not included in the deployment script and its behavior is unverified. Compare it with the source, correct it, and test it before deploying separately. Reference: CVT-366"
FUNCTION,CONTOSO.PKG_GEN_IFC_IN_031.open_feed,FUNCTION,contoso.pkg_gen_ifc_in_031$open_feed(),Not-Converted,yes,"Review and correct the generated code. Best-effort Azure PostgreSQL code was generated, but it is not included in the deployment script and its behavior is unverified. Compare it with the source, correct it, and test it before deploying separately. Reference: CVT-366"
FUNCTION,CONTOSO.PKG_GEN_IFC_IN_031.pending_count,FUNCTION,contoso.pkg_gen_ifc_in_031$pending_count(),Not-Converted,yes,"Review and correct the generated code. Best-effort Azure PostgreSQL code was generated, but it is not included in the deployment script and its behavior is unverified. Compare it with the source, correct it, and test it before deploying separately. Reference: CVT-366"
PROCEDURE,CONTOSO.PKG_GEN_IFC_IN_031.quarantine,PROCEDURE,contoso.pkg_gen_ifc_in_031$quarantine(),Not-Converted,yes,"Review and correct the generated code. Best-effort Azure PostgreSQL code was generated, but it is not included in the deployment script and its behavior is unverified. Compare it with the source, correct it, and test it before deploying separately. Reference: CVT-366"
PROCEDURE,CONTOSO.PKG_GEN_IFC_IN_031.reconcile,PROCEDURE,contoso.pkg_gen_ifc_in_031$reconcile(),Not-Converted,yes,"Review and correct the generated code. Best-effort Azure PostgreSQL code was generated, but it is not included in the deployment script and its behavior is unverified. Compare it with the source, correct it, and test it before deploying separately. Reference: CVT-366"
PACKAGE_BODY,CONTOSO.PKG_GEN_IFC_IN_033,PACKAGE_BODY,contoso.pkg_gen_ifc_in_033,Converted,no,"Verify the related object. Azure PostgreSQL code was generated for this object, but this type of object does not get its own entry in the deployment script. Confirm that its behavior is present in the related object and test that object with representative data. Reference: CVT-121"
PACKAGE_STATE,CONTOSO.PKG_GEN_IFC_IN_033.__state__,DOMAIN,contoso.pkg_gen_ifc_in_033$t_row_tab,Converted,no,
PACKAGE_STATE,CONTOSO.PKG_GEN_IFC_IN_033.__state__,FUNCTION,contoso.pkg_gen_ifc_in_033$e_batch_rejected(),Converted,no,
PACKAGE_STATE,CONTOSO.PKG_GEN_IFC_IN_033.__state__,FUNCTION,contoso.pkg_gen_ifc_in_033$e_transport_down(),Converted,no,
PACKAGE_STATE,CONTOSO.PKG_GEN_IFC_IN_033.__state__,FUNCTION,contoso.pkg_gen_ifc_in_033$g_batch_limit(),Converted,no,
PACKAGE_STATE,CONTOSO.PKG_GEN_IFC_IN_033.__state__,FUNCTION,contoso.pkg_gen_ifc_in_033$g_direction(),Converted,no,
PACKAGE_STATE,CONTOSO.PKG_GEN_IFC_IN_033.__state__,FUNCTION,contoso.pkg_gen_ifc_in_033$g_entity(),Converted,no,
PACKAGE_STATE,CONTOSO.PKG_GEN_IFC_IN_033.__state__,FUNCTION,contoso.pkg_gen_ifc_in_033$g_run_id_get(),Converted,no,
PACKAGE_STATE,CONTOSO.PKG_GEN_IFC_IN_033.__state__,FUNCTION,contoso.pkg_gen_ifc_in_033$g_run_id_set(),Converted,no,
PACKAGE_STATE,CONTOSO.PKG_GEN_IFC_IN_033.__state__,FUNCTION,contoso.pkg_gen_ifc_in_033$g_system_code(),Converted,no,
PACKAGE_STATE,CONTOSO.PKG_GEN_IFC_IN_033.__state__,FUNCTION,contoso.pkg_gen_ifc_in_033$g_transport(),Converted,no,
PACKAGE_STATE,CONTOSO.PKG_GEN_IFC_IN_033.__state__,TYPE,contoso.pkg_gen_ifc_in_033$t_row,Converted,no,
FUNCTION,CONTOSO.PKG_GEN_IFC_IN_033.batch_ref,FUNCTION,contoso.pkg_gen_ifc_in_033$batch_ref(),Converted,yes,
PROCEDURE,CONTOSO.PKG_GEN_IFC_IN_033.import_batch,PROCEDURE,contoso.pkg_gen_ifc_in_033$import_batch(),Converted,yes,
FUNCTION,CONTOSO.PKG_GEN_IFC_IN_033.pending_count,FUNCTION,contoso.pkg_gen_ifc_in_033$pending_count(),Converted,yes,
PROCEDURE,CONTOSO.PKG_GEN_IFC_IN_033.quarantine,PROCEDURE,contoso.pkg_gen_ifc_in_033$quarantine(),Converted,yes,
PROCEDURE,CONTOSO.PKG_GEN_IFC_IN_033.reconcile,PROCEDURE,contoso.pkg_gen_ifc_in_033$reconcile(),Converted,yes,
FUNCTION,CONTOSO.PKG_GEN_IFC_IN_033.resolve_key,FUNCTION,contoso.pkg_gen_ifc_in_033$resolve_key(p_key varchar),Converted,no,
FUNCTION,CONTOSO.PKG_GEN_IFC_IN_033.resolve_key,FUNCTION,contoso.pkg_gen_ifc_in_033$resolve_key(p_key numeric),Converted,no,
FUNCTION,CONTOSO.PKG_GEN_IFC_IN_033.resolve_key,FUNCTION,contoso.pkg_gen_ifc_in_033$resolve_key(p_key date),Converted,no,
PACKAGE_BODY,CONTOSO.PKG_GEN_IFC_IN_035,PACKAGE_BODY,contoso.pkg_gen_ifc_in_035,Not-Converted,yes,"Verify that the functionality is present. Deployable Azure PostgreSQL code could not be generated for this object, and it has no separate entry in the deployment script. Check whether the related object contains its functionality; if it does not, implement the missing Azure PostgreSQL behavior, test it, and deploy it separately. Reference: CVT-124"
PACKAGE_STATE,CONTOSO.PKG_GEN_IFC_IN_035.__state__,DOMAIN,contoso.pkg_gen_ifc_in_035$t_row_tab,Not-Converted,yes,"Review and correct the generated code. Best-effort Azure PostgreSQL code was generated, but it is not included in the deployment script and its behavior is unverified. Compare it with the source, correct it, and test it before deploying separately. Reference: CVT-366"
PACKAGE_STATE,CONTOSO.PKG_GEN_IFC_IN_035.__state__,FUNCTION,contoso.pkg_gen_ifc_in_035$e_batch_rejected(),Not-Converted,yes,"Review and correct the generated code. Best-effort Azure PostgreSQL code was generated, but it is not included in the deployment script and its behavior is unverified. Compare it with the source, correct it, and test it before deploying separately. Reference: CVT-366"
PACKAGE_STATE,CONTOSO.PKG_GEN_IFC_IN_035.__state__,FUNCTION,contoso.pkg_gen_ifc_in_035$e_transport_down(),Not-Converted,yes,"Review and correct the generated code. Best-effort Azure PostgreSQL code was generated, but it is not included in the deployment script and its behavior is unverified. Compare it with the source, correct it, and test it before deploying separately. Reference: CVT-366"
PACKAGE_STATE,CONTOSO.PKG_GEN_IFC_IN_035.__state__,FUNCTION,contoso.pkg_gen_ifc_in_035$g_batch_limit(),Not-Converted,yes,"Review and correct the generated code. Best-effort Azure PostgreSQL code was generated, but it is not included in the deployment script and its behavior is unverified. Compare it with the source, correct it, and test it before deploying separately. Reference: CVT-366"
PACKAGE_STATE,CONTOSO.PKG_GEN_IFC_IN_035.__state__,FUNCTION,contoso.pkg_gen_ifc_in_035$g_direction(),Not-Converted,yes,"Review and correct the generated code. Best-effort Azure PostgreSQL code was generated, but it is not included in the deployment script and its behavior is unverified. Compare it with the source, correct it, and test it before deploying separately. Reference: CVT-366"
PACKAGE_STATE,CONTOSO.PKG_GEN_IFC_IN_035.__state__,FUNCTION,contoso.pkg_gen_ifc_in_035$g_entity(),Not-Converted,yes,"Review and correct the generated code. Best-effort Azure PostgreSQL code was generated, but it is not included in the deployment script and its behavior is unverified. Compare it with the source, correct it, and test it before deploying separately. Reference: CVT-366"
PACKAGE_STATE,CONTOSO.PKG_GEN_IFC_IN_035.__state__,FUNCTION,contoso.pkg_gen_ifc_in_035$g_run_id_get(),Not-Converted,yes,"Review and correct the generated code. Best-effort Azure PostgreSQL code was generated, but it is not included in the deployment script and its behavior is unverified. Compare it with the source, correct it, and test it before deploying separately. Reference: CVT-366"
PACKAGE_STATE,CONTOSO.PKG_GEN_IFC_IN_035.__state__,FUNCTION,contoso.pkg_gen_ifc_in_035$g_run_id_set(),Not-Converted,yes,"Review and correct the generated code. Best-effort Azure PostgreSQL code was generated, but it is not included in the deployment script and its behavior is unverified. Compare it with the source, correct it, and test it before deploying separately. Reference: CVT-366"
PACKAGE_STATE,CONTOSO.PKG_GEN_IFC_IN_035.__state__,FUNCTION,contoso.pkg_gen_ifc_in_035$g_system_code(),Not-Converted,yes,"Review and correct the generated code. Best-effort Azure PostgreSQL code was generated, but it is not included in the deployment script and its behavior is unverified. Compare it with the source, correct it, and test it before deploying separately. Reference: CVT-366"
PACKAGE_STATE,CONTOSO.PKG_GEN_IFC_IN_035.__state__,FUNCTION,contoso.pkg_gen_ifc_in_035$g_transport(),Not-Converted,yes,"Review and correct the generated code. Best-effort Azure PostgreSQL code was generated, but it is not included in the deployment script and its behavior is unverified. Compare it with the source, correct it, and test it before deploying separately. Reference: CVT-366"
PACKAGE_STATE,CONTOSO.PKG_GEN_IFC_IN_035.__state__,TYPE,contoso.pkg_gen_ifc_in_035$t_row,Not-Converted,yes,"Review and correct the generated code. Best-effort Azure PostgreSQL code was generated, but it is not included in the deployment script and its behavior is unverified. Compare it with the source, correct it, and test it before deploying separately. Reference: CVT-366"
FUNCTION,CONTOSO.PKG_GEN_IFC_IN_035.batch_ref,FUNCTION,contoso.pkg_gen_ifc_in_035$batch_ref(),Not-Converted,yes,"Review and correct the generated code. Best-effort Azure PostgreSQL code was generated, but it is not included in the deployment script and its behavior is unverified. Compare it with the source, correct it, and test it before deploying separately. Reference: CVT-366"
PROCEDURE,CONTOSO.PKG_GEN_IFC_IN_035.import_batch,PROCEDURE,contoso.pkg_gen_ifc_in_035$import_batch(),Not-Converted,yes,"Review and correct the generated code. Best-effort Azure PostgreSQL code was generated, but it is not included in the deployment script and its behavior is unverified. Compare it with the source, correct it, and test it before deploying separately. Reference: CVT-366"
FUNCTION,CONTOSO.PKG_GEN_IFC_IN_035.pending_count,FUNCTION,contoso.pkg_gen_ifc_in_035$pending_count(),Not-Converted,yes,"Review and correct the generated code. Best-effort Azure PostgreSQL code was generated, but it is not included in the deployment script and its behavior is unverified. Compare it with the source, correct it, and test it before deploying separately. Reference: CVT-366"
PROCEDURE,CONTOSO.PKG_GEN_IFC_IN_035.quarantine,PROCEDURE,contoso.pkg_gen_ifc_in_035$quarantine(),Not-Converted,yes,"Review and correct the generated code. Best-effort Azure PostgreSQL code was generated, but it is not included in the deployment script and its behavior is unverified. Compare it with the source, correct it, and test it before deploying separately. Reference: CVT-366"
PROCEDURE,CONTOSO.PKG_GEN_IFC_IN_035.reconcile,PROCEDURE,contoso.pkg_gen_ifc_in_035$reconcile(),Not-Converted,yes,"Review and correct the generated code. Best-effort Azure PostgreSQL code was generated, but it is not included in the deployment script and its behavior is unverified. Compare it with the source, correct it, and test it before deploying separately. Reference: CVT-366"
PACKAGE_BODY,CONTOSO.PKG_GEN_IFC_OUT_002,PACKAGE_BODY,contoso.pkg_gen_ifc_out_002,Not-Converted,yes,"Verify that the functionality is present. Deployable Azure PostgreSQL code could not be generated for this object, and it has no separate entry in the deployment script. Check whether the related object contains its functionality; if it does not, implement the missing Azure PostgreSQL behavior, test it, and deploy it separately. Reference: CVT-124"
PACKAGE_STATE,CONTOSO.PKG_GEN_IFC_OUT_002.__state__,DOMAIN,contoso.pkg_gen_ifc_out_002$t_row_tab,Not-Converted,yes,"Review and correct the generated code. Best-effort Azure PostgreSQL code was generated, but it is not included in the deployment script and its behavior is unverified. Compare it with the source, correct it, and test it before deploying separately. Reference: CVT-366"
PACKAGE_STATE,CONTOSO.PKG_GEN_IFC_OUT_002.__state__,FUNCTION,contoso.pkg_gen_ifc_out_002$e_batch_rejected(),Not-Converted,yes,"Review and correct the generated code. Best-effort Azure PostgreSQL code was generated, but it is not included in the deployment script and its behavior is unverified. Compare it with the source, correct it, and test it before deploying separately. Reference: CVT-366"
PACKAGE_STATE,CONTOSO.PKG_GEN_IFC_OUT_002.__state__,FUNCTION,contoso.pkg_gen_ifc_out_002$e_transport_down(),Not-Converted,yes,"Review and correct the generated code. Best-effort Azure PostgreSQL code was generated, but it is not included in the deployment script and its behavior is unverified. Compare it with the source, correct it, and test it before deploying separately. Reference: CVT-366"
PACKAGE_STATE,CONTOSO.PKG_GEN_IFC_OUT_002.__state__,FUNCTION,contoso.pkg_gen_ifc_out_002$g_batch_limit(),Not-Converted,yes,"Review and correct the generated code. Best-effort Azure PostgreSQL code was generated, but it is not included in the deployment script and its behavior is unverified. Compare it with the source, correct it, and test it before deploying separately. Reference: CVT-366"
PACKAGE_STATE,CONTOSO.PKG_GEN_IFC_OUT_002.__state__,FUNCTION,contoso.pkg_gen_ifc_out_002$g_direction(),Not-Converted,yes,"Review and correct the generated code. Best-effort Azure PostgreSQL code was generated, but it is not included in the deployment script and its behavior is unverified. Compare it with the source, correct it, and test it before deploying separately. Reference: CVT-366"
PACKAGE_STATE,CONTOSO.PKG_GEN_IFC_OUT_002.__state__,FUNCTION,contoso.pkg_gen_ifc_out_002$g_entity(),Not-Converted,yes,"Review and correct the generated code. Best-effort Azure PostgreSQL code was generated, but it is not included in the deployment script and its behavior is unverified. Compare it with the source, correct it, and test it before deploying separately. Reference: CVT-366"
PACKAGE_STATE,CONTOSO.PKG_GEN_IFC_OUT_002.__state__,FUNCTION,contoso.pkg_gen_ifc_out_002$g_run_id_get(),Not-Converted,yes,"Review and correct the generated code. Best-effort Azure PostgreSQL code was generated, but it is not included in the deployment script and its behavior is unverified. Compare it with the source, correct it, and test it before deploying separately. Reference: CVT-366"
PACKAGE_STATE,CONTOSO.PKG_GEN_IFC_OUT_002.__state__,FUNCTION,contoso.pkg_gen_ifc_out_002$g_run_id_set(),Not-Converted,yes,"Review and correct the generated code. Best-effort Azure PostgreSQL code was generated, but it is not included in the deployment script and its behavior is unverified. Compare it with the source, correct it, and test it before deploying separately. Reference: CVT-366"
PACKAGE_STATE,CONTOSO.PKG_GEN_IFC_OUT_002.__state__,FUNCTION,contoso.pkg_gen_ifc_out_002$g_system_code(),Not-Converted,yes,"Review and correct the generated code. Best-effort Azure PostgreSQL code was generated, but it is not included in the deployment script and its behavior is unverified. Compare it with the source, correct it, and test it before deploying separately. Reference: CVT-366"
PACKAGE_STATE,CONTOSO.PKG_GEN_IFC_OUT_002.__state__,FUNCTION,contoso.pkg_gen_ifc_out_002$g_transport(),Not-Converted,yes,"Review and correct the generated code. Best-effort Azure PostgreSQL code was generated, but it is not included in the deployment script and its behavior is unverified. Compare it with the source, correct it, and test it before deploying separately. Reference: CVT-366"
PACKAGE_STATE,CONTOSO.PKG_GEN_IFC_OUT_002.__state__,TYPE,contoso.pkg_gen_ifc_out_002$t_row,Not-Converted,yes,"Review and correct the generated code. Best-effort Azure PostgreSQL code was generated, but it is not included in the deployment script and its behavior is unverified. Compare it with the source, correct it, and test it before deploying separately. Reference: CVT-366"
FUNCTION,CONTOSO.PKG_GEN_IFC_OUT_002.batch_ref,FUNCTION,contoso.pkg_gen_ifc_out_002$batch_ref(),Not-Converted,yes,"Review and correct the generated code. Best-effort Azure PostgreSQL code was generated, but it is not included in the deployment script and its behavior is unverified. Compare it with the source, correct it, and test it before deploying separately. Reference: CVT-366"
PROCEDURE,CONTOSO.PKG_GEN_IFC_OUT_002.import_batch,PROCEDURE,contoso.pkg_gen_ifc_out_002$import_batch(),Not-Converted,yes,"Review and correct the generated code. Best-effort Azure PostgreSQL code was generated, but it is not included in the deployment script and its behavior is unverified. Compare it with the source, correct it, and test it before deploying separately. Reference: CVT-366"
FUNCTION,CONTOSO.PKG_GEN_IFC_OUT_002.pending_count,FUNCTION,contoso.pkg_gen_ifc_out_002$pending_count(),Not-Converted,yes,"Review and correct the generated code. Best-effort Azure PostgreSQL code was generated, but it is not included in the deployment script and its behavior is unverified. Compare it with the source, correct it, and test it before deploying separately. Reference: CVT-366"
PROCEDURE,CONTOSO.PKG_GEN_IFC_OUT_002.quarantine,PROCEDURE,contoso.pkg_gen_ifc_out_002$quarantine(),Not-Converted,yes,"Review and correct the generated code. Best-effort Azure PostgreSQL code was generated, but it is not included in the deployment script and its behavior is unverified. Compare it with the source, correct it, and test it before deploying separately. Reference: CVT-366"
PROCEDURE,CONTOSO.PKG_GEN_IFC_OUT_002.reconcile,PROCEDURE,contoso.pkg_gen_ifc_out_002$reconcile(),Not-Converted,yes,"Review and correct the generated code. Best-effort Azure PostgreSQL code was generated, but it is not included in the deployment script and its behavior is unverified. Compare it with the source, correct it, and test it before deploying separately. Reference: CVT-366"
PACKAGE_BODY,CONTOSO.PKG_GEN_IFC_OUT_004,PACKAGE_BODY,contoso.pkg_gen_ifc_out_004,Converted,no,"Verify the related object. Azure PostgreSQL code was generated for this object, but this type of object does not get its own entry in the deployment script. Confirm that its behavior is present in the related object and test that object with representative data. Reference: CVT-121"
PACKAGE_STATE,CONTOSO.PKG_GEN_IFC_OUT_004.__state__,DOMAIN,contoso.pkg_gen_ifc_out_004$t_row_tab,Converted,no,
PACKAGE_STATE,CONTOSO.PKG_GEN_IFC_OUT_004.__state__,FUNCTION,contoso.pkg_gen_ifc_out_004$e_batch_rejected(),Converted,no,
PACKAGE_STATE,CONTOSO.PKG_GEN_IFC_OUT_004.__state__,FUNCTION,contoso.pkg_gen_ifc_out_004$e_transport_down(),Converted,no,
PACKAGE_STATE,CONTOSO.PKG_GEN_IFC_OUT_004.__state__,FUNCTION,contoso.pkg_gen_ifc_out_004$g_batch_limit(),Converted,no,
PACKAGE_STATE,CONTOSO.PKG_GEN_IFC_OUT_004.__state__,FUNCTION,contoso.pkg_gen_ifc_out_004$g_direction(),Converted,no,
PACKAGE_STATE,CONTOSO.PKG_GEN_IFC_OUT_004.__state__,FUNCTION,contoso.pkg_gen_ifc_out_004$g_entity(),Converted,no,
PACKAGE_STATE,CONTOSO.PKG_GEN_IFC_OUT_004.__state__,FUNCTION,contoso.pkg_gen_ifc_out_004$g_run_id_get(),Converted,no,
PACKAGE_STATE,CONTOSO.PKG_GEN_IFC_OUT_004.__state__,FUNCTION,contoso.pkg_gen_ifc_out_004$g_run_id_set(),Converted,no,
PACKAGE_STATE,CONTOSO.PKG_GEN_IFC_OUT_004.__state__,FUNCTION,contoso.pkg_gen_ifc_out_004$g_system_code(),Converted,no,
PACKAGE_STATE,CONTOSO.PKG_GEN_IFC_OUT_004.__state__,FUNCTION,contoso.pkg_gen_ifc_out_004$g_transport(),Converted,no,
PACKAGE_STATE,CONTOSO.PKG_GEN_IFC_OUT_004.__state__,TYPE,contoso.pkg_gen_ifc_out_004$t_row,Converted,no,
FUNCTION,CONTOSO.PKG_GEN_IFC_OUT_004.batch_ref,FUNCTION,contoso.pkg_gen_ifc_out_004$batch_ref(),Converted,yes,
PROCEDURE,CONTOSO.PKG_GEN_IFC_OUT_004.import_batch,FUNCTION,contoso.pkg_gen_ifc_out_004$import_batch(),Converted,yes,
FUNCTION,CONTOSO.PKG_GEN_IFC_OUT_004.open_feed,FUNCTION,contoso.pkg_gen_ifc_out_004$open_feed(),Converted,no,
FUNCTION,CONTOSO.PKG_GEN_IFC_OUT_004.pending_count,FUNCTION,contoso.pkg_gen_ifc_out_004$pending_count(),Converted,yes,
PROCEDURE,CONTOSO.PKG_GEN_IFC_OUT_004.quarantine,PROCEDURE,contoso.pkg_gen_ifc_out_004$quarantine(),Converted,yes,
PROCEDURE,CONTOSO.PKG_GEN_IFC_OUT_004.reconcile,PROCEDURE,contoso.pkg_gen_ifc_out_004$reconcile(),Converted,yes,
PACKAGE_BODY,CONTOSO.PKG_GEN_IFC_OUT_006,PACKAGE_BODY,contoso.pkg_gen_ifc_out_006,Converted,no,"Verify the related object. Azure PostgreSQL code was generated for this object, but this type of object does not get its own entry in the deployment script. Confirm that its behavior is present in the related object and test that object with representative data. Reference: CVT-121"
PACKAGE_STATE,CONTOSO.PKG_GEN_IFC_OUT_006.__state__,DOMAIN,contoso.pkg_gen_ifc_out_006$t_row_tab,Converted,no,
PACKAGE_STATE,CONTOSO.PKG_GEN_IFC_OUT_006.__state__,FUNCTION,contoso.pkg_gen_ifc_out_006$e_batch_rejected(),Converted,no,
PACKAGE_STATE,CONTOSO.PKG_GEN_IFC_OUT_006.__state__,FUNCTION,contoso.pkg_gen_ifc_out_006$e_transport_down(),Converted,no,
PACKAGE_STATE,CONTOSO.PKG_GEN_IFC_OUT_006.__state__,FUNCTION,contoso.pkg_gen_ifc_out_006$g_batch_limit(),Converted,no,
PACKAGE_STATE,CONTOSO.PKG_GEN_IFC_OUT_006.__state__,FUNCTION,contoso.pkg_gen_ifc_out_006$g_direction(),Converted,no,
PACKAGE_STATE,CONTOSO.PKG_GEN_IFC_OUT_006.__state__,FUNCTION,contoso.pkg_gen_ifc_out_006$g_entity(),Converted,no,
PACKAGE_STATE,CONTOSO.PKG_GEN_IFC_OUT_006.__state__,FUNCTION,contoso.pkg_gen_ifc_out_006$g_run_id(),Converted,no,
PACKAGE_STATE,CONTOSO.PKG_GEN_IFC_OUT_006.__state__,FUNCTION,contoso.pkg_gen_ifc_out_006$g_system_code(),Converted,no,
PACKAGE_STATE,CONTOSO.PKG_GEN_IFC_OUT_006.__state__,FUNCTION,contoso.pkg_gen_ifc_out_006$g_transport(),Converted,no,
PACKAGE_STATE,CONTOSO.PKG_GEN_IFC_OUT_006.__state__,FUNCTION,contoso.pkg_gen_ifc_out_006$set_g_run_id(),Converted,no,
PACKAGE_STATE,CONTOSO.PKG_GEN_IFC_OUT_006.__state__,TYPE,contoso.pkg_gen_ifc_out_006$t_row,Converted,no,
FUNCTION,CONTOSO.PKG_GEN_IFC_OUT_006.batch_ref,FUNCTION,contoso.pkg_gen_ifc_out_006$batch_ref(),Converted,yes,
PROCEDURE,CONTOSO.PKG_GEN_IFC_OUT_006.import_batch,FUNCTION,contoso.pkg_gen_ifc_out_006$import_batch(),Converted,yes,
FUNCTION,CONTOSO.PKG_GEN_IFC_OUT_006.pending_count,FUNCTION,contoso.pkg_gen_ifc_out_006$pending_count(),Converted,yes,
PROCEDURE,CONTOSO.PKG_GEN_IFC_OUT_006.quarantine,FUNCTION,contoso.pkg_gen_ifc_out_006$quarantine(),Converted,yes,
PROCEDURE,CONTOSO.PKG_GEN_IFC_OUT_006.reconcile,FUNCTION,contoso.pkg_gen_ifc_out_006$reconcile(),Converted,yes,
FUNCTION,CONTOSO.PKG_GEN_IFC_OUT_006.resolve_key,FUNCTION,contoso.pkg_gen_ifc_out_006$resolve_key(p_key varchar),Converted,no,
FUNCTION,CONTOSO.PKG_GEN_IFC_OUT_006.resolve_key,FUNCTION,contoso.pkg_gen_ifc_out_006$resolve_key(p_key numeric),Converted,no,
FUNCTION,CONTOSO.PKG_GEN_IFC_OUT_006.resolve_key,FUNCTION,contoso.pkg_gen_ifc_out_006$resolve_key(p_key timestamp without time zone),Converted,no,
PACKAGE_BODY,CONTOSO.PKG_GEN_IFC_OUT_008,PACKAGE_BODY,contoso.pkg_gen_ifc_out_008,Not-Converted,yes,"Verify that the functionality is present. Deployable Azure PostgreSQL code could not be generated for this object, and it has no separate entry in the deployment script. Check whether the related object contains its functionality; if it does not, implement the missing Azure PostgreSQL behavior, test it, and deploy it separately. Reference: CVT-124"
PACKAGE_STATE,CONTOSO.PKG_GEN_IFC_OUT_008.__state__,DOMAIN,contoso.pkg_gen_ifc_out_008$t_row_tab,Not-Converted,yes,"Review and correct the generated code. Best-effort Azure PostgreSQL code was generated, but it is not included in the deployment script and its behavior is unverified. Compare it with the source, correct it, and test it before deploying separately. Reference: CVT-366"
PACKAGE_STATE,CONTOSO.PKG_GEN_IFC_OUT_008.__state__,FUNCTION,contoso.pkg_gen_ifc_out_008$e_batch_rejected(),Not-Converted,yes,"Review and correct the generated code. Best-effort Azure PostgreSQL code was generated, but it is not included in the deployment script and its behavior is unverified. Compare it with the source, correct it, and test it before deploying separately. Reference: CVT-366"
PACKAGE_STATE,CONTOSO.PKG_GEN_IFC_OUT_008.__state__,FUNCTION,contoso.pkg_gen_ifc_out_008$e_transport_down(),Not-Converted,yes,"Review and correct the generated code. Best-effort Azure PostgreSQL code was generated, but it is not included in the deployment script and its behavior is unverified. Compare it with the source, correct it, and test it before deploying separately. Reference: CVT-366"
PACKAGE_STATE,CONTOSO.PKG_GEN_IFC_OUT_008.__state__,FUNCTION,contoso.pkg_gen_ifc_out_008$g_batch_limit(),Not-Converted,yes,"Review and correct the generated code. Best-effort Azure PostgreSQL code was generated, but it is not included in the deployment script and its behavior is unverified. Compare it with the source, correct it, and test it before deploying separately. Reference: CVT-366"
PACKAGE_STATE,CONTOSO.PKG_GEN_IFC_OUT_008.__state__,FUNCTION,contoso.pkg_gen_ifc_out_008$g_direction(),Not-Converted,yes,"Review and correct the generated code. Best-effort Azure PostgreSQL code was generated, but it is not included in the deployment script and its behavior is unverified. Compare it with the source, correct it, and test it before deploying separately. Reference: CVT-366"
PACKAGE_STATE,CONTOSO.PKG_GEN_IFC_OUT_008.__state__,FUNCTION,contoso.pkg_gen_ifc_out_008$g_entity(),Not-Converted,yes,"Review and correct the generated code. Best-effort Azure PostgreSQL code was generated, but it is not included in the deployment script and its behavior is unverified. Compare it with the source, correct it, and test it before deploying separately. Reference: CVT-366"
PACKAGE_STATE,CONTOSO.PKG_GEN_IFC_OUT_008.__state__,FUNCTION,contoso.pkg_gen_ifc_out_008$g_run_id_clear(),Not-Converted,yes,"Review and correct the generated code. Best-effort Azure PostgreSQL code was generated, but it is not included in the deployment script and its behavior is unverified. Compare it with the source, correct it, and test it before deploying separately. Reference: CVT-366"
PACKAGE_STATE,CONTOSO.PKG_GEN_IFC_OUT_008.__state__,FUNCTION,contoso.pkg_gen_ifc_out_008$g_run_id_get(),Not-Converted,yes,"Review and correct the generated code. Best-effort Azure PostgreSQL code was generated, but it is not included in the deployment script and its behavior is unverified. Compare it with the source, correct it, and test it before deploying separately. Reference: CVT-366"
PACKAGE_STATE,CONTOSO.PKG_GEN_IFC_OUT_008.__state__,FUNCTION,contoso.pkg_gen_ifc_out_008$g_run_id_set(),Not-Converted,yes,"Review and correct the generated code. Best-effort Azure PostgreSQL code was generated, but it is not included in the deployment script and its behavior is unverified. Compare it with the source, correct it, and test it before deploying separately. Reference: CVT-366"
PACKAGE_STATE,CONTOSO.PKG_GEN_IFC_OUT_008.__state__,FUNCTION,contoso.pkg_gen_ifc_out_008$g_system_code(),Not-Converted,yes,"Review and correct the generated code. Best-effort Azure PostgreSQL code was generated, but it is not included in the deployment script and its behavior is unverified. Compare it with the source, correct it, and test it before deploying separately. Reference: CVT-366"
PACKAGE_STATE,CONTOSO.PKG_GEN_IFC_OUT_008.__state__,FUNCTION,contoso.pkg_gen_ifc_out_008$g_transport(),Not-Converted,yes,"Review and correct the generated code. Best-effort Azure PostgreSQL code was generated, but it is not included in the deployment script and its behavior is unverified. Compare it with the source, correct it, and test it before deploying separately. Reference: CVT-366"
PACKAGE_STATE,CONTOSO.PKG_GEN_IFC_OUT_008.__state__,TYPE,contoso.pkg_gen_ifc_out_008$t_row,Not-Converted,yes,"Review and correct the generated code. Best-effort Azure PostgreSQL code was generated, but it is not included in the deployment script and its behavior is unverified. Compare it with the source, correct it, and test it before deploying separately. Reference: CVT-366"
FUNCTION,CONTOSO.PKG_GEN_IFC_OUT_008.batch_ref,FUNCTION,contoso.pkg_gen_ifc_out_008$batch_ref(),Not-Converted,yes,"Review and correct the generated code. Best-effort Azure PostgreSQL code was generated, but it is not included in the deployment script and its behavior is unverified. Compare it with the source, correct it, and test it before deploying separately. Reference: CVT-366"
PROCEDURE,CONTOSO.PKG_GEN_IFC_OUT_008.import_batch,FUNCTION,contoso.pkg_gen_ifc_out_008$import_batch(),Not-Converted,yes,"Review and correct the generated code. Best-effort Azure PostgreSQL code was generated, but it is not included in the deployment script and its behavior is unverified. Compare it with the source, correct it, and test it before deploying separately. Reference: CVT-366"
FUNCTION,CONTOSO.PKG_GEN_IFC_OUT_008.pending_count,FUNCTION,contoso.pkg_gen_ifc_out_008$pending_count(),Not-Converted,yes,"Review and correct the generated code. Best-effort Azure PostgreSQL code was generated, but it is not included in the deployment script and its behavior is unverified. Compare it with the source, correct it, and test it before deploying separately. Reference: CVT-366"
PROCEDURE,CONTOSO.PKG_GEN_IFC_OUT_008.quarantine,PROCEDURE,contoso.pkg_gen_ifc_out_008$quarantine(),Not-Converted,yes,"Review and correct the generated code. Best-effort Azure PostgreSQL code was generated, but it is not included in the deployment script and its behavior is unverified. Compare it with the source, correct it, and test it before deploying separately. Reference: CVT-366"
PROCEDURE,CONTOSO.PKG_GEN_IFC_OUT_008.reconcile,PROCEDURE,contoso.pkg_gen_ifc_out_008$reconcile(),Not-Converted,yes,"Review and correct the generated code. Best-effort Azure PostgreSQL code was generated, but it is not included in the deployment script and its behavior is unverified. Compare it with the source, correct it, and test it before deploying separately. Reference: CVT-366"
PACKAGE_BODY,CONTOSO.PKG_GEN_IFC_OUT_010,PACKAGE_BODY,contoso.pkg_gen_ifc_out_010,Not-Converted,yes,"Verify that the functionality is present. Deployable Azure PostgreSQL code could not be generated for this object, and it has no separate entry in the deployment script. Check whether the related object contains its functionality; if it does not, implement the missing Azure PostgreSQL behavior, test it, and deploy it separately. Reference: CVT-124"
PACKAGE_STATE,CONTOSO.PKG_GEN_IFC_OUT_010.__state__,DOMAIN,contoso.pkg_gen_ifc_out_010$t_row_tab,Not-Converted,yes,"Review and correct the generated code. Best-effort Azure PostgreSQL code was generated, but it is not included in the deployment script and its behavior is unverified. Compare it with the source, correct it, and test it before deploying separately. Reference: CVT-366"
PACKAGE_STATE,CONTOSO.PKG_GEN_IFC_OUT_010.__state__,FUNCTION,contoso.pkg_gen_ifc_out_010$e_batch_rejected(),Not-Converted,yes,"Review and correct the generated code. Best-effort Azure PostgreSQL code was generated, but it is not included in the deployment script and its behavior is unverified. Compare it with the source, correct it, and test it before deploying separately. Reference: CVT-366"
PACKAGE_STATE,CONTOSO.PKG_GEN_IFC_OUT_010.__state__,FUNCTION,contoso.pkg_gen_ifc_out_010$e_transport_down(),Not-Converted,yes,"Review and correct the generated code. Best-effort Azure PostgreSQL code was generated, but it is not included in the deployment script and its behavior is unverified. Compare it with the source, correct it, and test it before deploying separately. Reference: CVT-366"
PACKAGE_STATE,CONTOSO.PKG_GEN_IFC_OUT_010.__state__,FUNCTION,contoso.pkg_gen_ifc_out_010$g_batch_limit(),Not-Converted,yes,"Review and correct the generated code. Best-effort Azure PostgreSQL code was generated, but it is not included in the deployment script and its behavior is unverified. Compare it with the source, correct it, and test it before deploying separately. Reference: CVT-366"
PACKAGE_STATE,CONTOSO.PKG_GEN_IFC_OUT_010.__state__,FUNCTION,contoso.pkg_gen_ifc_out_010$g_direction(),Not-Converted,yes,"Review and correct the generated code. Best-effort Azure PostgreSQL code was generated, but it is not included in the deployment script and its behavior is unverified. Compare it with the source, correct it, and test it before deploying separately. Reference: CVT-366"
PACKAGE_STATE,CONTOSO.PKG_GEN_IFC_OUT_010.__state__,FUNCTION,contoso.pkg_gen_ifc_out_010$g_entity(),Not-Converted,yes,"Review and correct the generated code. Best-effort Azure PostgreSQL code was generated, but it is not included in the deployment script and its behavior is unverified. Compare it with the source, correct it, and test it before deploying separately. Reference: CVT-366"
PACKAGE_STATE,CONTOSO.PKG_GEN_IFC_OUT_010.__state__,FUNCTION,contoso.pkg_gen_ifc_out_010$g_run_id_get(),Not-Converted,yes,"Review and correct the generated code. Best-effort Azure PostgreSQL code was generated, but it is not included in the deployment script and its behavior is unverified. Compare it with the source, correct it, and test it before deploying separately. Reference: CVT-366"
PACKAGE_STATE,CONTOSO.PKG_GEN_IFC_OUT_010.__state__,FUNCTION,contoso.pkg_gen_ifc_out_010$g_run_id_set(),Not-Converted,yes,"Review and correct the generated code. Best-effort Azure PostgreSQL code was generated, but it is not included in the deployment script and its behavior is unverified. Compare it with the source, correct it, and test it before deploying separately. Reference: CVT-366"
PACKAGE_STATE,CONTOSO.PKG_GEN_IFC_OUT_010.__state__,FUNCTION,contoso.pkg_gen_ifc_out_010$g_system_code(),Not-Converted,yes,"Review and correct the generated code. Best-effort Azure PostgreSQL code was generated, but it is not included in the deployment script and its behavior is unverified. Compare it with the source, correct it, and test it before deploying separately. Reference: CVT-366"
PACKAGE_STATE,CONTOSO.PKG_GEN_IFC_OUT_010.__state__,FUNCTION,contoso.pkg_gen_ifc_out_010$g_transport(),Not-Converted,yes,"Review and correct the generated code. Best-effort Azure PostgreSQL code was generated, but it is not included in the deployment script and its behavior is unverified. Compare it with the source, correct it, and test it before deploying separately. Reference: CVT-366"
PACKAGE_STATE,CONTOSO.PKG_GEN_IFC_OUT_010.__state__,TYPE,contoso.pkg_gen_ifc_out_010$t_row,Not-Converted,yes,"Review and correct the generated code. Best-effort Azure PostgreSQL code was generated, but it is not included in the deployment script and its behavior is unverified. Compare it with the source, correct it, and test it before deploying separately. Reference: CVT-366"
FUNCTION,CONTOSO.PKG_GEN_IFC_OUT_010.batch_ref,FUNCTION,contoso.pkg_gen_ifc_out_010$batch_ref(),Not-Converted,yes,"Review and correct the generated code. Best-effort Azure PostgreSQL code was generated, but it is not included in the deployment script and its behavior is unverified. Compare it with the source, correct it, and test it before deploying separately. Reference: CVT-366"
PROCEDURE,CONTOSO.PKG_GEN_IFC_OUT_010.import_batch,FUNCTION,contoso.pkg_gen_ifc_out_010$import_batch(),Not-Converted,yes,"Review and correct the generated code. Best-effort Azure PostgreSQL code was generated, but it is not included in the deployment script and its behavior is unverified. Compare it with the source, correct it, and test it before deploying separately. Reference: CVT-366"
FUNCTION,CONTOSO.PKG_GEN_IFC_OUT_010.open_feed,FUNCTION,contoso.pkg_gen_ifc_out_010$open_feed(),Not-Converted,yes,"Review and correct the generated code. Best-effort Azure PostgreSQL code was generated, but it is not included in the deployment script and its behavior is unverified. Compare it with the source, correct it, and test it before deploying separately. Reference: CVT-366"
FUNCTION,CONTOSO.PKG_GEN_IFC_OUT_010.pending_count,FUNCTION,contoso.pkg_gen_ifc_out_010$pending_count(),Not-Converted,yes,"Review and correct the generated code. Best-effort Azure PostgreSQL code was generated, but it is not included in the deployment script and its behavior is unverified. Compare it with the source, correct it, and test it before deploying separately. Reference: CVT-366"
PROCEDURE,CONTOSO.PKG_GEN_IFC_OUT_010.quarantine,FUNCTION,contoso.pkg_gen_ifc_out_010$quarantine(),Not-Converted,yes,"Review and correct the generated code. Best-effort Azure PostgreSQL code was generated, but it is not included in the deployment script and its behavior is unverified. Compare it with the source, correct it, and test it before deploying separately. Reference: CVT-366"
PROCEDURE,CONTOSO.PKG_GEN_IFC_OUT_010.reconcile,FUNCTION,contoso.pkg_gen_ifc_out_010$reconcile(),Not-Converted,yes,"Review and correct the generated code. Best-effort Azure PostgreSQL code was generated, but it is not included in the deployment script and its behavior is unverified. Compare it with the source, correct it, and test it before deploying separately. Reference: CVT-366"
PACKAGE_BODY,CONTOSO.PKG_GEN_IFC_OUT_012,PACKAGE_BODY,contoso.pkg_gen_ifc_out_012,Not-Converted,yes,"Verify that the functionality is present. Deployable Azure PostgreSQL code could not be generated for this object, and it has no separate entry in the deployment script. Check whether the related object contains its functionality; if it does not, implement the missing Azure PostgreSQL behavior, test it, and deploy it separately. Reference: CVT-124"
PACKAGE_STATE,CONTOSO.PKG_GEN_IFC_OUT_012.__state__,DOMAIN,contoso.pkg_gen_ifc_out_012$t_row_tab,Not-Converted,yes,"Review and correct the generated code. Best-effort Azure PostgreSQL code was generated, but it is not included in the deployment script and its behavior is unverified. Compare it with the source, correct it, and test it before deploying separately. Reference: CVT-366"
PACKAGE_STATE,CONTOSO.PKG_GEN_IFC_OUT_012.__state__,FUNCTION,contoso.pkg_gen_ifc_out_012$e_batch_rejected(),Not-Converted,yes,"Review and correct the generated code. Best-effort Azure PostgreSQL code was generated, but it is not included in the deployment script and its behavior is unverified. Compare it with the source, correct it, and test it before deploying separately. Reference: CVT-366"
PACKAGE_STATE,CONTOSO.PKG_GEN_IFC_OUT_012.__state__,FUNCTION,contoso.pkg_gen_ifc_out_012$e_transport_down(),Not-Converted,yes,"Review and correct the generated code. Best-effort Azure PostgreSQL code was generated, but it is not included in the deployment script and its behavior is unverified. Compare it with the source, correct it, and test it before deploying separately. Reference: CVT-366"
PACKAGE_STATE,CONTOSO.PKG_GEN_IFC_OUT_012.__state__,FUNCTION,contoso.pkg_gen_ifc_out_012$g_batch_limit(),Not-Converted,yes,"Review and correct the generated code. Best-effort Azure PostgreSQL code was generated, but it is not included in the deployment script and its behavior is unverified. Compare it with the source, correct it, and test it before deploying separately. Reference: CVT-366"
PACKAGE_STATE,CONTOSO.PKG_GEN_IFC_OUT_012.__state__,FUNCTION,contoso.pkg_gen_ifc_out_012$g_direction(),Not-Converted,yes,"Review and correct the generated code. Best-effort Azure PostgreSQL code was generated, but it is not included in the deployment script and its behavior is unverified. Compare it with the source, correct it, and test it before deploying separately. Reference: CVT-366"
PACKAGE_STATE,CONTOSO.PKG_GEN_IFC_OUT_012.__state__,FUNCTION,contoso.pkg_gen_ifc_out_012$g_entity(),Not-Converted,yes,"Review and correct the generated code. Best-effort Azure PostgreSQL code was generated, but it is not included in the deployment script and its behavior is unverified. Compare it with the source, correct it, and test it before deploying separately. Reference: CVT-366"
PACKAGE_STATE,CONTOSO.PKG_GEN_IFC_OUT_012.__state__,FUNCTION,contoso.pkg_gen_ifc_out_012$g_run_id_get(),Not-Converted,yes,"Review and correct the generated code. Best-effort Azure PostgreSQL code was generated, but it is not included in the deployment script and its behavior is unverified. Compare it with the source, correct it, and test it before deploying separately. Reference: CVT-366"
PACKAGE_STATE,CONTOSO.PKG_GEN_IFC_OUT_012.__state__,FUNCTION,contoso.pkg_gen_ifc_out_012$g_run_id_set(),Not-Converted,yes,"Review and correct the generated code. Best-effort Azure PostgreSQL code was generated, but it is not included in the deployment script and its behavior is unverified. Compare it with the source, correct it, and test it before deploying separately. Reference: CVT-366"
PACKAGE_STATE,CONTOSO.PKG_GEN_IFC_OUT_012.__state__,FUNCTION,contoso.pkg_gen_ifc_out_012$g_system_code(),Not-Converted,yes,"Review and correct the generated code. Best-effort Azure PostgreSQL code was generated, but it is not included in the deployment script and its behavior is unverified. Compare it with the source, correct it, and test it before deploying separately. Reference: CVT-366"
PACKAGE_STATE,CONTOSO.PKG_GEN_IFC_OUT_012.__state__,FUNCTION,contoso.pkg_gen_ifc_out_012$g_transport(),Not-Converted,yes,"Review and correct the generated code. Best-effort Azure PostgreSQL code was generated, but it is not included in the deployment script and its behavior is unverified. Compare it with the source, correct it, and test it before deploying separately. Reference: CVT-366"
PACKAGE_STATE,CONTOSO.PKG_GEN_IFC_OUT_012.__state__,TYPE,contoso.pkg_gen_ifc_out_012$t_row,Not-Converted,yes,"Review and correct the generated code. Best-effort Azure PostgreSQL code was generated, but it is not included in the deployment script and its behavior is unverified. Compare it with the source, correct it, and test it before deploying separately. Reference: CVT-366"
FUNCTION,CONTOSO.PKG_GEN_IFC_OUT_012.batch_ref,FUNCTION,contoso.pkg_gen_ifc_out_012$batch_ref(),Not-Converted,yes,"Review and correct the generated code. Best-effort Azure PostgreSQL code was generated, but it is not included in the deployment script and its behavior is unverified. Compare it with the source, correct it, and test it before deploying separately. Reference: CVT-366"
PROCEDURE,CONTOSO.PKG_GEN_IFC_OUT_012.import_batch,FUNCTION,contoso.pkg_gen_ifc_out_012$import_batch(),Not-Converted,yes,"Review and correct the generated code. Best-effort Azure PostgreSQL code was generated, but it is not included in the deployment script and its behavior is unverified. Compare it with the source, correct it, and test it before deploying separately. Reference: CVT-366"
FUNCTION,CONTOSO.PKG_GEN_IFC_OUT_012.pending_count,FUNCTION,contoso.pkg_gen_ifc_out_012$pending_count(),Not-Converted,yes,"Review and correct the generated code. Best-effort Azure PostgreSQL code was generated, but it is not included in the deployment script and its behavior is unverified. Compare it with the source, correct it, and test it before deploying separately. Reference: CVT-366"
PROCEDURE,CONTOSO.PKG_GEN_IFC_OUT_012.quarantine,PROCEDURE,contoso.pkg_gen_ifc_out_012$quarantine(),Not-Converted,yes,"Review and correct the generated code. Best-effort Azure PostgreSQL code was generated, but it is not included in the deployment script and its behavior is unverified. Compare it with the source, correct it, and test it before deploying separately. Reference: CVT-366"
PROCEDURE,CONTOSO.PKG_GEN_IFC_OUT_012.reconcile,PROCEDURE,contoso.pkg_gen_ifc_out_012$reconcile(),Not-Converted,yes,"Review and correct the generated code. Best-effort Azure PostgreSQL code was generated, but it is not included in the deployment script and its behavior is unverified. Compare it with the source, correct it, and test it before deploying separately. Reference: CVT-366"
FUNCTION,CONTOSO.PKG_GEN_IFC_OUT_012.resolve_key,FUNCTION,contoso.pkg_gen_ifc_out_012$resolve_key(p_key varchar),Not-Converted,yes,"Review and correct the generated code. Best-effort Azure PostgreSQL code was generated, but it is not included in the deployment script and its behavior is unverified. Compare it with the source, correct it, and test it before deploying separately. Reference: CVT-366"
FUNCTION,CONTOSO.PKG_GEN_IFC_OUT_012.resolve_key,FUNCTION,contoso.pkg_gen_ifc_out_012$resolve_key(p_key numeric),Not-Converted,yes,"Review and correct the generated code. Best-effort Azure PostgreSQL code was generated, but it is not included in the deployment script and its behavior is unverified. Compare it with the source, correct it, and test it before deploying separately. Reference: CVT-366"
FUNCTION,CONTOSO.PKG_GEN_IFC_OUT_012.resolve_key,FUNCTION,contoso.pkg_gen_ifc_out_012$resolve_key(p_key timestamp without time zone),Not-Converted,yes,"Review and correct the generated code. Best-effort Azure PostgreSQL code was generated, but it is not included in the deployment script and its behavior is unverified. Compare it with the source, correct it, and test it before deploying separately. Reference: CVT-366"
PACKAGE_BODY,CONTOSO.PKG_GEN_IFC_OUT_014,PACKAGE_BODY,contoso.pkg_gen_ifc_out_014,Not-Converted,yes,"Verify that the functionality is present. Deployable Azure PostgreSQL code could not be generated for this object, and it has no separate entry in the deployment script. Check whether the related object contains its functionality; if it does not, implement the missing Azure PostgreSQL behavior, test it, and deploy it separately. Reference: CVT-124"
PACKAGE_STATE,CONTOSO.PKG_GEN_IFC_OUT_014.__state__,DOMAIN,contoso.pkg_gen_ifc_out_014$t_row_tab,Not-Converted,yes,"Review and correct the generated code. Best-effort Azure PostgreSQL code was generated, but it is not included in the deployment script and its behavior is unverified. Compare it with the source, correct it, and test it before deploying separately. Reference: CVT-366"
PACKAGE_STATE,CONTOSO.PKG_GEN_IFC_OUT_014.__state__,FUNCTION,contoso.pkg_gen_ifc_out_014$e_batch_rejected(),Not-Converted,yes,"Review and correct the generated code. Best-effort Azure PostgreSQL code was generated, but it is not included in the deployment script and its behavior is unverified. Compare it with the source, correct it, and test it before deploying separately. Reference: CVT-366"
PACKAGE_STATE,CONTOSO.PKG_GEN_IFC_OUT_014.__state__,FUNCTION,contoso.pkg_gen_ifc_out_014$e_transport_down(),Not-Converted,yes,"Review and correct the generated code. Best-effort Azure PostgreSQL code was generated, but it is not included in the deployment script and its behavior is unverified. Compare it with the source, correct it, and test it before deploying separately. Reference: CVT-366"
PACKAGE_STATE,CONTOSO.PKG_GEN_IFC_OUT_014.__state__,FUNCTION,contoso.pkg_gen_ifc_out_014$g_batch_limit(),Not-Converted,yes,"Review and correct the generated code. Best-effort Azure PostgreSQL code was generated, but it is not included in the deployment script and its behavior is unverified. Compare it with the source, correct it, and test it before deploying separately. Reference: CVT-366"
PACKAGE_STATE,CONTOSO.PKG_GEN_IFC_OUT_014.__state__,FUNCTION,contoso.pkg_gen_ifc_out_014$g_direction(),Not-Converted,yes,"Review and correct the generated code. Best-effort Azure PostgreSQL code was generated, but it is not included in the deployment script and its behavior is unverified. Compare it with the source, correct it, and test it before deploying separately. Reference: CVT-366"
PACKAGE_STATE,CONTOSO.PKG_GEN_IFC_OUT_014.__state__,FUNCTION,contoso.pkg_gen_ifc_out_014$g_entity(),Not-Converted,yes,"Review and correct the generated code. Best-effort Azure PostgreSQL code was generated, but it is not included in the deployment script and its behavior is unverified. Compare it with the source, correct it, and test it before deploying separately. Reference: CVT-366"
PACKAGE_STATE,CONTOSO.PKG_GEN_IFC_OUT_014.__state__,FUNCTION,contoso.pkg_gen_ifc_out_014$g_run_id_get(),Not-Converted,yes,"Review and correct the generated code. Best-effort Azure PostgreSQL code was generated, but it is not included in the deployment script and its behavior is unverified. Compare it with the source, correct it, and test it before deploying separately. Reference: CVT-366"
PACKAGE_STATE,CONTOSO.PKG_GEN_IFC_OUT_014.__state__,FUNCTION,contoso.pkg_gen_ifc_out_014$g_run_id_set(),Not-Converted,yes,"Review and correct the generated code. Best-effort Azure PostgreSQL code was generated, but it is not included in the deployment script and its behavior is unverified. Compare it with the source, correct it, and test it before deploying separately. Reference: CVT-366"
PACKAGE_STATE,CONTOSO.PKG_GEN_IFC_OUT_014.__state__,FUNCTION,contoso.pkg_gen_ifc_out_014$g_system_code(),Not-Converted,yes,"Review and correct the generated code. Best-effort Azure PostgreSQL code was generated, but it is not included in the deployment script and its behavior is unverified. Compare it with the source, correct it, and test it before deploying separately. Reference: CVT-366"
PACKAGE_STATE,CONTOSO.PKG_GEN_IFC_OUT_014.__state__,FUNCTION,contoso.pkg_gen_ifc_out_014$g_transport(),Not-Converted,yes,"Review and correct the generated code. Best-effort Azure PostgreSQL code was generated, but it is not included in the deployment script and its behavior is unverified. Compare it with the source, correct it, and test it before deploying separately. Reference: CVT-366"
PACKAGE_STATE,CONTOSO.PKG_GEN_IFC_OUT_014.__state__,TYPE,contoso.pkg_gen_ifc_out_014$t_row,Not-Converted,yes,"Review and correct the generated code. Best-effort Azure PostgreSQL code was generated, but it is not included in the deployment script and its behavior is unverified. Compare it with the source, correct it, and test it before deploying separately. Reference: CVT-366"
FUNCTION,CONTOSO.PKG_GEN_IFC_OUT_014.batch_ref,FUNCTION,contoso.pkg_gen_ifc_out_014$batch_ref(),Not-Converted,yes,"Review and correct the generated code. Best-effort Azure PostgreSQL code was generated, but it is not included in the deployment script and its behavior is unverified. Compare it with the source, correct it, and test it before deploying separately. Reference: CVT-366"
PROCEDURE,CONTOSO.PKG_GEN_IFC_OUT_014.import_batch,FUNCTION,contoso.pkg_gen_ifc_out_014$import_batch(),Not-Converted,yes,"Review and correct the generated code. Best-effort Azure PostgreSQL code was generated, but it is not included in the deployment script and its behavior is unverified. Compare it with the source, correct it, and test it before deploying separately. Reference: CVT-366"
FUNCTION,CONTOSO.PKG_GEN_IFC_OUT_014.pending_count,FUNCTION,contoso.pkg_gen_ifc_out_014$pending_count(),Not-Converted,yes,"Review and correct the generated code. Best-effort Azure PostgreSQL code was generated, but it is not included in the deployment script and its behavior is unverified. Compare it with the source, correct it, and test it before deploying separately. Reference: CVT-366"
PROCEDURE,CONTOSO.PKG_GEN_IFC_OUT_014.quarantine,FUNCTION,contoso.pkg_gen_ifc_out_014$quarantine(),Not-Converted,yes,"Review and correct the generated code. Best-effort Azure PostgreSQL code was generated, but it is not included in the deployment script and its behavior is unverified. Compare it with the source, correct it, and test it before deploying separately. Reference: CVT-366"
PROCEDURE,CONTOSO.PKG_GEN_IFC_OUT_014.reconcile,FUNCTION,contoso.pkg_gen_ifc_out_014$reconcile(),Not-Converted,yes,"Review and correct the generated code. Best-effort Azure PostgreSQL code was generated, but it is not included in the deployment script and its behavior is unverified. Compare it with the source, correct it, and test it before deploying separately. Reference: CVT-366"
PACKAGE_BODY,CONTOSO.PKG_GEN_IFC_OUT_016,PACKAGE_BODY,contoso.pkg_gen_ifc_out_016,Converted,no,"Verify the related object. Azure PostgreSQL code was generated for this object, but this type of object does not get its own entry in the deployment script. Confirm that its behavior is present in the related object and test that object with representative data. Reference: CVT-121"
PACKAGE_STATE,CONTOSO.PKG_GEN_IFC_OUT_016.__state__,DOMAIN,contoso.pkg_gen_ifc_out_016$t_row_tab,Converted,no,
PACKAGE_STATE,CONTOSO.PKG_GEN_IFC_OUT_016.__state__,FUNCTION,contoso.pkg_gen_ifc_out_016$e_batch_rejected(),Converted,no,
PACKAGE_STATE,CONTOSO.PKG_GEN_IFC_OUT_016.__state__,FUNCTION,contoso.pkg_gen_ifc_out_016$e_transport_down(),Converted,no,
PACKAGE_STATE,CONTOSO.PKG_GEN_IFC_OUT_016.__state__,FUNCTION,contoso.pkg_gen_ifc_out_016$g_batch_limit(),Converted,no,
PACKAGE_STATE,CONTOSO.PKG_GEN_IFC_OUT_016.__state__,FUNCTION,contoso.pkg_gen_ifc_out_016$g_direction(),Converted,no,
PACKAGE_STATE,CONTOSO.PKG_GEN_IFC_OUT_016.__state__,FUNCTION,contoso.pkg_gen_ifc_out_016$g_entity(),Converted,no,
PACKAGE_STATE,CONTOSO.PKG_GEN_IFC_OUT_016.__state__,FUNCTION,contoso.pkg_gen_ifc_out_016$g_run_id_clear(),Converted,no,
PACKAGE_STATE,CONTOSO.PKG_GEN_IFC_OUT_016.__state__,FUNCTION,contoso.pkg_gen_ifc_out_016$g_run_id_get(),Converted,no,
PACKAGE_STATE,CONTOSO.PKG_GEN_IFC_OUT_016.__state__,FUNCTION,contoso.pkg_gen_ifc_out_016$g_run_id_set(),Converted,no,
PACKAGE_STATE,CONTOSO.PKG_GEN_IFC_OUT_016.__state__,FUNCTION,contoso.pkg_gen_ifc_out_016$g_system_code(),Converted,no,
PACKAGE_STATE,CONTOSO.PKG_GEN_IFC_OUT_016.__state__,FUNCTION,contoso.pkg_gen_ifc_out_016$g_transport(),Converted,no,
PACKAGE_STATE,CONTOSO.PKG_GEN_IFC_OUT_016.__state__,TYPE,contoso.pkg_gen_ifc_out_016$t_row,Converted,no,
FUNCTION,CONTOSO.PKG_GEN_IFC_OUT_016.batch_ref,FUNCTION,contoso.pkg_gen_ifc_out_016$batch_ref(),Converted,yes,
PROCEDURE,CONTOSO.PKG_GEN_IFC_OUT_016.import_batch,PROCEDURE,contoso.pkg_gen_ifc_out_016$import_batch(),Converted,yes,
FUNCTION,CONTOSO.PKG_GEN_IFC_OUT_016.open_feed,FUNCTION,contoso.pkg_gen_ifc_out_016$open_feed(),Converted,no,
FUNCTION,CONTOSO.PKG_GEN_IFC_OUT_016.pending_count,FUNCTION,contoso.pkg_gen_ifc_out_016$pending_count(),Converted,yes,
PROCEDURE,CONTOSO.PKG_GEN_IFC_OUT_016.quarantine,PROCEDURE,contoso.pkg_gen_ifc_out_016$quarantine(),Converted,yes,
PROCEDURE,CONTOSO.PKG_GEN_IFC_OUT_016.reconcile,PROCEDURE,contoso.pkg_gen_ifc_out_016$reconcile(),Converted,yes,
PACKAGE_BODY,CONTOSO.PKG_GEN_IFC_OUT_018,PACKAGE_BODY,contoso.pkg_gen_ifc_out_018,Converted,no,"Verify the related object. Azure PostgreSQL code was generated for this object, but this type of object does not get its own entry in the deployment script. Confirm that its behavior is present in the related object and test that object with representative data. Reference: CVT-121"
PACKAGE_STATE,CONTOSO.PKG_GEN_IFC_OUT_018.__state__,DOMAIN,contoso.pkg_gen_ifc_out_018$t_row_tab,Converted,no,
PACKAGE_STATE,CONTOSO.PKG_GEN_IFC_OUT_018.__state__,FUNCTION,contoso.pkg_gen_ifc_out_018$e_batch_rejected(),Converted,no,
PACKAGE_STATE,CONTOSO.PKG_GEN_IFC_OUT_018.__state__,FUNCTION,contoso.pkg_gen_ifc_out_018$e_transport_down(),Converted,no,
PACKAGE_STATE,CONTOSO.PKG_GEN_IFC_OUT_018.__state__,FUNCTION,contoso.pkg_gen_ifc_out_018$g_batch_limit(),Converted,no,
PACKAGE_STATE,CONTOSO.PKG_GEN_IFC_OUT_018.__state__,FUNCTION,contoso.pkg_gen_ifc_out_018$g_direction(),Converted,no,
PACKAGE_STATE,CONTOSO.PKG_GEN_IFC_OUT_018.__state__,FUNCTION,contoso.pkg_gen_ifc_out_018$g_entity(),Converted,no,
PACKAGE_STATE,CONTOSO.PKG_GEN_IFC_OUT_018.__state__,FUNCTION,contoso.pkg_gen_ifc_out_018$g_run_id_get(),Converted,no,
PACKAGE_STATE,CONTOSO.PKG_GEN_IFC_OUT_018.__state__,FUNCTION,contoso.pkg_gen_ifc_out_018$g_run_id_set(),Converted,no,
PACKAGE_STATE,CONTOSO.PKG_GEN_IFC_OUT_018.__state__,FUNCTION,contoso.pkg_gen_ifc_out_018$g_system_code(),Converted,no,
PACKAGE_STATE,CONTOSO.PKG_GEN_IFC_OUT_018.__state__,FUNCTION,contoso.pkg_gen_ifc_out_018$g_transport(),Converted,no,
PACKAGE_STATE,CONTOSO.PKG_GEN_IFC_OUT_018.__state__,TYPE,contoso.pkg_gen_ifc_out_018$t_row,Converted,no,
FUNCTION,CONTOSO.PKG_GEN_IFC_OUT_018.batch_ref,FUNCTION,contoso.pkg_gen_ifc_out_018$batch_ref(),Converted,no,
PROCEDURE,CONTOSO.PKG_GEN_IFC_OUT_018.import_batch,FUNCTION,contoso.pkg_gen_ifc_out_018$import_batch(),Converted,yes,
FUNCTION,CONTOSO.PKG_GEN_IFC_OUT_018.pending_count,FUNCTION,contoso.pkg_gen_ifc_out_018$pending_count(),Converted,yes,
PROCEDURE,CONTOSO.PKG_GEN_IFC_OUT_018.quarantine,FUNCTION,contoso.pkg_gen_ifc_out_018$quarantine(),Converted,yes,
PROCEDURE,CONTOSO.PKG_GEN_IFC_OUT_018.reconcile,FUNCTION,contoso.pkg_gen_ifc_out_018$reconcile(),Converted,yes,
FUNCTION,CONTOSO.PKG_GEN_IFC_OUT_018.resolve_key,FUNCTION,contoso.pkg_gen_ifc_out_018$resolve_key(p_key varchar),Converted,no,
FUNCTION,CONTOSO.PKG_GEN_IFC_OUT_018.resolve_key,FUNCTION,contoso.pkg_gen_ifc_out_018$resolve_key(p_key numeric),Converted,no,
FUNCTION,CONTOSO.PKG_GEN_IFC_OUT_018.resolve_key,FUNCTION,contoso.pkg_gen_ifc_out_018$resolve_key(p_key timestamp),Converted,no,
PACKAGE_BODY,CONTOSO.PKG_GEN_IFC_OUT_020,PACKAGE_BODY,contoso.pkg_gen_ifc_out_020,Not-Converted,yes,"Verify that the functionality is present. Deployable Azure PostgreSQL code could not be generated for this object, and it has no separate entry in the deployment script. Check whether the related object contains its functionality; if it does not, implement the missing Azure PostgreSQL behavior, test it, and deploy it separately. Reference: CVT-124"
PACKAGE_STATE,CONTOSO.PKG_GEN_IFC_OUT_020.__state__,DOMAIN,contoso.if,Not-Converted,yes,"Review and correct the generated code. Best-effort Azure PostgreSQL code was generated, but it is not included in the deployment script and its behavior is unverified. Compare it with the source, correct it, and test it before deploying separately. Reference: CVT-366"
PACKAGE_STATE,CONTOSO.PKG_GEN_IFC_OUT_020.__state__,DOMAIN,contoso.pkg_gen_ifc_out_020$t_row_tab,Not-Converted,yes,"Review and correct the generated code. Best-effort Azure PostgreSQL code was generated, but it is not included in the deployment script and its behavior is unverified. Compare it with the source, correct it, and test it before deploying separately. Reference: CVT-366"
PACKAGE_STATE,CONTOSO.PKG_GEN_IFC_OUT_020.__state__,FUNCTION,contoso.pkg_gen_ifc_out_020$e_batch_rejected(),Not-Converted,yes,"Review and correct the generated code. Best-effort Azure PostgreSQL code was generated, but it is not included in the deployment script and its behavior is unverified. Compare it with the source, correct it, and test it before deploying separately. Reference: CVT-366"
PACKAGE_STATE,CONTOSO.PKG_GEN_IFC_OUT_020.__state__,FUNCTION,contoso.pkg_gen_ifc_out_020$e_transport_down(),Not-Converted,yes,"Review and correct the generated code. Best-effort Azure PostgreSQL code was generated, but it is not included in the deployment script and its behavior is unverified. Compare it with the source, correct it, and test it before deploying separately. Reference: CVT-366"
PACKAGE_STATE,CONTOSO.PKG_GEN_IFC_OUT_020.__state__,FUNCTION,contoso.pkg_gen_ifc_out_020$g_batch_limit(),Not-Converted,yes,"Review and correct the generated code. Best-effort Azure PostgreSQL code was generated, but it is not included in the deployment script and its behavior is unverified. Compare it with the source, correct it, and test it before deploying separately. Reference: CVT-366"
PACKAGE_STATE,CONTOSO.PKG_GEN_IFC_OUT_020.__state__,FUNCTION,contoso.pkg_gen_ifc_out_020$g_direction(),Not-Converted,yes,"Review and correct the generated code. Best-effort Azure PostgreSQL code was generated, but it is not included in the deployment script and its behavior is unverified. Compare it with the source, correct it, and test it before deploying separately. Reference: CVT-366"
PACKAGE_STATE,CONTOSO.PKG_GEN_IFC_OUT_020.__state__,FUNCTION,contoso.pkg_gen_ifc_out_020$g_entity(),Not-Converted,yes,"Review and correct the generated code. Best-effort Azure PostgreSQL code was generated, but it is not included in the deployment script and its behavior is unverified. Compare it with the source, correct it, and test it before deploying separately. Reference: CVT-366"
PACKAGE_STATE,CONTOSO.PKG_GEN_IFC_OUT_020.__state__,FUNCTION,contoso.pkg_gen_ifc_out_020$g_run_id_get(),Not-Converted,yes,"Review and correct the generated code. Best-effort Azure PostgreSQL code was generated, but it is not included in the deployment script and its behavior is unverified. Compare it with the source, correct it, and test it before deploying separately. Reference: CVT-366"
PACKAGE_STATE,CONTOSO.PKG_GEN_IFC_OUT_020.__state__,FUNCTION,contoso.pkg_gen_ifc_out_020$g_run_id_set(),Not-Converted,yes,"Review and correct the generated code. Best-effort Azure PostgreSQL code was generated, but it is not included in the deployment script and its behavior is unverified. Compare it with the source, correct it, and test it before deploying separately. Reference: CVT-366"
PACKAGE_STATE,CONTOSO.PKG_GEN_IFC_OUT_020.__state__,FUNCTION,contoso.pkg_gen_ifc_out_020$g_system_code(),Not-Converted,yes,"Review and correct the generated code. Best-effort Azure PostgreSQL code was generated, but it is not included in the deployment script and its behavior is unverified. Compare it with the source, correct it, and test it before deploying separately. Reference: CVT-366"
PACKAGE_STATE,CONTOSO.PKG_GEN_IFC_OUT_020.__state__,FUNCTION,contoso.pkg_gen_ifc_out_020$g_transport(),Not-Converted,yes,"Review and correct the generated code. Best-effort Azure PostgreSQL code was generated, but it is not included in the deployment script and its behavior is unverified. Compare it with the source, correct it, and test it before deploying separately. Reference: CVT-366"
PACKAGE_STATE,CONTOSO.PKG_GEN_IFC_OUT_020.__state__,TYPE,contoso.pkg_gen_ifc_out_020$t_row,Not-Converted,yes,"Review and correct the generated code. Best-effort Azure PostgreSQL code was generated, but it is not included in the deployment script and its behavior is unverified. Compare it with the source, correct it, and test it before deploying separately. Reference: CVT-366"
FUNCTION,CONTOSO.PKG_GEN_IFC_OUT_020.batch_ref,FUNCTION,contoso.pkg_gen_ifc_out_020$batch_ref(),Not-Converted,yes,"Review and correct the generated code. Best-effort Azure PostgreSQL code was generated, but it is not included in the deployment script and its behavior is unverified. Compare it with the source, correct it, and test it before deploying separately. Reference: CVT-366"
PROCEDURE,CONTOSO.PKG_GEN_IFC_OUT_020.import_batch,FUNCTION,contoso.pkg_gen_ifc_out_020$import_batch(),Not-Converted,yes,"Review and correct the generated code. Best-effort Azure PostgreSQL code was generated, but it is not included in the deployment script and its behavior is unverified. Compare it with the source, correct it, and test it before deploying separately. Reference: CVT-366"
FUNCTION,CONTOSO.PKG_GEN_IFC_OUT_020.pending_count,FUNCTION,contoso.pkg_gen_ifc_out_020$pending_count(),Not-Converted,yes,"Review and correct the generated code. Best-effort Azure PostgreSQL code was generated, but it is not included in the deployment script and its behavior is unverified. Compare it with the source, correct it, and test it before deploying separately. Reference: CVT-366"
PROCEDURE,CONTOSO.PKG_GEN_IFC_OUT_020.quarantine,FUNCTION,contoso.pkg_gen_ifc_out_020$quarantine(),Not-Converted,yes,"Review and correct the generated code. Best-effort Azure PostgreSQL code was generated, but it is not included in the deployment script and its behavior is unverified. Compare it with the source, correct it, and test it before deploying separately. Reference: CVT-366"
PROCEDURE,CONTOSO.PKG_GEN_IFC_OUT_020.reconcile,FUNCTION,contoso.pkg_gen_ifc_out_020$reconcile(),Not-Converted,yes,"Review and correct the generated code. Best-effort Azure PostgreSQL code was generated, but it is not included in the deployment script and its behavior is unverified. Compare it with the source, correct it, and test it before deploying separately. Reference: CVT-366"
PACKAGE_BODY,CONTOSO.PKG_GEN_IFC_OUT_022,PACKAGE_BODY,contoso.pkg_gen_ifc_out_022,Not-Converted,yes,"Verify that the functionality is present. Deployable Azure PostgreSQL code could not be generated for this object, and it has no separate entry in the deployment script. Check whether the related object contains its functionality; if it does not, implement the missing Azure PostgreSQL behavior, test it, and deploy it separately. Reference: CVT-124"
PACKAGE_STATE,CONTOSO.PKG_GEN_IFC_OUT_022.__state__,DOMAIN,contoso.pkg_gen_ifc_out_022$t_row_tab,Not-Converted,yes,"Review and correct the generated code. Best-effort Azure PostgreSQL code was generated, but it is not included in the deployment script and its behavior is unverified. Compare it with the source, correct it, and test it before deploying separately. Reference: CVT-366"
PACKAGE_STATE,CONTOSO.PKG_GEN_IFC_OUT_022.__state__,FUNCTION,contoso.pkg_gen_ifc_out_022$e_batch_rejected(),Not-Converted,yes,"Review and correct the generated code. Best-effort Azure PostgreSQL code was generated, but it is not included in the deployment script and its behavior is unverified. Compare it with the source, correct it, and test it before deploying separately. Reference: CVT-366"
PACKAGE_STATE,CONTOSO.PKG_GEN_IFC_OUT_022.__state__,FUNCTION,contoso.pkg_gen_ifc_out_022$e_transport_down(),Not-Converted,yes,"Review and correct the generated code. Best-effort Azure PostgreSQL code was generated, but it is not included in the deployment script and its behavior is unverified. Compare it with the source, correct it, and test it before deploying separately. Reference: CVT-366"
PACKAGE_STATE,CONTOSO.PKG_GEN_IFC_OUT_022.__state__,FUNCTION,contoso.pkg_gen_ifc_out_022$g_batch_limit(),Not-Converted,yes,"Review and correct the generated code. Best-effort Azure PostgreSQL code was generated, but it is not included in the deployment script and its behavior is unverified. Compare it with the source, correct it, and test it before deploying separately. Reference: CVT-366"
PACKAGE_STATE,CONTOSO.PKG_GEN_IFC_OUT_022.__state__,FUNCTION,contoso.pkg_gen_ifc_out_022$g_direction(),Not-Converted,yes,"Review and correct the generated code. Best-effort Azure PostgreSQL code was generated, but it is not included in the deployment script and its behavior is unverified. Compare it with the source, correct it, and test it before deploying separately. Reference: CVT-366"
PACKAGE_STATE,CONTOSO.PKG_GEN_IFC_OUT_022.__state__,FUNCTION,contoso.pkg_gen_ifc_out_022$g_entity(),Not-Converted,yes,"Review and correct the generated code. Best-effort Azure PostgreSQL code was generated, but it is not included in the deployment script and its behavior is unverified. Compare it with the source, correct it, and test it before deploying separately. Reference: CVT-366"
PACKAGE_STATE,CONTOSO.PKG_GEN_IFC_OUT_022.__state__,FUNCTION,contoso.pkg_gen_ifc_out_022$g_run_id_clear(),Not-Converted,yes,"Review and correct the generated code. Best-effort Azure PostgreSQL code was generated, but it is not included in the deployment script and its behavior is unverified. Compare it with the source, correct it, and test it before deploying separately. Reference: CVT-366"
PACKAGE_STATE,CONTOSO.PKG_GEN_IFC_OUT_022.__state__,FUNCTION,contoso.pkg_gen_ifc_out_022$g_run_id_get(),Not-Converted,yes,"Review and correct the generated code. Best-effort Azure PostgreSQL code was generated, but it is not included in the deployment script and its behavior is unverified. Compare it with the source, correct it, and test it before deploying separately. Reference: CVT-366"
PACKAGE_STATE,CONTOSO.PKG_GEN_IFC_OUT_022.__state__,FUNCTION,contoso.pkg_gen_ifc_out_022$g_run_id_set(),Not-Converted,yes,"Review and correct the generated code. Best-effort Azure PostgreSQL code was generated, but it is not included in the deployment script and its behavior is unverified. Compare it with the source, correct it, and test it before deploying separately. Reference: CVT-366"
PACKAGE_STATE,CONTOSO.PKG_GEN_IFC_OUT_022.__state__,FUNCTION,contoso.pkg_gen_ifc_out_022$g_system_code(),Not-Converted,yes,"Review and correct the generated code. Best-effort Azure PostgreSQL code was generated, but it is not included in the deployment script and its behavior is unverified. Compare it with the source, correct it, and test it before deploying separately. Reference: CVT-366"
PACKAGE_STATE,CONTOSO.PKG_GEN_IFC_OUT_022.__state__,FUNCTION,contoso.pkg_gen_ifc_out_022$g_transport(),Not-Converted,yes,"Review and correct the generated code. Best-effort Azure PostgreSQL code was generated, but it is not included in the deployment script and its behavior is unverified. Compare it with the source, correct it, and test it before deploying separately. Reference: CVT-366"
PACKAGE_STATE,CONTOSO.PKG_GEN_IFC_OUT_022.__state__,TYPE,contoso.pkg_gen_ifc_out_022$t_row,Not-Converted,yes,"Review and correct the generated code. Best-effort Azure PostgreSQL code was generated, but it is not included in the deployment script and its behavior is unverified. Compare it with the source, correct it, and test it before deploying separately. Reference: CVT-366"
FUNCTION,CONTOSO.PKG_GEN_IFC_OUT_022.batch_ref,FUNCTION,contoso.pkg_gen_ifc_out_022$batch_ref(),Not-Converted,yes,"Review and correct the generated code. Best-effort Azure PostgreSQL code was generated, but it is not included in the deployment script and its behavior is unverified. Compare it with the source, correct it, and test it before deploying separately. Reference: CVT-366"
PROCEDURE,CONTOSO.PKG_GEN_IFC_OUT_022.import_batch,FUNCTION,contoso.pkg_gen_ifc_out_022$import_batch(),Not-Converted,yes,"Review and correct the generated code. Best-effort Azure PostgreSQL code was generated, but it is not included in the deployment script and its behavior is unverified. Compare it with the source, correct it, and test it before deploying separately. Reference: CVT-366"
FUNCTION,CONTOSO.PKG_GEN_IFC_OUT_022.open_feed,FUNCTION,contoso.pkg_gen_ifc_out_022$open_feed(),Not-Converted,yes,"Review and correct the generated code. Best-effort Azure PostgreSQL code was generated, but it is not included in the deployment script and its behavior is unverified. Compare it with the source, correct it, and test it before deploying separately. Reference: CVT-366"
FUNCTION,CONTOSO.PKG_GEN_IFC_OUT_022.pending_count,FUNCTION,contoso.pkg_gen_ifc_out_022$pending_count(),Not-Converted,yes,"Review and correct the generated code. Best-effort Azure PostgreSQL code was generated, but it is not included in the deployment script and its behavior is unverified. Compare it with the source, correct it, and test it before deploying separately. Reference: CVT-366"
PROCEDURE,CONTOSO.PKG_GEN_IFC_OUT_022.quarantine,FUNCTION,contoso.pkg_gen_ifc_out_022$quarantine(),Not-Converted,yes,"Review and correct the generated code. Best-effort Azure PostgreSQL code was generated, but it is not included in the deployment script and its behavior is unverified. Compare it with the source, correct it, and test it before deploying separately. Reference: CVT-366"
PROCEDURE,CONTOSO.PKG_GEN_IFC_OUT_022.reconcile,FUNCTION,contoso.pkg_gen_ifc_out_022$reconcile(),Not-Converted,yes,"Review and correct the generated code. Best-effort Azure PostgreSQL code was generated, but it is not included in the deployment script and its behavior is unverified. Compare it with the source, correct it, and test it before deploying separately. Reference: CVT-366"
PACKAGE_BODY,CONTOSO.PKG_GEN_IFC_OUT_024,PACKAGE_BODY,contoso.pkg_gen_ifc_out_024,Not-Converted,yes,"Verify that the functionality is present. Deployable Azure PostgreSQL code could not be generated for this object, and it has no separate entry in the deployment script. Check whether the related object contains its functionality; if it does not, implement the missing Azure PostgreSQL behavior, test it, and deploy it separately. Reference: CVT-124"
PACKAGE_STATE,CONTOSO.PKG_GEN_IFC_OUT_024.__state__,DOMAIN,contoso.pkg_gen_ifc_out_024$t_row_tab,Not-Converted,yes,"Review and correct the generated code. Best-effort Azure PostgreSQL code was generated, but it is not included in the deployment script and its behavior is unverified. Compare it with the source, correct it, and test it before deploying separately. Reference: CVT-366"
PACKAGE_STATE,CONTOSO.PKG_GEN_IFC_OUT_024.__state__,FUNCTION,contoso.pkg_gen_ifc_out_024$e_batch_rejected(),Not-Converted,yes,"Review and correct the generated code. Best-effort Azure PostgreSQL code was generated, but it is not included in the deployment script and its behavior is unverified. Compare it with the source, correct it, and test it before deploying separately. Reference: CVT-366"
PACKAGE_STATE,CONTOSO.PKG_GEN_IFC_OUT_024.__state__,FUNCTION,contoso.pkg_gen_ifc_out_024$e_transport_down(),Not-Converted,yes,"Review and correct the generated code. Best-effort Azure PostgreSQL code was generated, but it is not included in the deployment script and its behavior is unverified. Compare it with the source, correct it, and test it before deploying separately. Reference: CVT-366"
PACKAGE_STATE,CONTOSO.PKG_GEN_IFC_OUT_024.__state__,FUNCTION,contoso.pkg_gen_ifc_out_024$g_batch_limit(),Not-Converted,yes,"Review and correct the generated code. Best-effort Azure PostgreSQL code was generated, but it is not included in the deployment script and its behavior is unverified. Compare it with the source, correct it, and test it before deploying separately. Reference: CVT-366"
PACKAGE_STATE,CONTOSO.PKG_GEN_IFC_OUT_024.__state__,FUNCTION,contoso.pkg_gen_ifc_out_024$g_direction(),Not-Converted,yes,"Review and correct the generated code. Best-effort Azure PostgreSQL code was generated, but it is not included in the deployment script and its behavior is unverified. Compare it with the source, correct it, and test it before deploying separately. Reference: CVT-366"
PACKAGE_STATE,CONTOSO.PKG_GEN_IFC_OUT_024.__state__,FUNCTION,contoso.pkg_gen_ifc_out_024$g_entity(),Not-Converted,yes,"Review and correct the generated code. Best-effort Azure PostgreSQL code was generated, but it is not included in the deployment script and its behavior is unverified. Compare it with the source, correct it, and test it before deploying separately. Reference: CVT-366"
PACKAGE_STATE,CONTOSO.PKG_GEN_IFC_OUT_024.__state__,FUNCTION,contoso.pkg_gen_ifc_out_024$g_run_id_get(),Not-Converted,yes,"Review and correct the generated code. Best-effort Azure PostgreSQL code was generated, but it is not included in the deployment script and its behavior is unverified. Compare it with the source, correct it, and test it before deploying separately. Reference: CVT-366"
PACKAGE_STATE,CONTOSO.PKG_GEN_IFC_OUT_024.__state__,FUNCTION,contoso.pkg_gen_ifc_out_024$g_run_id_set(),Not-Converted,yes,"Review and correct the generated code. Best-effort Azure PostgreSQL code was generated, but it is not included in the deployment script and its behavior is unverified. Compare it with the source, correct it, and test it before deploying separately. Reference: CVT-366"
PACKAGE_STATE,CONTOSO.PKG_GEN_IFC_OUT_024.__state__,FUNCTION,contoso.pkg_gen_ifc_out_024$g_system_code(),Not-Converted,yes,"Review and correct the generated code. Best-effort Azure PostgreSQL code was generated, but it is not included in the deployment script and its behavior is unverified. Compare it with the source, correct it, and test it before deploying separately. Reference: CVT-366"
PACKAGE_STATE,CONTOSO.PKG_GEN_IFC_OUT_024.__state__,FUNCTION,contoso.pkg_gen_ifc_out_024$g_transport(),Not-Converted,yes,"Review and correct the generated code. Best-effort Azure PostgreSQL code was generated, but it is not included in the deployment script and its behavior is unverified. Compare it with the source, correct it, and test it before deploying separately. Reference: CVT-366"
PACKAGE_STATE,CONTOSO.PKG_GEN_IFC_OUT_024.__state__,TYPE,contoso.pkg_gen_ifc_out_024$t_row,Not-Converted,yes,"Review and correct the generated code. Best-effort Azure PostgreSQL code was generated, but it is not included in the deployment script and its behavior is unverified. Compare it with the source, correct it, and test it before deploying separately. Reference: CVT-366"
FUNCTION,CONTOSO.PKG_GEN_IFC_OUT_024.batch_ref,FUNCTION,contoso.pkg_gen_ifc_out_024$batch_ref(),Not-Converted,yes,"Review and correct the generated code. Best-effort Azure PostgreSQL code was generated, but it is not included in the deployment script and its behavior is unverified. Compare it with the source, correct it, and test it before deploying separately. Reference: CVT-366"
PROCEDURE,CONTOSO.PKG_GEN_IFC_OUT_024.import_batch,FUNCTION,contoso.pkg_gen_ifc_out_024$import_batch(),Not-Converted,yes,"Review and correct the generated code. Best-effort Azure PostgreSQL code was generated, but it is not included in the deployment script and its behavior is unverified. Compare it with the source, correct it, and test it before deploying separately. Reference: CVT-366"
FUNCTION,CONTOSO.PKG_GEN_IFC_OUT_024.pending_count,FUNCTION,contoso.pkg_gen_ifc_out_024$pending_count(),Not-Converted,yes,"Review and correct the generated code. Best-effort Azure PostgreSQL code was generated, but it is not included in the deployment script and its behavior is unverified. Compare it with the source, correct it, and test it before deploying separately. Reference: CVT-366"
PROCEDURE,CONTOSO.PKG_GEN_IFC_OUT_024.quarantine,FUNCTION,contoso.pkg_gen_ifc_out_024$quarantine(),Not-Converted,yes,"Review and correct the generated code. Best-effort Azure PostgreSQL code was generated, but it is not included in the deployment script and its behavior is unverified. Compare it with the source, correct it, and test it before deploying separately. Reference: CVT-366"
PROCEDURE,CONTOSO.PKG_GEN_IFC_OUT_024.reconcile,FUNCTION,contoso.pkg_gen_ifc_out_024$reconcile(),Not-Converted,yes,"Review and correct the generated code. Best-effort Azure PostgreSQL code was generated, but it is not included in the deployment script and its behavior is unverified. Compare it with the source, correct it, and test it before deploying separately. Reference: CVT-366"
FUNCTION,CONTOSO.PKG_GEN_IFC_OUT_024.resolve_key,FUNCTION,contoso.pkg_gen_ifc_out_024$resolve_key(p_key varchar),Not-Converted,yes,"Review and correct the generated code. Best-effort Azure PostgreSQL code was generated, but it is not included in the deployment script and its behavior is unverified. Compare it with the source, correct it, and test it before deploying separately. Reference: CVT-366"
FUNCTION,CONTOSO.PKG_GEN_IFC_OUT_024.resolve_key,FUNCTION,contoso.pkg_gen_ifc_out_024$resolve_key(p_key numeric),Not-Converted,yes,"Review and correct the generated code. Best-effort Azure PostgreSQL code was generated, but it is not included in the deployment script and its behavior is unverified. Compare it with the source, correct it, and test it before deploying separately. Reference: CVT-366"
FUNCTION,CONTOSO.PKG_GEN_IFC_OUT_024.resolve_key,FUNCTION,contoso.pkg_gen_ifc_out_024$resolve_key(p_key timestamp),Not-Converted,yes,"Review and correct the generated code. Best-effort Azure PostgreSQL code was generated, but it is not included in the deployment script and its behavior is unverified. Compare it with the source, correct it, and test it before deploying separately. Reference: CVT-366"
PACKAGE_BODY,CONTOSO.PKG_GEN_IFC_OUT_026,PACKAGE_BODY,contoso.pkg_gen_ifc_out_026,Not-Converted,yes,"Verify that the functionality is present. Deployable Azure PostgreSQL code could not be generated for this object, and it has no separate entry in the deployment script. Check whether the related object contains its functionality; if it does not, implement the missing Azure PostgreSQL behavior, test it, and deploy it separately. Reference: CVT-124"
PACKAGE_STATE,CONTOSO.PKG_GEN_IFC_OUT_026.__state__,DOMAIN,contoso.pkg_gen_ifc_out_026$t_row_tab,Converted,no,
PACKAGE_STATE,CONTOSO.PKG_GEN_IFC_OUT_026.__state__,FUNCTION,contoso.pkg_gen_ifc_out_026$e_batch_rejected(),Converted,no,
PACKAGE_STATE,CONTOSO.PKG_GEN_IFC_OUT_026.__state__,FUNCTION,contoso.pkg_gen_ifc_out_026$e_transport_down(),Converted,no,
PACKAGE_STATE,CONTOSO.PKG_GEN_IFC_OUT_026.__state__,FUNCTION,contoso.pkg_gen_ifc_out_026$g_batch_limit(),Converted,no,
PACKAGE_STATE,CONTOSO.PKG_GEN_IFC_OUT_026.__state__,FUNCTION,contoso.pkg_gen_ifc_out_026$g_direction(),Converted,no,
PACKAGE_STATE,CONTOSO.PKG_GEN_IFC_OUT_026.__state__,FUNCTION,contoso.pkg_gen_ifc_out_026$g_entity(),Converted,no,
PACKAGE_STATE,CONTOSO.PKG_GEN_IFC_OUT_026.__state__,FUNCTION,contoso.pkg_gen_ifc_out_026$g_run_id(),Converted,no,
PACKAGE_STATE,CONTOSO.PKG_GEN_IFC_OUT_026.__state__,FUNCTION,contoso.pkg_gen_ifc_out_026$g_system_code(),Converted,no,
PACKAGE_STATE,CONTOSO.PKG_GEN_IFC_OUT_026.__state__,FUNCTION,contoso.pkg_gen_ifc_out_026$g_transport(),Converted,no,
PACKAGE_STATE,CONTOSO.PKG_GEN_IFC_OUT_026.__state__,FUNCTION,contoso.pkg_gen_ifc_out_026$set_g_run_id(),Converted,no,
PACKAGE_STATE,CONTOSO.PKG_GEN_IFC_OUT_026.__state__,TYPE,contoso.pkg_gen_ifc_out_026$t_row,Converted,no,
FUNCTION,CONTOSO.PKG_GEN_IFC_OUT_026.batch_ref,FUNCTION,contoso.pkg_gen_ifc_out_026$batch_ref(),Not-Converted,yes,"Review and correct the generated code. Best-effort Azure PostgreSQL code was generated, but it is not included in the deployment script and its behavior is unverified. Compare it with the source, correct it, and test it before deploying separately. Reference: CVT-366"
PROCEDURE,CONTOSO.PKG_GEN_IFC_OUT_026.import_batch,FUNCTION,contoso.pkg_gen_ifc_out_026$import_batch(),Not-Converted,yes,"Review and correct the generated code. Best-effort Azure PostgreSQL code was generated, but it is not included in the deployment script and its behavior is unverified. Compare it with the source, correct it, and test it before deploying separately. Reference: CVT-366"
FUNCTION,CONTOSO.PKG_GEN_IFC_OUT_026.pending_count,FUNCTION,contoso.pkg_gen_ifc_out_026$pending_count(),Not-Converted,yes,"Review and correct the generated code. Best-effort Azure PostgreSQL code was generated, but it is not included in the deployment script and its behavior is unverified. Compare it with the source, correct it, and test it before deploying separately. Reference: CVT-366"
PROCEDURE,CONTOSO.PKG_GEN_IFC_OUT_026.quarantine,FUNCTION,contoso.pkg_gen_ifc_out_026$quarantine(),Not-Converted,yes,"Review and correct the generated code. Best-effort Azure PostgreSQL code was generated, but it is not included in the deployment script and its behavior is unverified. Compare it with the source, correct it, and test it before deploying separately. Reference: CVT-366"
PROCEDURE,CONTOSO.PKG_GEN_IFC_OUT_026.reconcile,FUNCTION,contoso.pkg_gen_ifc_out_026$reconcile(),Not-Converted,yes,"Review and correct the generated code. Best-effort Azure PostgreSQL code was generated, but it is not included in the deployment script and its behavior is unverified. Compare it with the source, correct it, and test it before deploying separately. Reference: CVT-366"
PACKAGE_BODY,CONTOSO.PKG_GEN_IFC_OUT_028,PACKAGE_BODY,contoso.pkg_gen_ifc_out_028,Converted,no,"Verify the related object. Azure PostgreSQL code was generated for this object, but this type of object does not get its own entry in the deployment script. Confirm that its behavior is present in the related object and test that object with representative data. Reference: CVT-121"
PACKAGE_STATE,CONTOSO.PKG_GEN_IFC_OUT_028.__state__,DOMAIN,contoso.pkg_gen_ifc_out_028$t_row_tab,Converted,no,
PACKAGE_STATE,CONTOSO.PKG_GEN_IFC_OUT_028.__state__,FUNCTION,contoso.pkg_gen_ifc_out_028$e_batch_rejected(),Converted,no,
PACKAGE_STATE,CONTOSO.PKG_GEN_IFC_OUT_028.__state__,FUNCTION,contoso.pkg_gen_ifc_out_028$e_transport_down(),Converted,no,
PACKAGE_STATE,CONTOSO.PKG_GEN_IFC_OUT_028.__state__,FUNCTION,contoso.pkg_gen_ifc_out_028$g_batch_limit(),Converted,no,
PACKAGE_STATE,CONTOSO.PKG_GEN_IFC_OUT_028.__state__,FUNCTION,contoso.pkg_gen_ifc_out_028$g_direction(),Converted,no,
PACKAGE_STATE,CONTOSO.PKG_GEN_IFC_OUT_028.__state__,FUNCTION,contoso.pkg_gen_ifc_out_028$g_entity(),Converted,no,
PACKAGE_STATE,CONTOSO.PKG_GEN_IFC_OUT_028.__state__,FUNCTION,contoso.pkg_gen_ifc_out_028$g_run_id_get(),Converted,no,
PACKAGE_STATE,CONTOSO.PKG_GEN_IFC_OUT_028.__state__,FUNCTION,contoso.pkg_gen_ifc_out_028$g_run_id_set(),Converted,no,
PACKAGE_STATE,CONTOSO.PKG_GEN_IFC_OUT_028.__state__,FUNCTION,contoso.pkg_gen_ifc_out_028$g_system_code(),Converted,no,
PACKAGE_STATE,CONTOSO.PKG_GEN_IFC_OUT_028.__state__,FUNCTION,contoso.pkg_gen_ifc_out_028$g_transport(),Converted,no,
PACKAGE_STATE,CONTOSO.PKG_GEN_IFC_OUT_028.__state__,TYPE,contoso.pkg_gen_ifc_out_028$t_row,Converted,no,
FUNCTION,CONTOSO.PKG_GEN_IFC_OUT_028.batch_ref,FUNCTION,contoso.pkg_gen_ifc_out_028$batch_ref(),Converted,yes,
PROCEDURE,CONTOSO.PKG_GEN_IFC_OUT_028.import_batch,FUNCTION,contoso.pkg_gen_ifc_out_028$import_batch(),Converted,yes,
FUNCTION,CONTOSO.PKG_GEN_IFC_OUT_028.open_feed,FUNCTION,contoso.pkg_gen_ifc_out_028$open_feed(),Converted,no,
FUNCTION,CONTOSO.PKG_GEN_IFC_OUT_028.pending_count,FUNCTION,contoso.pkg_gen_ifc_out_028$pending_count(),Converted,yes,
PROCEDURE,CONTOSO.PKG_GEN_IFC_OUT_028.quarantine,PROCEDURE,contoso.pkg_gen_ifc_out_028$quarantine(),Converted,yes,
PROCEDURE,CONTOSO.PKG_GEN_IFC_OUT_028.reconcile,PROCEDURE,contoso.pkg_gen_ifc_out_028$reconcile(),Converted,yes,
PACKAGE_BODY,CONTOSO.PKG_GEN_IFC_OUT_030,PACKAGE_BODY,contoso.pkg_gen_ifc_out_030,Converted,no,"Verify the related object. Azure PostgreSQL code was generated for this object, but this type of object does not get its own entry in the deployment script. Confirm that its behavior is present in the related object and test that object with representative data. Reference: CVT-121"
PACKAGE_STATE,CONTOSO.PKG_GEN_IFC_OUT_030.__state__,DOMAIN,contoso.pkg_gen_ifc_out_030$t_row_tab,Converted,no,
PACKAGE_STATE,CONTOSO.PKG_GEN_IFC_OUT_030.__state__,FUNCTION,contoso.pkg_gen_ifc_out_030$e_batch_rejected(),Converted,no,
PACKAGE_STATE,CONTOSO.PKG_GEN_IFC_OUT_030.__state__,FUNCTION,contoso.pkg_gen_ifc_out_030$e_transport_down(),Converted,no,
PACKAGE_STATE,CONTOSO.PKG_GEN_IFC_OUT_030.__state__,FUNCTION,contoso.pkg_gen_ifc_out_030$g_batch_limit(),Converted,no,
PACKAGE_STATE,CONTOSO.PKG_GEN_IFC_OUT_030.__state__,FUNCTION,contoso.pkg_gen_ifc_out_030$g_direction(),Converted,no,
PACKAGE_STATE,CONTOSO.PKG_GEN_IFC_OUT_030.__state__,FUNCTION,contoso.pkg_gen_ifc_out_030$g_entity(),Converted,no,
PACKAGE_STATE,CONTOSO.PKG_GEN_IFC_OUT_030.__state__,FUNCTION,contoso.pkg_gen_ifc_out_030$g_run_id(),Converted,no,
PACKAGE_STATE,CONTOSO.PKG_GEN_IFC_OUT_030.__state__,FUNCTION,contoso.pkg_gen_ifc_out_030$g_system_code(),Converted,no,
PACKAGE_STATE,CONTOSO.PKG_GEN_IFC_OUT_030.__state__,FUNCTION,contoso.pkg_gen_ifc_out_030$g_transport(),Converted,no,
PACKAGE_STATE,CONTOSO.PKG_GEN_IFC_OUT_030.__state__,FUNCTION,contoso.pkg_gen_ifc_out_030$set_g_run_id(),Converted,no,
PACKAGE_STATE,CONTOSO.PKG_GEN_IFC_OUT_030.__state__,TYPE,contoso.pkg_gen_ifc_out_030$t_row,Converted,no,
FUNCTION,CONTOSO.PKG_GEN_IFC_OUT_030.batch_ref,FUNCTION,contoso.pkg_gen_ifc_out_030$batch_ref(),Converted,no,
PROCEDURE,CONTOSO.PKG_GEN_IFC_OUT_030.import_batch,FUNCTION,contoso.pkg_gen_ifc_out_030$import_batch(),Converted,yes,
FUNCTION,CONTOSO.PKG_GEN_IFC_OUT_030.pending_count,FUNCTION,contoso.pkg_gen_ifc_out_030$pending_count(),Converted,yes,
PROCEDURE,CONTOSO.PKG_GEN_IFC_OUT_030.quarantine,FUNCTION,contoso.pkg_gen_ifc_out_030$quarantine(),Converted,yes,
PROCEDURE,CONTOSO.PKG_GEN_IFC_OUT_030.reconcile,FUNCTION,contoso.pkg_gen_ifc_out_030$reconcile(),Converted,yes,
FUNCTION,CONTOSO.PKG_GEN_IFC_OUT_030.resolve_key,FUNCTION,contoso.pkg_gen_ifc_out_030$resolve_key(p_key varchar),Converted,no,
FUNCTION,CONTOSO.PKG_GEN_IFC_OUT_030.resolve_key,FUNCTION,contoso.pkg_gen_ifc_out_030$resolve_key(p_key numeric),Converted,no,
FUNCTION,CONTOSO.PKG_GEN_IFC_OUT_030.resolve_key,FUNCTION,contoso.pkg_gen_ifc_out_030$resolve_key(p_key timestamp),Converted,no,
PACKAGE_BODY,CONTOSO.PKG_GEN_IFC_OUT_032,PACKAGE_BODY,contoso.pkg_gen_ifc_out_032,Not-Converted,yes,"Verify that the functionality is present. Deployable Azure PostgreSQL code could not be generated for this object, and it has no separate entry in the deployment script. Check whether the related object contains its functionality; if it does not, implement the missing Azure PostgreSQL behavior, test it, and deploy it separately. Reference: CVT-124"
PACKAGE_STATE,CONTOSO.PKG_GEN_IFC_OUT_032.__state__,DOMAIN,contoso.pkg_gen_ifc_out_032$t_row_tab,Not-Converted,yes,"Review and correct the generated code. Best-effort Azure PostgreSQL code was generated, but it is not included in the deployment script and its behavior is unverified. Compare it with the source, correct it, and test it before deploying separately. Reference: CVT-366"
PACKAGE_STATE,CONTOSO.PKG_GEN_IFC_OUT_032.__state__,FUNCTION,contoso.pkg_gen_ifc_out_032$e_batch_rejected(),Not-Converted,yes,"Review and correct the generated code. Best-effort Azure PostgreSQL code was generated, but it is not included in the deployment script and its behavior is unverified. Compare it with the source, correct it, and test it before deploying separately. Reference: CVT-366"
PACKAGE_STATE,CONTOSO.PKG_GEN_IFC_OUT_032.__state__,FUNCTION,contoso.pkg_gen_ifc_out_032$e_transport_down(),Not-Converted,yes,"Review and correct the generated code. Best-effort Azure PostgreSQL code was generated, but it is not included in the deployment script and its behavior is unverified. Compare it with the source, correct it, and test it before deploying separately. Reference: CVT-366"
PACKAGE_STATE,CONTOSO.PKG_GEN_IFC_OUT_032.__state__,FUNCTION,contoso.pkg_gen_ifc_out_032$g_batch_limit(),Not-Converted,yes,"Review and correct the generated code. Best-effort Azure PostgreSQL code was generated, but it is not included in the deployment script and its behavior is unverified. Compare it with the source, correct it, and test it before deploying separately. Reference: CVT-366"
PACKAGE_STATE,CONTOSO.PKG_GEN_IFC_OUT_032.__state__,FUNCTION,contoso.pkg_gen_ifc_out_032$g_direction(),Not-Converted,yes,"Review and correct the generated code. Best-effort Azure PostgreSQL code was generated, but it is not included in the deployment script and its behavior is unverified. Compare it with the source, correct it, and test it before deploying separately. Reference: CVT-366"
PACKAGE_STATE,CONTOSO.PKG_GEN_IFC_OUT_032.__state__,FUNCTION,contoso.pkg_gen_ifc_out_032$g_entity(),Not-Converted,yes,"Review and correct the generated code. Best-effort Azure PostgreSQL code was generated, but it is not included in the deployment script and its behavior is unverified. Compare it with the source, correct it, and test it before deploying separately. Reference: CVT-366"
PACKAGE_STATE,CONTOSO.PKG_GEN_IFC_OUT_032.__state__,FUNCTION,contoso.pkg_gen_ifc_out_032$g_system_code(),Not-Converted,yes,"Review and correct the generated code. Best-effort Azure PostgreSQL code was generated, but it is not included in the deployment script and its behavior is unverified. Compare it with the source, correct it, and test it before deploying separately. Reference: CVT-366"
PACKAGE_STATE,CONTOSO.PKG_GEN_IFC_OUT_032.__state__,FUNCTION,contoso.pkg_gen_ifc_out_032$g_transport(),Not-Converted,yes,"Review and correct the generated code. Best-effort Azure PostgreSQL code was generated, but it is not included in the deployment script and its behavior is unverified. Compare it with the source, correct it, and test it before deploying separately. Reference: CVT-366"
PACKAGE_STATE,CONTOSO.PKG_GEN_IFC_OUT_032.__state__,FUNCTION,contoso.pkg_gen_ifc_out_032$get_g_run_id(),Not-Converted,yes,"Review and correct the generated code. Best-effort Azure PostgreSQL code was generated, but it is not included in the deployment script and its behavior is unverified. Compare it with the source, correct it, and test it before deploying separately. Reference: CVT-366"
PACKAGE_STATE,CONTOSO.PKG_GEN_IFC_OUT_032.__state__,FUNCTION,contoso.pkg_gen_ifc_out_032$set_g_run_id(),Not-Converted,yes,"Review and correct the generated code. Best-effort Azure PostgreSQL code was generated, but it is not included in the deployment script and its behavior is unverified. Compare it with the source, correct it, and test it before deploying separately. Reference: CVT-366"
PACKAGE_STATE,CONTOSO.PKG_GEN_IFC_OUT_032.__state__,TYPE,contoso.pkg_gen_ifc_out_032$t_row,Not-Converted,yes,"Review and correct the generated code. Best-effort Azure PostgreSQL code was generated, but it is not included in the deployment script and its behavior is unverified. Compare it with the source, correct it, and test it before deploying separately. Reference: CVT-366"
FUNCTION,CONTOSO.PKG_GEN_IFC_OUT_032.batch_ref,FUNCTION,contoso.pkg_gen_ifc_out_032$batch_ref(),Not-Converted,yes,"Review and correct the generated code. Best-effort Azure PostgreSQL code was generated, but it is not included in the deployment script and its behavior is unverified. Compare it with the source, correct it, and test it before deploying separately. Reference: CVT-366"
PROCEDURE,CONTOSO.PKG_GEN_IFC_OUT_032.import_batch,FUNCTION,contoso.pkg_gen_ifc_out_032$import_batch(),Not-Converted,yes,"Review and correct the generated code. Best-effort Azure PostgreSQL code was generated, but it is not included in the deployment script and its behavior is unverified. Compare it with the source, correct it, and test it before deploying separately. Reference: CVT-366"
FUNCTION,CONTOSO.PKG_GEN_IFC_OUT_032.pending_count,FUNCTION,contoso.pkg_gen_ifc_out_032$pending_count(),Not-Converted,yes,"Review and correct the generated code. Best-effort Azure PostgreSQL code was generated, but it is not included in the deployment script and its behavior is unverified. Compare it with the source, correct it, and test it before deploying separately. Reference: CVT-366"
PROCEDURE,CONTOSO.PKG_GEN_IFC_OUT_032.quarantine,PROCEDURE,contoso.pkg_gen_ifc_out_032$quarantine(),Not-Converted,yes,"Review and correct the generated code. Best-effort Azure PostgreSQL code was generated, but it is not included in the deployment script and its behavior is unverified. Compare it with the source, correct it, and test it before deploying separately. Reference: CVT-366"
PROCEDURE,CONTOSO.PKG_GEN_IFC_OUT_032.reconcile,PROCEDURE,contoso.pkg_gen_ifc_out_032$reconcile(),Not-Converted,yes,"Review and correct the generated code. Best-effort Azure PostgreSQL code was generated, but it is not included in the deployment script and its behavior is unverified. Compare it with the source, correct it, and test it before deploying separately. Reference: CVT-366"
PACKAGE_BODY,CONTOSO.PKG_GEN_IFC_OUT_034,PACKAGE_BODY,contoso.pkg_gen_ifc_out_034,Not-Converted,yes,"Verify that the functionality is present. Deployable Azure PostgreSQL code could not be generated for this object, and it has no separate entry in the deployment script. Check whether the related object contains its functionality; if it does not, implement the missing Azure PostgreSQL behavior, test it, and deploy it separately. Reference: CVT-124"
PACKAGE_STATE,CONTOSO.PKG_GEN_IFC_OUT_034.__state__,DOMAIN,contoso.pkg_gen_ifc_out_034$t_row_tab,Not-Converted,yes,"Review and correct the generated code. Best-effort Azure PostgreSQL code was generated, but it is not included in the deployment script and its behavior is unverified. Compare it with the source, correct it, and test it before deploying separately. Reference: CVT-366"
PACKAGE_STATE,CONTOSO.PKG_GEN_IFC_OUT_034.__state__,FUNCTION,contoso.pkg_gen_ifc_out_034$e_batch_rejected(),Not-Converted,yes,"Review and correct the generated code. Best-effort Azure PostgreSQL code was generated, but it is not included in the deployment script and its behavior is unverified. Compare it with the source, correct it, and test it before deploying separately. Reference: CVT-366"
PACKAGE_STATE,CONTOSO.PKG_GEN_IFC_OUT_034.__state__,FUNCTION,contoso.pkg_gen_ifc_out_034$e_transport_down(),Not-Converted,yes,"Review and correct the generated code. Best-effort Azure PostgreSQL code was generated, but it is not included in the deployment script and its behavior is unverified. Compare it with the source, correct it, and test it before deploying separately. Reference: CVT-366"
PACKAGE_STATE,CONTOSO.PKG_GEN_IFC_OUT_034.__state__,FUNCTION,contoso.pkg_gen_ifc_out_034$g_batch_limit(),Not-Converted,yes,"Review and correct the generated code. Best-effort Azure PostgreSQL code was generated, but it is not included in the deployment script and its behavior is unverified. Compare it with the source, correct it, and test it before deploying separately. Reference: CVT-366"
PACKAGE_STATE,CONTOSO.PKG_GEN_IFC_OUT_034.__state__,FUNCTION,contoso.pkg_gen_ifc_out_034$g_direction(),Not-Converted,yes,"Review and correct the generated code. Best-effort Azure PostgreSQL code was generated, but it is not included in the deployment script and its behavior is unverified. Compare it with the source, correct it, and test it before deploying separately. Reference: CVT-366"
PACKAGE_STATE,CONTOSO.PKG_GEN_IFC_OUT_034.__state__,FUNCTION,contoso.pkg_gen_ifc_out_034$g_entity(),Not-Converted,yes,"Review and correct the generated code. Best-effort Azure PostgreSQL code was generated, but it is not included in the deployment script and its behavior is unverified. Compare it with the source, correct it, and test it before deploying separately. Reference: CVT-366"
PACKAGE_STATE,CONTOSO.PKG_GEN_IFC_OUT_034.__state__,FUNCTION,contoso.pkg_gen_ifc_out_034$g_run_id_get(),Not-Converted,yes,"Review and correct the generated code. Best-effort Azure PostgreSQL code was generated, but it is not included in the deployment script and its behavior is unverified. Compare it with the source, correct it, and test it before deploying separately. Reference: CVT-366"
PACKAGE_STATE,CONTOSO.PKG_GEN_IFC_OUT_034.__state__,FUNCTION,contoso.pkg_gen_ifc_out_034$g_run_id_set(),Not-Converted,yes,"Review and correct the generated code. Best-effort Azure PostgreSQL code was generated, but it is not included in the deployment script and its behavior is unverified. Compare it with the source, correct it, and test it before deploying separately. Reference: CVT-366"
PACKAGE_STATE,CONTOSO.PKG_GEN_IFC_OUT_034.__state__,FUNCTION,contoso.pkg_gen_ifc_out_034$g_system_code(),Not-Converted,yes,"Review and correct the generated code. Best-effort Azure PostgreSQL code was generated, but it is not included in the deployment script and its behavior is unverified. Compare it with the source, correct it, and test it before deploying separately. Reference: CVT-366"
PACKAGE_STATE,CONTOSO.PKG_GEN_IFC_OUT_034.__state__,FUNCTION,contoso.pkg_gen_ifc_out_034$g_transport(),Not-Converted,yes,"Review and correct the generated code. Best-effort Azure PostgreSQL code was generated, but it is not included in the deployment script and its behavior is unverified. Compare it with the source, correct it, and test it before deploying separately. Reference: CVT-366"
PACKAGE_STATE,CONTOSO.PKG_GEN_IFC_OUT_034.__state__,TYPE,contoso.pkg_gen_ifc_out_034$t_row,Not-Converted,yes,"Review and correct the generated code. Best-effort Azure PostgreSQL code was generated, but it is not included in the deployment script and its behavior is unverified. Compare it with the source, correct it, and test it before deploying separately. Reference: CVT-366"
FUNCTION,CONTOSO.PKG_GEN_IFC_OUT_034.batch_ref,FUNCTION,contoso.pkg_gen_ifc_out_034$batch_ref(),Not-Converted,yes,"Review and correct the generated code. Best-effort Azure PostgreSQL code was generated, but it is not included in the deployment script and its behavior is unverified. Compare it with the source, correct it, and test it before deploying separately. Reference: CVT-366"
PROCEDURE,CONTOSO.PKG_GEN_IFC_OUT_034.import_batch,FUNCTION,contoso.pkg_gen_ifc_out_034$import_batch(),Not-Converted,yes,"Review and correct the generated code. Best-effort Azure PostgreSQL code was generated, but it is not included in the deployment script and its behavior is unverified. Compare it with the source, correct it, and test it before deploying separately. Reference: CVT-366"
FUNCTION,CONTOSO.PKG_GEN_IFC_OUT_034.open_feed,FUNCTION,contoso.pkg_gen_ifc_out_034$open_feed(),Not-Converted,yes,"Review and correct the generated code. Best-effort Azure PostgreSQL code was generated, but it is not included in the deployment script and its behavior is unverified. Compare it with the source, correct it, and test it before deploying separately. Reference: CVT-366"
FUNCTION,CONTOSO.PKG_GEN_IFC_OUT_034.pending_count,FUNCTION,contoso.pkg_gen_ifc_out_034$pending_count(),Not-Converted,yes,"Review and correct the generated code. Best-effort Azure PostgreSQL code was generated, but it is not included in the deployment script and its behavior is unverified. Compare it with the source, correct it, and test it before deploying separately. Reference: CVT-366"
PROCEDURE,CONTOSO.PKG_GEN_IFC_OUT_034.quarantine,FUNCTION,contoso.pkg_gen_ifc_out_034$quarantine(),Not-Converted,yes,"Review and correct the generated code. Best-effort Azure PostgreSQL code was generated, but it is not included in the deployment script and its behavior is unverified. Compare it with the source, correct it, and test it before deploying separately. Reference: CVT-366"
PROCEDURE,CONTOSO.PKG_GEN_IFC_OUT_034.reconcile,FUNCTION,contoso.pkg_gen_ifc_out_034$reconcile(),Not-Converted,yes,"Review and correct the generated code. Best-effort Azure PostgreSQL code was generated, but it is not included in the deployment script and its behavior is unverified. Compare it with the source, correct it, and test it before deploying separately. Reference: CVT-366"
PACKAGE_BODY,CONTOSO.PKG_GEN_IFC_OUT_036,PACKAGE_BODY,contoso.pkg_gen_ifc_out_036,Not-Converted,yes,"Verify that the functionality is present. Deployable Azure PostgreSQL code could not be generated for this object, and it has no separate entry in the deployment script. Check whether the related object contains its functionality; if it does not, implement the missing Azure PostgreSQL behavior, test it, and deploy it separately. Reference: CVT-124"
PACKAGE_STATE,CONTOSO.PKG_GEN_IFC_OUT_036.__state__,DOMAIN,contoso.pkg_gen_ifc_out_036$t_row_tab,Not-Converted,yes,"Review and correct the generated code. Best-effort Azure PostgreSQL code was generated, but it is not included in the deployment script and its behavior is unverified. Compare it with the source, correct it, and test it before deploying separately. Reference: CVT-366"
PACKAGE_STATE,CONTOSO.PKG_GEN_IFC_OUT_036.__state__,FUNCTION,contoso.pkg_gen_ifc_out_036$e_batch_rejected(),Not-Converted,yes,"Review and correct the generated code. Best-effort Azure PostgreSQL code was generated, but it is not included in the deployment script and its behavior is unverified. Compare it with the source, correct it, and test it before deploying separately. Reference: CVT-366"
PACKAGE_STATE,CONTOSO.PKG_GEN_IFC_OUT_036.__state__,FUNCTION,contoso.pkg_gen_ifc_out_036$e_transport_down(),Not-Converted,yes,"Review and correct the generated code. Best-effort Azure PostgreSQL code was generated, but it is not included in the deployment script and its behavior is unverified. Compare it with the source, correct it, and test it before deploying separately. Reference: CVT-366"
PACKAGE_STATE,CONTOSO.PKG_GEN_IFC_OUT_036.__state__,FUNCTION,contoso.pkg_gen_ifc_out_036$g_batch_limit(),Not-Converted,yes,"Review and correct the generated code. Best-effort Azure PostgreSQL code was generated, but it is not included in the deployment script and its behavior is unverified. Compare it with the source, correct it, and test it before deploying separately. Reference: CVT-366"
PACKAGE_STATE,CONTOSO.PKG_GEN_IFC_OUT_036.__state__,FUNCTION,contoso.pkg_gen_ifc_out_036$g_direction(),Not-Converted,yes,"Review and correct the generated code. Best-effort Azure PostgreSQL code was generated, but it is not included in the deployment script and its behavior is unverified. Compare it with the source, correct it, and test it before deploying separately. Reference: CVT-366"
PACKAGE_STATE,CONTOSO.PKG_GEN_IFC_OUT_036.__state__,FUNCTION,contoso.pkg_gen_ifc_out_036$g_entity(),Not-Converted,yes,"Review and correct the generated code. Best-effort Azure PostgreSQL code was generated, but it is not included in the deployment script and its behavior is unverified. Compare it with the source, correct it, and test it before deploying separately. Reference: CVT-366"
PACKAGE_STATE,CONTOSO.PKG_GEN_IFC_OUT_036.__state__,FUNCTION,contoso.pkg_gen_ifc_out_036$g_run_id_clear(),Not-Converted,yes,"Review and correct the generated code. Best-effort Azure PostgreSQL code was generated, but it is not included in the deployment script and its behavior is unverified. Compare it with the source, correct it, and test it before deploying separately. Reference: CVT-366"
PACKAGE_STATE,CONTOSO.PKG_GEN_IFC_OUT_036.__state__,FUNCTION,contoso.pkg_gen_ifc_out_036$g_run_id_get(),Not-Converted,yes,"Review and correct the generated code. Best-effort Azure PostgreSQL code was generated, but it is not included in the deployment script and its behavior is unverified. Compare it with the source, correct it, and test it before deploying separately. Reference: CVT-366"
PACKAGE_STATE,CONTOSO.PKG_GEN_IFC_OUT_036.__state__,FUNCTION,contoso.pkg_gen_ifc_out_036$g_run_id_set(),Not-Converted,yes,"Review and correct the generated code. Best-effort Azure PostgreSQL code was generated, but it is not included in the deployment script and its behavior is unverified. Compare it with the source, correct it, and test it before deploying separately. Reference: CVT-366"
PACKAGE_STATE,CONTOSO.PKG_GEN_IFC_OUT_036.__state__,FUNCTION,contoso.pkg_gen_ifc_out_036$g_system_code(),Not-Converted,yes,"Review and correct the generated code. Best-effort Azure PostgreSQL code was generated, but it is not included in the deployment script and its behavior is unverified. Compare it with the source, correct it, and test it before deploying separately. Reference: CVT-366"
PACKAGE_STATE,CONTOSO.PKG_GEN_IFC_OUT_036.__state__,FUNCTION,contoso.pkg_gen_ifc_out_036$g_transport(),Not-Converted,yes,"Review and correct the generated code. Best-effort Azure PostgreSQL code was generated, but it is not included in the deployment script and its behavior is unverified. Compare it with the source, correct it, and test it before deploying separately. Reference: CVT-366"
PACKAGE_STATE,CONTOSO.PKG_GEN_IFC_OUT_036.__state__,TYPE,contoso.pkg_gen_ifc_out_036$t_row,Not-Converted,yes,"Review and correct the generated code. Best-effort Azure PostgreSQL code was generated, but it is not included in the deployment script and its behavior is unverified. Compare it with the source, correct it, and test it before deploying separately. Reference: CVT-366"
FUNCTION,CONTOSO.PKG_GEN_IFC_OUT_036.batch_ref,FUNCTION,contoso.pkg_gen_ifc_out_036$batch_ref(),Not-Converted,yes,"Review and correct the generated code. Best-effort Azure PostgreSQL code was generated, but it is not included in the deployment script and its behavior is unverified. Compare it with the source, correct it, and test it before deploying separately. Reference: CVT-366"
PROCEDURE,CONTOSO.PKG_GEN_IFC_OUT_036.import_batch,FUNCTION,contoso.pkg_gen_ifc_out_036$import_batch(),Not-Converted,yes,"Review and correct the generated code. Best-effort Azure PostgreSQL code was generated, but it is not included in the deployment script and its behavior is unverified. Compare it with the source, correct it, and test it before deploying separately. Reference: CVT-366"
FUNCTION,CONTOSO.PKG_GEN_IFC_OUT_036.pending_count,FUNCTION,contoso.pkg_gen_ifc_out_036$pending_count(),Not-Converted,yes,"Review and correct the generated code. Best-effort Azure PostgreSQL code was generated, but it is not included in the deployment script and its behavior is unverified. Compare it with the source, correct it, and test it before deploying separately. Reference: CVT-366"
PROCEDURE,CONTOSO.PKG_GEN_IFC_OUT_036.quarantine,PROCEDURE,contoso.pkg_gen_ifc_out_036$quarantine(),Not-Converted,yes,"Review and correct the generated code. Best-effort Azure PostgreSQL code was generated, but it is not included in the deployment script and its behavior is unverified. Compare it with the source, correct it, and test it before deploying separately. Reference: CVT-366"
PROCEDURE,CONTOSO.PKG_GEN_IFC_OUT_036.reconcile,PROCEDURE,contoso.pkg_gen_ifc_out_036$reconcile(),Not-Converted,yes,"Review and correct the generated code. Best-effort Azure PostgreSQL code was generated, but it is not included in the deployment script and its behavior is unverified. Compare it with the source, correct it, and test it before deploying separately. Reference: CVT-366"
FUNCTION,CONTOSO.PKG_GEN_IFC_OUT_036.resolve_key,FUNCTION,contoso.pkg_gen_ifc_out_036$resolve_key(p_key varchar),Not-Converted,yes,"Review and correct the generated code. Best-effort Azure PostgreSQL code was generated, but it is not included in the deployment script and its behavior is unverified. Compare it with the source, correct it, and test it before deploying separately. Reference: CVT-366"
FUNCTION,CONTOSO.PKG_GEN_IFC_OUT_036.resolve_key,FUNCTION,contoso.pkg_gen_ifc_out_036$resolve_key(p_key numeric),Not-Converted,yes,"Review and correct the generated code. Best-effort Azure PostgreSQL code was generated, but it is not included in the deployment script and its behavior is unverified. Compare it with the source, correct it, and test it before deploying separately. Reference: CVT-366"
FUNCTION,CONTOSO.PKG_GEN_IFC_OUT_036.resolve_key,FUNCTION,contoso.pkg_gen_ifc_out_036$resolve_key(p_key timestamp),Not-Converted,yes,"Review and correct the generated code. Best-effort Azure PostgreSQL code was generated, but it is not included in the deployment script and its behavior is unverified. Compare it with the source, correct it, and test it before deploying separately. Reference: CVT-366"
PACKAGE_BODY,CONTOSO.PKG_GEN_RULES_001,PACKAGE_BODY,contoso.pkg_gen_rules_001,Not-Converted,yes,"Verify that the functionality is present. Deployable Azure PostgreSQL code could not be generated for this object, and it has no separate entry in the deployment script. Check whether the related object contains its functionality; if it does not, implement the missing Azure PostgreSQL behavior, test it, and deploy it separately. Reference: CVT-124"
PACKAGE_STATE,CONTOSO.PKG_GEN_RULES_001.__state__,FUNCTION,contoso.pkg_gen_rules_001$e_rule_not_applicable(),Not-Converted,yes,"Review and correct the generated code. Best-effort Azure PostgreSQL code was generated, but it is not included in the deployment script and its behavior is unverified. Compare it with the source, correct it, and test it before deploying separately. Reference: CVT-366"
PACKAGE_STATE,CONTOSO.PKG_GEN_RULES_001.__state__,FUNCTION,contoso.pkg_gen_rules_001$g_revision(),Not-Converted,yes,"Review and correct the generated code. Best-effort Azure PostgreSQL code was generated, but it is not included in the deployment script and its behavior is unverified. Compare it with the source, correct it, and test it before deploying separately. Reference: CVT-366"
PACKAGE_STATE,CONTOSO.PKG_GEN_RULES_001.__state__,FUNCTION,contoso.pkg_gen_rules_001$g_rule_code(),Not-Converted,yes,"Review and correct the generated code. Best-effort Azure PostgreSQL code was generated, but it is not included in the deployment script and its behavior is unverified. Compare it with the source, correct it, and test it before deploying separately. Reference: CVT-366"
PACKAGE_STATE,CONTOSO.PKG_GEN_RULES_001.__state__,TYPE,contoso.pkg_gen_rules_001$t_outcome,Not-Converted,yes,"Review and correct the generated code. Best-effort Azure PostgreSQL code was generated, but it is not included in the deployment script and its behavior is unverified. Compare it with the source, correct it, and test it before deploying separately. Reference: CVT-366"
FUNCTION,CONTOSO.PKG_GEN_RULES_001.applies_to,FUNCTION,contoso.pkg_gen_rules_001$applies_to(),Not-Converted,yes,"Review and correct the generated code. Best-effort Azure PostgreSQL code was generated, but it is not included in the deployment script and its behavior is unverified. Compare it with the source, correct it, and test it before deploying separately. Reference: CVT-366"
PROCEDURE,CONTOSO.PKG_GEN_RULES_001.apply_batch,PROCEDURE,contoso.pkg_gen_rules_001$apply_batch(),Not-Converted,yes,"Review and correct the generated code. Best-effort Azure PostgreSQL code was generated, but it is not included in the deployment script and its behavior is unverified. Compare it with the source, correct it, and test it before deploying separately. Reference: CVT-366"
FUNCTION,CONTOSO.PKG_GEN_RULES_001.evaluate,FUNCTION,contoso.pkg_gen_rules_001$evaluate(),Not-Converted,yes,"Review and correct the generated code. Best-effort Azure PostgreSQL code was generated, but it is not included in the deployment script and its behavior is unverified. Compare it with the source, correct it, and test it before deploying separately. Reference: CVT-366"
PACKAGE_BODY,CONTOSO.PKG_GEN_RULES_002,PACKAGE_BODY,contoso.pkg_gen_rules_002,Not-Converted,yes,"Verify that the functionality is present. Deployable Azure PostgreSQL code could not be generated for this object, and it has no separate entry in the deployment script. Check whether the related object contains its functionality; if it does not, implement the missing Azure PostgreSQL behavior, test it, and deploy it separately. Reference: CVT-124"
PACKAGE_STATE,CONTOSO.PKG_GEN_RULES_002.__state__,FUNCTION,contoso.pkg_gen_rules_002$e_rule_not_applicable(),Not-Converted,yes,"Review and correct the generated code. Best-effort Azure PostgreSQL code was generated, but it is not included in the deployment script and its behavior is unverified. Compare it with the source, correct it, and test it before deploying separately. Reference: CVT-366"
PACKAGE_STATE,CONTOSO.PKG_GEN_RULES_002.__state__,FUNCTION,contoso.pkg_gen_rules_002$g_revision(),Not-Converted,yes,"Review and correct the generated code. Best-effort Azure PostgreSQL code was generated, but it is not included in the deployment script and its behavior is unverified. Compare it with the source, correct it, and test it before deploying separately. Reference: CVT-366"
PACKAGE_STATE,CONTOSO.PKG_GEN_RULES_002.__state__,FUNCTION,contoso.pkg_gen_rules_002$g_rule_code(),Not-Converted,yes,"Review and correct the generated code. Best-effort Azure PostgreSQL code was generated, but it is not included in the deployment script and its behavior is unverified. Compare it with the source, correct it, and test it before deploying separately. Reference: CVT-366"
PACKAGE_STATE,CONTOSO.PKG_GEN_RULES_002.__state__,TYPE,contoso.pkg_gen_rules_002$t_outcome,Not-Converted,yes,"Review and correct the generated code. Best-effort Azure PostgreSQL code was generated, but it is not included in the deployment script and its behavior is unverified. Compare it with the source, correct it, and test it before deploying separately. Reference: CVT-366"
FUNCTION,CONTOSO.PKG_GEN_RULES_002.applies_to,FUNCTION,contoso.pkg_gen_rules_002$applies_to(),Not-Converted,yes,"Review and correct the generated code. Best-effort Azure PostgreSQL code was generated, but it is not included in the deployment script and its behavior is unverified. Compare it with the source, correct it, and test it before deploying separately. Reference: CVT-366"
PROCEDURE,CONTOSO.PKG_GEN_RULES_002.apply_batch,FUNCTION,contoso.pkg_gen_rules_002$apply_batch(),Not-Converted,yes,"Review and correct the generated code. Best-effort Azure PostgreSQL code was generated, but it is not included in the deployment script and its behavior is unverified. Compare it with the source, correct it, and test it before deploying separately. Reference: CVT-366"
FUNCTION,CONTOSO.PKG_GEN_RULES_002.evaluate,FUNCTION,contoso.pkg_gen_rules_002$evaluate(),Not-Converted,yes,"Review and correct the generated code. Best-effort Azure PostgreSQL code was generated, but it is not included in the deployment script and its behavior is unverified. Compare it with the source, correct it, and test it before deploying separately. Reference: CVT-366"
PACKAGE_BODY,CONTOSO.PKG_GEN_RULES_003,PACKAGE_BODY,contoso.pkg_gen_rules_003,Not-Converted,yes,"Verify that the functionality is present. Deployable Azure PostgreSQL code could not be generated for this object, and it has no separate entry in the deployment script. Check whether the related object contains its functionality; if it does not, implement the missing Azure PostgreSQL behavior, test it, and deploy it separately. Reference: CVT-124"
PACKAGE_STATE,CONTOSO.PKG_GEN_RULES_003.__state__,FUNCTION,contoso.pkg_gen_rules_003$e_rule_not_applicable(),Not-Converted,yes,"Review and correct the generated code. Best-effort Azure PostgreSQL code was generated, but it is not included in the deployment script and its behavior is unverified. Compare it with the source, correct it, and test it before deploying separately. Reference: CVT-366"
PACKAGE_STATE,CONTOSO.PKG_GEN_RULES_003.__state__,FUNCTION,contoso.pkg_gen_rules_003$g_revision(),Not-Converted,yes,"Review and correct the generated code. Best-effort Azure PostgreSQL code was generated, but it is not included in the deployment script and its behavior is unverified. Compare it with the source, correct it, and test it before deploying separately. Reference: CVT-366"
PACKAGE_STATE,CONTOSO.PKG_GEN_RULES_003.__state__,FUNCTION,contoso.pkg_gen_rules_003$g_rule_code(),Not-Converted,yes,"Review and correct the generated code. Best-effort Azure PostgreSQL code was generated, but it is not included in the deployment script and its behavior is unverified. Compare it with the source, correct it, and test it before deploying separately. Reference: CVT-366"
PACKAGE_STATE,CONTOSO.PKG_GEN_RULES_003.__state__,TYPE,contoso.pkg_gen_rules_003$t_outcome,Not-Converted,yes,"Review and correct the generated code. Best-effort Azure PostgreSQL code was generated, but it is not included in the deployment script and its behavior is unverified. Compare it with the source, correct it, and test it before deploying separately. Reference: CVT-366"
FUNCTION,CONTOSO.PKG_GEN_RULES_003.applies_to,FUNCTION,contoso.pkg_gen_rules_003$applies_to(),Not-Converted,yes,"Review and correct the generated code. Best-effort Azure PostgreSQL code was generated, but it is not included in the deployment script and its behavior is unverified. Compare it with the source, correct it, and test it before deploying separately. Reference: CVT-366"
PROCEDURE,CONTOSO.PKG_GEN_RULES_003.apply_batch,FUNCTION,contoso.pkg_gen_rules_003$apply_batch(),Not-Converted,yes,"Review and correct the generated code. Best-effort Azure PostgreSQL code was generated, but it is not included in the deployment script and its behavior is unverified. Compare it with the source, correct it, and test it before deploying separately. Reference: CVT-366"
FUNCTION,CONTOSO.PKG_GEN_RULES_003.evaluate,FUNCTION,contoso.pkg_gen_rules_003$evaluate(),Not-Converted,yes,"Review and correct the generated code. Best-effort Azure PostgreSQL code was generated, but it is not included in the deployment script and its behavior is unverified. Compare it with the source, correct it, and test it before deploying separately. Reference: CVT-366"
PACKAGE_BODY,CONTOSO.PKG_GEN_RULES_004,PACKAGE_BODY,contoso.pkg_gen_rules_004,Not-Converted,yes,"Verify that the functionality is present. Deployable Azure PostgreSQL code could not be generated for this object, and it has no separate entry in the deployment script. Check whether the related object contains its functionality; if it does not, implement the missing Azure PostgreSQL behavior, test it, and deploy it separately. Reference: CVT-124"
PACKAGE_STATE,CONTOSO.PKG_GEN_RULES_004.__state__,FUNCTION,contoso.pkg_gen_rules_004$e_rule_not_applicable(),Not-Converted,yes,"Review and correct the generated code. Best-effort Azure PostgreSQL code was generated, but it is not included in the deployment script and its behavior is unverified. Compare it with the source, correct it, and test it before deploying separately. Reference: CVT-366"
PACKAGE_STATE,CONTOSO.PKG_GEN_RULES_004.__state__,FUNCTION,contoso.pkg_gen_rules_004$g_revision(),Not-Converted,yes,"Review and correct the generated code. Best-effort Azure PostgreSQL code was generated, but it is not included in the deployment script and its behavior is unverified. Compare it with the source, correct it, and test it before deploying separately. Reference: CVT-366"
PACKAGE_STATE,CONTOSO.PKG_GEN_RULES_004.__state__,FUNCTION,contoso.pkg_gen_rules_004$g_rule_code(),Not-Converted,yes,"Review and correct the generated code. Best-effort Azure PostgreSQL code was generated, but it is not included in the deployment script and its behavior is unverified. Compare it with the source, correct it, and test it before deploying separately. Reference: CVT-366"
PACKAGE_STATE,CONTOSO.PKG_GEN_RULES_004.__state__,TYPE,contoso.pkg_gen_rules_004$t_outcome,Not-Converted,yes,"Review and correct the generated code. Best-effort Azure PostgreSQL code was generated, but it is not included in the deployment script and its behavior is unverified. Compare it with the source, correct it, and test it before deploying separately. Reference: CVT-366"
FUNCTION,CONTOSO.PKG_GEN_RULES_004.applies_to,FUNCTION,contoso.pkg_gen_rules_004$applies_to(),Not-Converted,yes,"Review and correct the generated code. Best-effort Azure PostgreSQL code was generated, but it is not included in the deployment script and its behavior is unverified. Compare it with the source, correct it, and test it before deploying separately. Reference: CVT-366"
PROCEDURE,CONTOSO.PKG_GEN_RULES_004.apply_batch,PROCEDURE,contoso.pkg_gen_rules_004$apply_batch(),Not-Converted,yes,"Review and correct the generated code. Best-effort Azure PostgreSQL code was generated, but it is not included in the deployment script and its behavior is unverified. Compare it with the source, correct it, and test it before deploying separately. Reference: CVT-366"
FUNCTION,CONTOSO.PKG_GEN_RULES_004.describe,FUNCTION,contoso.pkg_gen_rules_004$describe(p_value text),Not-Converted,yes,"Review and correct the generated code. Best-effort Azure PostgreSQL code was generated, but it is not included in the deployment script and its behavior is unverified. Compare it with the source, correct it, and test it before deploying separately. Reference: CVT-366"
FUNCTION,CONTOSO.PKG_GEN_RULES_004.describe,FUNCTION,contoso.pkg_gen_rules_004$describe(p_value numeric),Not-Converted,yes,"Review and correct the generated code. Best-effort Azure PostgreSQL code was generated, but it is not included in the deployment script and its behavior is unverified. Compare it with the source, correct it, and test it before deploying separately. Reference: CVT-366"
FUNCTION,CONTOSO.PKG_GEN_RULES_004.describe,FUNCTION,contoso.pkg_gen_rules_004$describe(p_value timestamp),Not-Converted,yes,"Review and correct the generated code. Best-effort Azure PostgreSQL code was generated, but it is not included in the deployment script and its behavior is unverified. Compare it with the source, correct it, and test it before deploying separately. Reference: CVT-366"
FUNCTION,CONTOSO.PKG_GEN_RULES_004.describe,FUNCTION,"contoso.pkg_gen_rules_004$describe(p_value numeric, p_scale numeric)",Not-Converted,yes,"Review and correct the generated code. Best-effort Azure PostgreSQL code was generated, but it is not included in the deployment script and its behavior is unverified. Compare it with the source, correct it, and test it before deploying separately. Reference: CVT-366"
FUNCTION,CONTOSO.PKG_GEN_RULES_004.evaluate,FUNCTION,contoso.pkg_gen_rules_004$evaluate(),Not-Converted,yes,"Review and correct the generated code. Best-effort Azure PostgreSQL code was generated, but it is not included in the deployment script and its behavior is unverified. Compare it with the source, correct it, and test it before deploying separately. Reference: CVT-366"
PACKAGE_BODY,CONTOSO.PKG_GEN_RULES_005,PACKAGE_BODY,contoso.pkg_gen_rules_005,Not-Converted,yes,"Verify that the functionality is present. Deployable Azure PostgreSQL code could not be generated for this object, and it has no separate entry in the deployment script. Check whether the related object contains its functionality; if it does not, implement the missing Azure PostgreSQL behavior, test it, and deploy it separately. Reference: CVT-124"
PACKAGE_STATE,CONTOSO.PKG_GEN_RULES_005.__state__,FUNCTION,contoso.pkg_gen_rules_005$e_rule_not_applicable(),Not-Converted,yes,"Review and correct the generated code. Best-effort Azure PostgreSQL code was generated, but it is not included in the deployment script and its behavior is unverified. Compare it with the source, correct it, and test it before deploying separately. Reference: CVT-366"
PACKAGE_STATE,CONTOSO.PKG_GEN_RULES_005.__state__,FUNCTION,contoso.pkg_gen_rules_005$g_hits_get(),Not-Converted,yes,"Review and correct the generated code. Best-effort Azure PostgreSQL code was generated, but it is not included in the deployment script and its behavior is unverified. Compare it with the source, correct it, and test it before deploying separately. Reference: CVT-366"
PACKAGE_STATE,CONTOSO.PKG_GEN_RULES_005.__state__,FUNCTION,contoso.pkg_gen_rules_005$g_hits_inc(),Not-Converted,yes,"Review and correct the generated code. Best-effort Azure PostgreSQL code was generated, but it is not included in the deployment script and its behavior is unverified. Compare it with the source, correct it, and test it before deploying separately. Reference: CVT-366"
PACKAGE_STATE,CONTOSO.PKG_GEN_RULES_005.__state__,FUNCTION,contoso.pkg_gen_rules_005$g_hits_set(),Not-Converted,yes,"Review and correct the generated code. Best-effort Azure PostgreSQL code was generated, but it is not included in the deployment script and its behavior is unverified. Compare it with the source, correct it, and test it before deploying separately. Reference: CVT-366"
PACKAGE_STATE,CONTOSO.PKG_GEN_RULES_005.__state__,FUNCTION,contoso.pkg_gen_rules_005$g_price_cache_clear(),Not-Converted,yes,"Review and correct the generated code. Best-effort Azure PostgreSQL code was generated, but it is not included in the deployment script and its behavior is unverified. Compare it with the source, correct it, and test it before deploying separately. Reference: CVT-366"
PACKAGE_STATE,CONTOSO.PKG_GEN_RULES_005.__state__,FUNCTION,contoso.pkg_gen_rules_005$g_price_cache_get(),Not-Converted,yes,"Review and correct the generated code. Best-effort Azure PostgreSQL code was generated, but it is not included in the deployment script and its behavior is unverified. Compare it with the source, correct it, and test it before deploying separately. Reference: CVT-366"
PACKAGE_STATE,CONTOSO.PKG_GEN_RULES_005.__state__,FUNCTION,contoso.pkg_gen_rules_005$g_price_cache_set(),Not-Converted,yes,"Review and correct the generated code. Best-effort Azure PostgreSQL code was generated, but it is not included in the deployment script and its behavior is unverified. Compare it with the source, correct it, and test it before deploying separately. Reference: CVT-366"
PACKAGE_STATE,CONTOSO.PKG_GEN_RULES_005.__state__,FUNCTION,contoso.pkg_gen_rules_005$g_revision(),Not-Converted,yes,"Review and correct the generated code. Best-effort Azure PostgreSQL code was generated, but it is not included in the deployment script and its behavior is unverified. Compare it with the source, correct it, and test it before deploying separately. Reference: CVT-366"
PACKAGE_STATE,CONTOSO.PKG_GEN_RULES_005.__state__,FUNCTION,contoso.pkg_gen_rules_005$g_rule_code(),Not-Converted,yes,"Review and correct the generated code. Best-effort Azure PostgreSQL code was generated, but it is not included in the deployment script and its behavior is unverified. Compare it with the source, correct it, and test it before deploying separately. Reference: CVT-366"
PACKAGE_STATE,CONTOSO.PKG_GEN_RULES_005.__state__,TYPE,contoso.pkg_gen_rules_005$t_outcome,Not-Converted,yes,"Review and correct the generated code. Best-effort Azure PostgreSQL code was generated, but it is not included in the deployment script and its behavior is unverified. Compare it with the source, correct it, and test it before deploying separately. Reference: CVT-366"
FUNCTION,CONTOSO.PKG_GEN_RULES_005.applies_to,FUNCTION,contoso.pkg_gen_rules_005$applies_to(),Not-Converted,yes,"Review and correct the generated code. Best-effort Azure PostgreSQL code was generated, but it is not included in the deployment script and its behavior is unverified. Compare it with the source, correct it, and test it before deploying separately. Reference: CVT-366"
PROCEDURE,CONTOSO.PKG_GEN_RULES_005.apply_batch,FUNCTION,contoso.pkg_gen_rules_005$apply_batch(),Not-Converted,yes,"Review and correct the generated code. Best-effort Azure PostgreSQL code was generated, but it is not included in the deployment script and its behavior is unverified. Compare it with the source, correct it, and test it before deploying separately. Reference: CVT-366"
FUNCTION,CONTOSO.PKG_GEN_RULES_005.evaluate,FUNCTION,contoso.pkg_gen_rules_005$evaluate(),Not-Converted,yes,"Review and correct the generated code. Best-effort Azure PostgreSQL code was generated, but it is not included in the deployment script and its behavior is unverified. Compare it with the source, correct it, and test it before deploying separately. Reference: CVT-366"
PACKAGE_BODY,CONTOSO.PKG_GEN_RULES_006,PACKAGE_BODY,contoso.pkg_gen_rules_006,Not-Converted,yes,"Verify that the functionality is present. Deployable Azure PostgreSQL code could not be generated for this object, and it has no separate entry in the deployment script. Check whether the related object contains its functionality; if it does not, implement the missing Azure PostgreSQL behavior, test it, and deploy it separately. Reference: CVT-124"
PACKAGE_STATE,CONTOSO.PKG_GEN_RULES_006.__state__,FUNCTION,contoso.pkg_gen_rules_006$e_rule_not_applicable(),Not-Converted,yes,"Review and correct the generated code. Best-effort Azure PostgreSQL code was generated, but it is not included in the deployment script and its behavior is unverified. Compare it with the source, correct it, and test it before deploying separately. Reference: CVT-366"
PACKAGE_STATE,CONTOSO.PKG_GEN_RULES_006.__state__,FUNCTION,contoso.pkg_gen_rules_006$g_revision(),Not-Converted,yes,"Review and correct the generated code. Best-effort Azure PostgreSQL code was generated, but it is not included in the deployment script and its behavior is unverified. Compare it with the source, correct it, and test it before deploying separately. Reference: CVT-366"
PACKAGE_STATE,CONTOSO.PKG_GEN_RULES_006.__state__,FUNCTION,contoso.pkg_gen_rules_006$g_rule_code(),Not-Converted,yes,"Review and correct the generated code. Best-effort Azure PostgreSQL code was generated, but it is not included in the deployment script and its behavior is unverified. Compare it with the source, correct it, and test it before deploying separately. Reference: CVT-366"
PACKAGE_STATE,CONTOSO.PKG_GEN_RULES_006.__state__,TYPE,contoso.pkg_gen_rules_006$t_outcome,Not-Converted,yes,"Review and correct the generated code. Best-effort Azure PostgreSQL code was generated, but it is not included in the deployment script and its behavior is unverified. Compare it with the source, correct it, and test it before deploying separately. Reference: CVT-366"
FUNCTION,CONTOSO.PKG_GEN_RULES_006.applies_to,FUNCTION,contoso.pkg_gen_rules_006$applies_to(),Not-Converted,yes,"Review and correct the generated code. Best-effort Azure PostgreSQL code was generated, but it is not included in the deployment script and its behavior is unverified. Compare it with the source, correct it, and test it before deploying separately. Reference: CVT-366"
PROCEDURE,CONTOSO.PKG_GEN_RULES_006.apply_batch,FUNCTION,contoso.pkg_gen_rules_006$apply_batch(),Not-Converted,yes,"Review and correct the generated code. Best-effort Azure PostgreSQL code was generated, but it is not included in the deployment script and its behavior is unverified. Compare it with the source, correct it, and test it before deploying separately. Reference: CVT-366"
FUNCTION,CONTOSO.PKG_GEN_RULES_006.evaluate,FUNCTION,contoso.pkg_gen_rules_006$evaluate(),Not-Converted,yes,"Review and correct the generated code. Best-effort Azure PostgreSQL code was generated, but it is not included in the deployment script and its behavior is unverified. Compare it with the source, correct it, and test it before deploying separately. Reference: CVT-366"
PACKAGE_BODY,CONTOSO.PKG_GEN_RULES_007,PACKAGE_BODY,contoso.pkg_gen_rules_007,Not-Converted,yes,"Verify that the functionality is present. Deployable Azure PostgreSQL code could not be generated for this object, and it has no separate entry in the deployment script. Check whether the related object contains its functionality; if it does not, implement the missing Azure PostgreSQL behavior, test it, and deploy it separately. Reference: CVT-124"
PACKAGE_STATE,CONTOSO.PKG_GEN_RULES_007.__state__,FUNCTION,contoso.pkg_gen_rules_007$e_rule_not_applicable(),Not-Converted,yes,"Review and correct the generated code. Best-effort Azure PostgreSQL code was generated, but it is not included in the deployment script and its behavior is unverified. Compare it with the source, correct it, and test it before deploying separately. Reference: CVT-366"
PACKAGE_STATE,CONTOSO.PKG_GEN_RULES_007.__state__,FUNCTION,contoso.pkg_gen_rules_007$g_revision(),Not-Converted,yes,"Review and correct the generated code. Best-effort Azure PostgreSQL code was generated, but it is not included in the deployment script and its behavior is unverified. Compare it with the source, correct it, and test it before deploying separately. Reference: CVT-366"
PACKAGE_STATE,CONTOSO.PKG_GEN_RULES_007.__state__,FUNCTION,contoso.pkg_gen_rules_007$g_rule_code(),Not-Converted,yes,"Review and correct the generated code. Best-effort Azure PostgreSQL code was generated, but it is not included in the deployment script and its behavior is unverified. Compare it with the source, correct it, and test it before deploying separately. Reference: CVT-366"
PACKAGE_STATE,CONTOSO.PKG_GEN_RULES_007.__state__,TYPE,contoso.pkg_gen_rules_007$t_outcome,Not-Converted,yes,"Review and correct the generated code. Best-effort Azure PostgreSQL code was generated, but it is not included in the deployment script and its behavior is unverified. Compare it with the source, correct it, and test it before deploying separately. Reference: CVT-366"
FUNCTION,CONTOSO.PKG_GEN_RULES_007.applies_to,FUNCTION,contoso.pkg_gen_rules_007$applies_to(),Not-Converted,yes,"Review and correct the generated code. Best-effort Azure PostgreSQL code was generated, but it is not included in the deployment script and its behavior is unverified. Compare it with the source, correct it, and test it before deploying separately. Reference: CVT-366"
PROCEDURE,CONTOSO.PKG_GEN_RULES_007.apply_batch,FUNCTION,contoso.pkg_gen_rules_007$apply_batch(),Not-Converted,yes,"Review and correct the generated code. Best-effort Azure PostgreSQL code was generated, but it is not included in the deployment script and its behavior is unverified. Compare it with the source, correct it, and test it before deploying separately. Reference: CVT-366"
FUNCTION,CONTOSO.PKG_GEN_RULES_007.evaluate,FUNCTION,contoso.pkg_gen_rules_007$evaluate(),Not-Converted,yes,"Review and correct the generated code. Best-effort Azure PostgreSQL code was generated, but it is not included in the deployment script and its behavior is unverified. Compare it with the source, correct it, and test it before deploying separately. Reference: CVT-366"
PACKAGE_BODY,CONTOSO.PKG_GEN_RULES_008,PACKAGE_BODY,contoso.pkg_gen_rules_008,Not-Converted,yes,"Verify that the functionality is present. Deployable Azure PostgreSQL code could not be generated for this object, and it has no separate entry in the deployment script. Check whether the related object contains its functionality; if it does not, implement the missing Azure PostgreSQL behavior, test it, and deploy it separately. Reference: CVT-124"
PACKAGE_STATE,CONTOSO.PKG_GEN_RULES_008.__state__,FUNCTION,contoso.pkg_gen_rules_008$e_rule_not_applicable(),Not-Converted,yes,"Review and correct the generated code. Best-effort Azure PostgreSQL code was generated, but it is not included in the deployment script and its behavior is unverified. Compare it with the source, correct it, and test it before deploying separately. Reference: CVT-366"
PACKAGE_STATE,CONTOSO.PKG_GEN_RULES_008.__state__,FUNCTION,contoso.pkg_gen_rules_008$g_revision(),Not-Converted,yes,"Review and correct the generated code. Best-effort Azure PostgreSQL code was generated, but it is not included in the deployment script and its behavior is unverified. Compare it with the source, correct it, and test it before deploying separately. Reference: CVT-366"
PACKAGE_STATE,CONTOSO.PKG_GEN_RULES_008.__state__,FUNCTION,contoso.pkg_gen_rules_008$g_rule_code(),Not-Converted,yes,"Review and correct the generated code. Best-effort Azure PostgreSQL code was generated, but it is not included in the deployment script and its behavior is unverified. Compare it with the source, correct it, and test it before deploying separately. Reference: CVT-366"
PACKAGE_STATE,CONTOSO.PKG_GEN_RULES_008.__state__,TYPE,contoso.pkg_gen_rules_008$t_outcome,Not-Converted,yes,"Review and correct the generated code. Best-effort Azure PostgreSQL code was generated, but it is not included in the deployment script and its behavior is unverified. Compare it with the source, correct it, and test it before deploying separately. Reference: CVT-366"
FUNCTION,CONTOSO.PKG_GEN_RULES_008.applies_to,FUNCTION,contoso.pkg_gen_rules_008$applies_to(),Not-Converted,yes,"Review and correct the generated code. Best-effort Azure PostgreSQL code was generated, but it is not included in the deployment script and its behavior is unverified. Compare it with the source, correct it, and test it before deploying separately. Reference: CVT-366"
PROCEDURE,CONTOSO.PKG_GEN_RULES_008.apply_batch,FUNCTION,contoso.pkg_gen_rules_008$apply_batch(),Not-Converted,yes,"Review and correct the generated code. Best-effort Azure PostgreSQL code was generated, but it is not included in the deployment script and its behavior is unverified. Compare it with the source, correct it, and test it before deploying separately. Reference: CVT-366"
FUNCTION,CONTOSO.PKG_GEN_RULES_008.describe,FUNCTION,contoso.pkg_gen_rules_008$describe(p_value text),Not-Converted,yes,"Review and correct the generated code. Best-effort Azure PostgreSQL code was generated, but it is not included in the deployment script and its behavior is unverified. Compare it with the source, correct it, and test it before deploying separately. Reference: CVT-366"
FUNCTION,CONTOSO.PKG_GEN_RULES_008.describe,FUNCTION,contoso.pkg_gen_rules_008$describe(p_value numeric),Not-Converted,yes,"Review and correct the generated code. Best-effort Azure PostgreSQL code was generated, but it is not included in the deployment script and its behavior is unverified. Compare it with the source, correct it, and test it before deploying separately. Reference: CVT-366"
FUNCTION,CONTOSO.PKG_GEN_RULES_008.describe,FUNCTION,contoso.pkg_gen_rules_008$describe(p_value timestamp),Not-Converted,yes,"Review and correct the generated code. Best-effort Azure PostgreSQL code was generated, but it is not included in the deployment script and its behavior is unverified. Compare it with the source, correct it, and test it before deploying separately. Reference: CVT-366"
FUNCTION,CONTOSO.PKG_GEN_RULES_008.describe,FUNCTION,"contoso.pkg_gen_rules_008$describe(p_value numeric, p_scale numeric)",Not-Converted,yes,"Review and correct the generated code. Best-effort Azure PostgreSQL code was generated, but it is not included in the deployment script and its behavior is unverified. Compare it with the source, correct it, and test it before deploying separately. Reference: CVT-366"
FUNCTION,CONTOSO.PKG_GEN_RULES_008.evaluate,FUNCTION,contoso.pkg_gen_rules_008$evaluate(),Not-Converted,yes,"Review and correct the generated code. Best-effort Azure PostgreSQL code was generated, but it is not included in the deployment script and its behavior is unverified. Compare it with the source, correct it, and test it before deploying separately. Reference: CVT-366"
PACKAGE_BODY,CONTOSO.PKG_GEN_RULES_009,PACKAGE_BODY,contoso.pkg_gen_rules_009,Converted,no,"Verify the related object. Azure PostgreSQL code was generated for this object, but this type of object does not get its own entry in the deployment script. Confirm that its behavior is present in the related object and test that object with representative data. Reference: CVT-121"
PACKAGE_STATE,CONTOSO.PKG_GEN_RULES_009.__state__,FUNCTION,contoso.pkg_gen_rules_009$e_rule_not_applicable(),Converted,no,
PACKAGE_STATE,CONTOSO.PKG_GEN_RULES_009.__state__,FUNCTION,contoso.pkg_gen_rules_009$g_revision(),Converted,no,
PACKAGE_STATE,CONTOSO.PKG_GEN_RULES_009.__state__,FUNCTION,contoso.pkg_gen_rules_009$g_rule_code(),Converted,no,
PACKAGE_STATE,CONTOSO.PKG_GEN_RULES_009.__state__,TYPE,contoso.pkg_gen_rules_009$t_outcome,Converted,no,
FUNCTION,CONTOSO.PKG_GEN_RULES_009.applies_to,FUNCTION,contoso.pkg_gen_rules_009$applies_to(),Not-Converted,yes,"Convert the required dependency first. Azure PostgreSQL code passed the compilation check, but this object is not included in the deployment script because it depends on a temporary version of the required dependency. Convert the dependency, then run conversion again and confirm that this object is included. Reference: CVT-242"
PROCEDURE,CONTOSO.PKG_GEN_RULES_009.apply_batch,FUNCTION,contoso.pkg_gen_rules_009$apply_batch(),Not-Converted,yes,"Convert the required dependency first. Azure PostgreSQL code passed the compilation check, but this object is not included in the deployment script because it depends on a temporary version of the required dependency. Convert the dependency, then run conversion again and confirm that this object is included. Reference: CVT-242"
FUNCTION,CONTOSO.PKG_GEN_RULES_009.evaluate,FUNCTION,contoso.pkg_gen_rules_009$evaluate(),Not-Converted,yes,"Convert the required dependency first. Azure PostgreSQL code passed the compilation check, but this object is not included in the deployment script because it depends on a temporary version of the required dependency. Convert the dependency, then run conversion again and confirm that this object is included. Reference: CVT-242"
PACKAGE_BODY,CONTOSO.PKG_GEN_RULES_010,PACKAGE_BODY,contoso.pkg_gen_rules_010,Not-Converted,yes,"Verify that the functionality is present. Deployable Azure PostgreSQL code could not be generated for this object, and it has no separate entry in the deployment script. Check whether the related object contains its functionality; if it does not, implement the missing Azure PostgreSQL behavior, test it, and deploy it separately. Reference: CVT-124"
PACKAGE_STATE,CONTOSO.PKG_GEN_RULES_010.__state__,FUNCTION,contoso.pkg_gen_rules_010$e_rule_not_applicable(),Not-Converted,yes,"Review and correct the generated code. Best-effort Azure PostgreSQL code was generated, but it is not included in the deployment script and its behavior is unverified. Compare it with the source, correct it, and test it before deploying separately. Reference: CVT-366"
PACKAGE_STATE,CONTOSO.PKG_GEN_RULES_010.__state__,FUNCTION,contoso.pkg_gen_rules_010$g_revision(),Not-Converted,yes,"Review and correct the generated code. Best-effort Azure PostgreSQL code was generated, but it is not included in the deployment script and its behavior is unverified. Compare it with the source, correct it, and test it before deploying separately. Reference: CVT-366"
PACKAGE_STATE,CONTOSO.PKG_GEN_RULES_010.__state__,FUNCTION,contoso.pkg_gen_rules_010$g_rule_code(),Not-Converted,yes,"Review and correct the generated code. Best-effort Azure PostgreSQL code was generated, but it is not included in the deployment script and its behavior is unverified. Compare it with the source, correct it, and test it before deploying separately. Reference: CVT-366"
PACKAGE_STATE,CONTOSO.PKG_GEN_RULES_010.__state__,TYPE,contoso.pkg_gen_rules_010$t_outcome,Not-Converted,yes,"Review and correct the generated code. Best-effort Azure PostgreSQL code was generated, but it is not included in the deployment script and its behavior is unverified. Compare it with the source, correct it, and test it before deploying separately. Reference: CVT-366"
FUNCTION,CONTOSO.PKG_GEN_RULES_010.applies_to,FUNCTION,contoso.pkg_gen_rules_010$applies_to(),Not-Converted,yes,"Review and correct the generated code. Best-effort Azure PostgreSQL code was generated, but it is not included in the deployment script and its behavior is unverified. Compare it with the source, correct it, and test it before deploying separately. Reference: CVT-366"
PROCEDURE,CONTOSO.PKG_GEN_RULES_010.apply_batch,FUNCTION,contoso.pkg_gen_rules_010$apply_batch(),Not-Converted,yes,"Review and correct the generated code. Best-effort Azure PostgreSQL code was generated, but it is not included in the deployment script and its behavior is unverified. Compare it with the source, correct it, and test it before deploying separately. Reference: CVT-366"
FUNCTION,CONTOSO.PKG_GEN_RULES_010.evaluate,FUNCTION,contoso.pkg_gen_rules_010$evaluate(),Not-Converted,yes,"Review and correct the generated code. Best-effort Azure PostgreSQL code was generated, but it is not included in the deployment script and its behavior is unverified. Compare it with the source, correct it, and test it before deploying separately. Reference: CVT-366"
PACKAGE_BODY,CONTOSO.PKG_GEN_RULES_011,PACKAGE_BODY,contoso.pkg_gen_rules_011,Not-Converted,yes,"Verify that the functionality is present. Deployable Azure PostgreSQL code could not be generated for this object, and it has no separate entry in the deployment script. Check whether the related object contains its functionality; if it does not, implement the missing Azure PostgreSQL behavior, test it, and deploy it separately. Reference: CVT-124"
PACKAGE_STATE,CONTOSO.PKG_GEN_RULES_011.__state__,FUNCTION,contoso.pkg_gen_rules_011$cache_get(),Not-Converted,yes,"Review and correct the generated code. Best-effort Azure PostgreSQL code was generated, but it is not included in the deployment script and its behavior is unverified. Compare it with the source, correct it, and test it before deploying separately. Reference: CVT-366"
PACKAGE_STATE,CONTOSO.PKG_GEN_RULES_011.__state__,FUNCTION,contoso.pkg_gen_rules_011$cache_put(),Not-Converted,yes,"Review and correct the generated code. Best-effort Azure PostgreSQL code was generated, but it is not included in the deployment script and its behavior is unverified. Compare it with the source, correct it, and test it before deploying separately. Reference: CVT-366"
PACKAGE_STATE,CONTOSO.PKG_GEN_RULES_011.__state__,FUNCTION,contoso.pkg_gen_rules_011$e_rule_not_applicable(),Not-Converted,yes,"Review and correct the generated code. Best-effort Azure PostgreSQL code was generated, but it is not included in the deployment script and its behavior is unverified. Compare it with the source, correct it, and test it before deploying separately. Reference: CVT-366"
PACKAGE_STATE,CONTOSO.PKG_GEN_RULES_011.__state__,FUNCTION,contoso.pkg_gen_rules_011$g_hits(),Not-Converted,yes,"Review and correct the generated code. Best-effort Azure PostgreSQL code was generated, but it is not included in the deployment script and its behavior is unverified. Compare it with the source, correct it, and test it before deploying separately. Reference: CVT-366"
PACKAGE_STATE,CONTOSO.PKG_GEN_RULES_011.__state__,FUNCTION,contoso.pkg_gen_rules_011$g_revision(),Not-Converted,yes,"Review and correct the generated code. Best-effort Azure PostgreSQL code was generated, but it is not included in the deployment script and its behavior is unverified. Compare it with the source, correct it, and test it before deploying separately. Reference: CVT-366"
PACKAGE_STATE,CONTOSO.PKG_GEN_RULES_011.__state__,FUNCTION,contoso.pkg_gen_rules_011$g_rule_code(),Not-Converted,yes,"Review and correct the generated code. Best-effort Azure PostgreSQL code was generated, but it is not included in the deployment script and its behavior is unverified. Compare it with the source, correct it, and test it before deploying separately. Reference: CVT-366"
PACKAGE_STATE,CONTOSO.PKG_GEN_RULES_011.__state__,FUNCTION,contoso.pkg_gen_rules_011$inc_hits(),Not-Converted,yes,"Review and correct the generated code. Best-effort Azure PostgreSQL code was generated, but it is not included in the deployment script and its behavior is unverified. Compare it with the source, correct it, and test it before deploying separately. Reference: CVT-366"
PACKAGE_STATE,CONTOSO.PKG_GEN_RULES_011.__state__,FUNCTION,contoso.pkg_gen_rules_011$state_init(),Not-Converted,yes,"Review and correct the generated code. Best-effort Azure PostgreSQL code was generated, but it is not included in the deployment script and its behavior is unverified. Compare it with the source, correct it, and test it before deploying separately. Reference: CVT-366"
PACKAGE_STATE,CONTOSO.PKG_GEN_RULES_011.__state__,TABLE,contoso.pkg_gen_rules_011__price_cache,Not-Converted,yes,"Review and correct the generated code. Best-effort Azure PostgreSQL code was generated, but it is not included in the deployment script and its behavior is unverified. Compare it with the source, correct it, and test it before deploying separately. Reference: CVT-366"
PACKAGE_STATE,CONTOSO.PKG_GEN_RULES_011.__state__,TABLE,contoso.pkg_gen_rules_011__state,Not-Converted,yes,"Review and correct the generated code. Best-effort Azure PostgreSQL code was generated, but it is not included in the deployment script and its behavior is unverified. Compare it with the source, correct it, and test it before deploying separately. Reference: CVT-366"
PACKAGE_STATE,CONTOSO.PKG_GEN_RULES_011.__state__,TYPE,contoso.pkg_gen_rules_011$t_outcome,Not-Converted,yes,"Review and correct the generated code. Best-effort Azure PostgreSQL code was generated, but it is not included in the deployment script and its behavior is unverified. Compare it with the source, correct it, and test it before deploying separately. Reference: CVT-366"
FUNCTION,CONTOSO.PKG_GEN_RULES_011.applies_to,FUNCTION,contoso.pkg_gen_rules_011$applies_to(),Not-Converted,yes,"Review and correct the generated code. Best-effort Azure PostgreSQL code was generated, but it is not included in the deployment script and its behavior is unverified. Compare it with the source, correct it, and test it before deploying separately. Reference: CVT-366"
PROCEDURE,CONTOSO.PKG_GEN_RULES_011.apply_batch,PROCEDURE,contoso.pkg_gen_rules_011$apply_batch(),Not-Converted,yes,"Review and correct the generated code. Best-effort Azure PostgreSQL code was generated, but it is not included in the deployment script and its behavior is unverified. Compare it with the source, correct it, and test it before deploying separately. Reference: CVT-366"
FUNCTION,CONTOSO.PKG_GEN_RULES_011.evaluate,FUNCTION,contoso.pkg_gen_rules_011$evaluate(),Not-Converted,yes,"Review and correct the generated code. Best-effort Azure PostgreSQL code was generated, but it is not included in the deployment script and its behavior is unverified. Compare it with the source, correct it, and test it before deploying separately. Reference: CVT-366"
PACKAGE_BODY,CONTOSO.PKG_GEN_RULES_012,PACKAGE_BODY,contoso.pkg_gen_rules_012,Converted,no,"Verify the related object. Azure PostgreSQL code was generated for this object, but this type of object does not get its own entry in the deployment script. Confirm that its behavior is present in the related object and test that object with representative data. Reference: CVT-121"
PACKAGE_STATE,CONTOSO.PKG_GEN_RULES_012.__state__,FUNCTION,contoso.pkg_gen_rules_012$e_rule_not_applicable(),Converted,no,
PACKAGE_STATE,CONTOSO.PKG_GEN_RULES_012.__state__,FUNCTION,contoso.pkg_gen_rules_012$g_revision(),Converted,no,
PACKAGE_STATE,CONTOSO.PKG_GEN_RULES_012.__state__,FUNCTION,contoso.pkg_gen_rules_012$g_rule_code(),Converted,no,
PACKAGE_STATE,CONTOSO.PKG_GEN_RULES_012.__state__,TYPE,contoso.pkg_gen_rules_012$t_outcome,Converted,no,
FUNCTION,CONTOSO.PKG_GEN_RULES_012.applies_to,FUNCTION,contoso.pkg_gen_rules_012$applies_to(),Converted,yes,
PROCEDURE,CONTOSO.PKG_GEN_RULES_012.apply_batch,FUNCTION,contoso.pkg_gen_rules_012$apply_batch(),Converted,yes,
FUNCTION,CONTOSO.PKG_GEN_RULES_012.describe,FUNCTION,contoso.pkg_gen_rules_012__g_rule_code(),Converted,no,
FUNCTION,CONTOSO.PKG_GEN_RULES_012.describe,FUNCTION,contoso.pkg_gen_rules_012$describe(p_value text),Converted,no,
FUNCTION,CONTOSO.PKG_GEN_RULES_012.describe,FUNCTION,contoso.pkg_gen_rules_012$describe(p_value numeric),Converted,no,
FUNCTION,CONTOSO.PKG_GEN_RULES_012.describe,FUNCTION,contoso.pkg_gen_rules_012$describe(p_value timestamp without time zone),Converted,no,
FUNCTION,CONTOSO.PKG_GEN_RULES_012.describe,FUNCTION,"contoso.pkg_gen_rules_012$describe(p_value NUMERIC, p_scale NUMERIC)",Converted,no,
FUNCTION,CONTOSO.PKG_GEN_RULES_012.evaluate,FUNCTION,contoso.pkg_gen_rules_012$evaluate(),Converted,yes,
PACKAGE_BODY,CONTOSO.PKG_GEN_RULES_013,PACKAGE_BODY,contoso.pkg_gen_rules_013,Not-Converted,yes,"Verify that the functionality is present. Deployable Azure PostgreSQL code could not be generated for this object, and it has no separate entry in the deployment script. Check whether the related object contains its functionality; if it does not, implement the missing Azure PostgreSQL behavior, test it, and deploy it separately. Reference: CVT-124"
PACKAGE_STATE,CONTOSO.PKG_GEN_RULES_013.__state__,FUNCTION,contoso.pkg_gen_rules_013$e_rule_not_applicable(),Not-Converted,yes,"Review and correct the generated code. Best-effort Azure PostgreSQL code was generated, but it is not included in the deployment script and its behavior is unverified. Compare it with the source, correct it, and test it before deploying separately. Reference: CVT-366"
PACKAGE_STATE,CONTOSO.PKG_GEN_RULES_013.__state__,FUNCTION,contoso.pkg_gen_rules_013$g_revision(),Not-Converted,yes,"Review and correct the generated code. Best-effort Azure PostgreSQL code was generated, but it is not included in the deployment script and its behavior is unverified. Compare it with the source, correct it, and test it before deploying separately. Reference: CVT-366"
PACKAGE_STATE,CONTOSO.PKG_GEN_RULES_013.__state__,FUNCTION,contoso.pkg_gen_rules_013$g_rule_code(),Not-Converted,yes,"Review and correct the generated code. Best-effort Azure PostgreSQL code was generated, but it is not included in the deployment script and its behavior is unverified. Compare it with the source, correct it, and test it before deploying separately. Reference: CVT-366"
PACKAGE_STATE,CONTOSO.PKG_GEN_RULES_013.__state__,TYPE,contoso.pkg_gen_rules_013$t_outcome,Not-Converted,yes,"Review and correct the generated code. Best-effort Azure PostgreSQL code was generated, but it is not included in the deployment script and its behavior is unverified. Compare it with the source, correct it, and test it before deploying separately. Reference: CVT-366"
FUNCTION,CONTOSO.PKG_GEN_RULES_013.applies_to,FUNCTION,contoso.pkg_gen_rules_013$applies_to(),Not-Converted,yes,"Review and correct the generated code. Best-effort Azure PostgreSQL code was generated, but it is not included in the deployment script and its behavior is unverified. Compare it with the source, correct it, and test it before deploying separately. Reference: CVT-366"
PROCEDURE,CONTOSO.PKG_GEN_RULES_013.apply_batch,FUNCTION,contoso.pkg_gen_rules_013$apply_batch(),Not-Converted,yes,"Review and correct the generated code. Best-effort Azure PostgreSQL code was generated, but it is not included in the deployment script and its behavior is unverified. Compare it with the source, correct it, and test it before deploying separately. Reference: CVT-366"
FUNCTION,CONTOSO.PKG_GEN_RULES_013.evaluate,FUNCTION,contoso.pkg_gen_rules_013$evaluate(),Not-Converted,yes,"Review and correct the generated code. Best-effort Azure PostgreSQL code was generated, but it is not included in the deployment script and its behavior is unverified. Compare it with the source, correct it, and test it before deploying separately. Reference: CVT-366"
PACKAGE_BODY,CONTOSO.PKG_GEN_RULES_014,PACKAGE_BODY,contoso.pkg_gen_rules_014,Converted,no,"Verify the related object. Azure PostgreSQL code was generated for this object, but this type of object does not get its own entry in the deployment script. Confirm that its behavior is present in the related object and test that object with representative data. Reference: CVT-121"
PACKAGE_STATE,CONTOSO.PKG_GEN_RULES_014.__state__,FUNCTION,contoso.pkg_gen_rules_014$e_rule_not_applicable(),Converted,no,
PACKAGE_STATE,CONTOSO.PKG_GEN_RULES_014.__state__,FUNCTION,contoso.pkg_gen_rules_014$g_revision(),Converted,no,
PACKAGE_STATE,CONTOSO.PKG_GEN_RULES_014.__state__,FUNCTION,contoso.pkg_gen_rules_014$g_rule_code(),Converted,no,
PACKAGE_STATE,CONTOSO.PKG_GEN_RULES_014.__state__,TYPE,contoso.pkg_gen_rules_014$t_outcome,Converted,no,
FUNCTION,CONTOSO.PKG_GEN_RULES_014.applies_to,FUNCTION,contoso.pkg_gen_rules_014$applies_to(),Converted,yes,
PROCEDURE,CONTOSO.PKG_GEN_RULES_014.apply_batch,FUNCTION,contoso.pkg_gen_rules_014$apply_batch(),Converted,yes,
FUNCTION,CONTOSO.PKG_GEN_RULES_014.evaluate,FUNCTION,contoso.pkg_gen_rules_014$evaluate(),Converted,yes,
PACKAGE_BODY,CONTOSO.PKG_GEN_RULES_015,PACKAGE_BODY,contoso.pkg_gen_rules_015,Not-Converted,yes,"Verify that the functionality is present. Deployable Azure PostgreSQL code could not be generated for this object, and it has no separate entry in the deployment script. Check whether the related object contains its functionality; if it does not, implement the missing Azure PostgreSQL behavior, test it, and deploy it separately. Reference: CVT-124"
PACKAGE_STATE,CONTOSO.PKG_GEN_RULES_015.__state__,FUNCTION,contoso.pkg_gen_rules_015$e_rule_not_applicable(),Not-Converted,yes,"Review and correct the generated code. Best-effort Azure PostgreSQL code was generated, but it is not included in the deployment script and its behavior is unverified. Compare it with the source, correct it, and test it before deploying separately. Reference: CVT-366"
PACKAGE_STATE,CONTOSO.PKG_GEN_RULES_015.__state__,FUNCTION,contoso.pkg_gen_rules_015$g_revision(),Not-Converted,yes,"Review and correct the generated code. Best-effort Azure PostgreSQL code was generated, but it is not included in the deployment script and its behavior is unverified. Compare it with the source, correct it, and test it before deploying separately. Reference: CVT-366"
PACKAGE_STATE,CONTOSO.PKG_GEN_RULES_015.__state__,FUNCTION,contoso.pkg_gen_rules_015$g_rule_code(),Not-Converted,yes,"Review and correct the generated code. Best-effort Azure PostgreSQL code was generated, but it is not included in the deployment script and its behavior is unverified. Compare it with the source, correct it, and test it before deploying separately. Reference: CVT-366"
PACKAGE_STATE,CONTOSO.PKG_GEN_RULES_015.__state__,TYPE,contoso.pkg_gen_rules_015$t_outcome,Not-Converted,yes,"Review and correct the generated code. Best-effort Azure PostgreSQL code was generated, but it is not included in the deployment script and its behavior is unverified. Compare it with the source, correct it, and test it before deploying separately. Reference: CVT-366"
FUNCTION,CONTOSO.PKG_GEN_RULES_015.applies_to,FUNCTION,contoso.pkg_gen_rules_015$applies_to(),Not-Converted,yes,"Review and correct the generated code. Best-effort Azure PostgreSQL code was generated, but it is not included in the deployment script and its behavior is unverified. Compare it with the source, correct it, and test it before deploying separately. Reference: CVT-366"
PROCEDURE,CONTOSO.PKG_GEN_RULES_015.apply_batch,FUNCTION,contoso.pkg_gen_rules_015$apply_batch(),Not-Converted,yes,"Review and correct the generated code. Best-effort Azure PostgreSQL code was generated, but it is not included in the deployment script and its behavior is unverified. Compare it with the source, correct it, and test it before deploying separately. Reference: CVT-366"
FUNCTION,CONTOSO.PKG_GEN_RULES_015.evaluate,FUNCTION,contoso.pkg_gen_rules_015$evaluate(),Not-Converted,yes,"Review and correct the generated code. Best-effort Azure PostgreSQL code was generated, but it is not included in the deployment script and its behavior is unverified. Compare it with the source, correct it, and test it before deploying separately. Reference: CVT-366"
PACKAGE_BODY,CONTOSO.PKG_GEN_RULES_016,PACKAGE_BODY,contoso.pkg_gen_rules_016,Not-Converted,yes,"Verify that the functionality is present. Deployable Azure PostgreSQL code could not be generated for this object, and it has no separate entry in the deployment script. Check whether the related object contains its functionality; if it does not, implement the missing Azure PostgreSQL behavior, test it, and deploy it separately. Reference: CVT-124"
PACKAGE_STATE,CONTOSO.PKG_GEN_RULES_016.__state__,PACKAGE_STATE,contoso.pkg_gen_rules_016$__state__,Not-Converted,yes,"Regenerate or manually implement this object. Deployable Azure PostgreSQL code could not be generated because complete output could not be recovered, so the object is not included in the deployment script. Run conversion again or implement the Azure PostgreSQL code manually, test it, and deploy it separately. Reference: CVT-224"
FUNCTION,CONTOSO.PKG_GEN_RULES_016.applies_to,FUNCTION,contoso.pkg_gen_rules_016$applies_to(),Not-Converted,yes,"Regenerate or manually implement this object. Deployable Azure PostgreSQL code could not be generated because complete output could not be recovered, so the object is not included in the deployment script. Run conversion again or implement the Azure PostgreSQL code manually, test it, and deploy it separately. Reference: CVT-224"
PROCEDURE,CONTOSO.PKG_GEN_RULES_016.apply_batch,PROCEDURE,contoso.pkg_gen_rules_016$apply_batch(),Not-Converted,yes,"Regenerate or manually implement this object. Deployable Azure PostgreSQL code could not be generated because complete output could not be recovered, so the object is not included in the deployment script. Run conversion again or implement the Azure PostgreSQL code manually, test it, and deploy it separately. Reference: CVT-224"
FUNCTION,CONTOSO.PKG_GEN_RULES_016.describe,FUNCTION,contoso.pkg_gen_rules_016$describe(),Not-Converted,yes,"Regenerate or manually implement this object. Deployable Azure PostgreSQL code could not be generated because complete output could not be recovered, so the object is not included in the deployment script. Run conversion again or implement the Azure PostgreSQL code manually, test it, and deploy it separately. Reference: CVT-224"
FUNCTION,CONTOSO.PKG_GEN_RULES_016.evaluate,FUNCTION,contoso.pkg_gen_rules_016$evaluate(),Not-Converted,yes,"Regenerate or manually implement this object. Deployable Azure PostgreSQL code could not be generated because complete output could not be recovered, so the object is not included in the deployment script. Run conversion again or implement the Azure PostgreSQL code manually, test it, and deploy it separately. Reference: CVT-224"
PACKAGE_BODY,CONTOSO.PKG_GEN_RULES_017,PACKAGE_BODY,contoso.pkg_gen_rules_017,Not-Converted,yes,"Verify that the functionality is present. Deployable Azure PostgreSQL code could not be generated for this object, and it has no separate entry in the deployment script. Check whether the related object contains its functionality; if it does not, implement the missing Azure PostgreSQL behavior, test it, and deploy it separately. Reference: CVT-124"
PACKAGE_STATE,CONTOSO.PKG_GEN_RULES_017.__state__,FUNCTION,contoso.pkg_gen_rules_017$e_rule_not_applicable(),Not-Converted,yes,"Review and correct the generated code. Best-effort Azure PostgreSQL code was generated, but it is not included in the deployment script and its behavior is unverified. Compare it with the source, correct it, and test it before deploying separately. Reference: CVT-366"
PACKAGE_STATE,CONTOSO.PKG_GEN_RULES_017.__state__,FUNCTION,contoso.pkg_gen_rules_017$g_revision(),Not-Converted,yes,"Review and correct the generated code. Best-effort Azure PostgreSQL code was generated, but it is not included in the deployment script and its behavior is unverified. Compare it with the source, correct it, and test it before deploying separately. Reference: CVT-366"
PACKAGE_STATE,CONTOSO.PKG_GEN_RULES_017.__state__,FUNCTION,contoso.pkg_gen_rules_017$g_rule_code(),Not-Converted,yes,"Review and correct the generated code. Best-effort Azure PostgreSQL code was generated, but it is not included in the deployment script and its behavior is unverified. Compare it with the source, correct it, and test it before deploying separately. Reference: CVT-366"
PACKAGE_STATE,CONTOSO.PKG_GEN_RULES_017.__state__,TYPE,contoso.pkg_gen_rules_017$t_outcome,Not-Converted,yes,"Review and correct the generated code. Best-effort Azure PostgreSQL code was generated, but it is not included in the deployment script and its behavior is unverified. Compare it with the source, correct it, and test it before deploying separately. Reference: CVT-366"
FUNCTION,CONTOSO.PKG_GEN_RULES_017.applies_to,FUNCTION,contoso.pkg_gen_rules_017$applies_to(),Not-Converted,yes,"Review and correct the generated code. Best-effort Azure PostgreSQL code was generated, but it is not included in the deployment script and its behavior is unverified. Compare it with the source, correct it, and test it before deploying separately. Reference: CVT-366"
PROCEDURE,CONTOSO.PKG_GEN_RULES_017.apply_batch,PROCEDURE,contoso.pkg_gen_rules_017$apply_batch(),Not-Converted,yes,"Review and correct the generated code. Best-effort Azure PostgreSQL code was generated, but it is not included in the deployment script and its behavior is unverified. Compare it with the source, correct it, and test it before deploying separately. Reference: CVT-366"
FUNCTION,CONTOSO.PKG_GEN_RULES_017.evaluate,FUNCTION,contoso.pkg_gen_rules_017$evaluate(),Not-Converted,yes,"Review and correct the generated code. Best-effort Azure PostgreSQL code was generated, but it is not included in the deployment script and its behavior is unverified. Compare it with the source, correct it, and test it before deploying separately. Reference: CVT-366"
PACKAGE_BODY,CONTOSO.PKG_GEN_RULES_018,PACKAGE_BODY,contoso.pkg_gen_rules_018,Not-Converted,yes,"Verify that the functionality is present. Deployable Azure PostgreSQL code could not be generated for this object, and it has no separate entry in the deployment script. Check whether the related object contains its functionality; if it does not, implement the missing Azure PostgreSQL behavior, test it, and deploy it separately. Reference: CVT-124"
PACKAGE_STATE,CONTOSO.PKG_GEN_RULES_018.__state__,FUNCTION,contoso.pkg_gen_rules_018$e_rule_not_applicable(),Not-Converted,yes,"Review and correct the generated code. Best-effort Azure PostgreSQL code was generated, but it is not included in the deployment script and its behavior is unverified. Compare it with the source, correct it, and test it before deploying separately. Reference: CVT-366"
PACKAGE_STATE,CONTOSO.PKG_GEN_RULES_018.__state__,FUNCTION,contoso.pkg_gen_rules_018$g_revision(),Not-Converted,yes,"Review and correct the generated code. Best-effort Azure PostgreSQL code was generated, but it is not included in the deployment script and its behavior is unverified. Compare it with the source, correct it, and test it before deploying separately. Reference: CVT-366"
PACKAGE_STATE,CONTOSO.PKG_GEN_RULES_018.__state__,FUNCTION,contoso.pkg_gen_rules_018$g_rule_code(),Not-Converted,yes,"Review and correct the generated code. Best-effort Azure PostgreSQL code was generated, but it is not included in the deployment script and its behavior is unverified. Compare it with the source, correct it, and test it before deploying separately. Reference: CVT-366"
PACKAGE_STATE,CONTOSO.PKG_GEN_RULES_018.__state__,TYPE,contoso.pkg_gen_rules_018$t_outcome,Not-Converted,yes,"Review and correct the generated code. Best-effort Azure PostgreSQL code was generated, but it is not included in the deployment script and its behavior is unverified. Compare it with the source, correct it, and test it before deploying separately. Reference: CVT-366"
FUNCTION,CONTOSO.PKG_GEN_RULES_018.applies_to,FUNCTION,contoso.pkg_gen_rules_018$applies_to(),Not-Converted,yes,"Review and correct the generated code. Best-effort Azure PostgreSQL code was generated, but it is not included in the deployment script and its behavior is unverified. Compare it with the source, correct it, and test it before deploying separately. Reference: CVT-366"
PROCEDURE,CONTOSO.PKG_GEN_RULES_018.apply_batch,FUNCTION,contoso.pkg_gen_rules_018$apply_batch(),Not-Converted,yes,"Review and correct the generated code. Best-effort Azure PostgreSQL code was generated, but it is not included in the deployment script and its behavior is unverified. Compare it with the source, correct it, and test it before deploying separately. Reference: CVT-366"
FUNCTION,CONTOSO.PKG_GEN_RULES_018.evaluate,FUNCTION,contoso.pkg_gen_rules_018$evaluate(),Not-Converted,yes,"Review and correct the generated code. Best-effort Azure PostgreSQL code was generated, but it is not included in the deployment script and its behavior is unverified. Compare it with the source, correct it, and test it before deploying separately. Reference: CVT-366"
PACKAGE_BODY,CONTOSO.PKG_GEN_RULES_019,PACKAGE_BODY,contoso.pkg_gen_rules_019,Converted,no,"Verify the related object. Azure PostgreSQL code was generated for this object, but this type of object does not get its own entry in the deployment script. Confirm that its behavior is present in the related object and test that object with representative data. Reference: CVT-121"
PACKAGE_STATE,CONTOSO.PKG_GEN_RULES_019.__state__,FUNCTION,contoso.pkg_gen_rules_019$e_rule_not_applicable(),Converted,no,
PACKAGE_STATE,CONTOSO.PKG_GEN_RULES_019.__state__,FUNCTION,contoso.pkg_gen_rules_019$g_revision(),Converted,no,
PACKAGE_STATE,CONTOSO.PKG_GEN_RULES_019.__state__,FUNCTION,contoso.pkg_gen_rules_019$g_rule_code(),Converted,no,
PACKAGE_STATE,CONTOSO.PKG_GEN_RULES_019.__state__,TYPE,contoso.pkg_gen_rules_019$t_outcome,Converted,no,
FUNCTION,CONTOSO.PKG_GEN_RULES_019.applies_to,FUNCTION,contoso.pkg_gen_rules_019$applies_to(),Converted,yes,
PROCEDURE,CONTOSO.PKG_GEN_RULES_019.apply_batch,FUNCTION,contoso.pkg_gen_rules_019$apply_batch(),Converted,yes,
FUNCTION,CONTOSO.PKG_GEN_RULES_019.evaluate,FUNCTION,contoso.pkg_gen_rules_019$evaluate(),Converted,yes,
PACKAGE_BODY,CONTOSO.PKG_GEN_RULES_020,PACKAGE_BODY,contoso.pkg_gen_rules_020,Not-Converted,yes,"Verify that the functionality is present. Deployable Azure PostgreSQL code could not be generated for this object, and it has no separate entry in the deployment script. Check whether the related object contains its functionality; if it does not, implement the missing Azure PostgreSQL behavior, test it, and deploy it separately. Reference: CVT-124"
PACKAGE_STATE,CONTOSO.PKG_GEN_RULES_020.__state__,PACKAGE_STATE,contoso.pkg_gen_rules_020$__state__,Not-Converted,yes,"Regenerate or manually implement this object. Deployable Azure PostgreSQL code could not be generated because complete output could not be recovered, so the object is not included in the deployment script. Run conversion again or implement the Azure PostgreSQL code manually, test it, and deploy it separately. Reference: CVT-224"
FUNCTION,CONTOSO.PKG_GEN_RULES_020.applies_to,FUNCTION,contoso.pkg_gen_rules_020$applies_to(),Not-Converted,yes,"Regenerate or manually implement this object. Deployable Azure PostgreSQL code could not be generated because complete output could not be recovered, so the object is not included in the deployment script. Run conversion again or implement the Azure PostgreSQL code manually, test it, and deploy it separately. Reference: CVT-224"
PROCEDURE,CONTOSO.PKG_GEN_RULES_020.apply_batch,PROCEDURE,contoso.pkg_gen_rules_020$apply_batch(),Not-Converted,yes,"Regenerate or manually implement this object. Deployable Azure PostgreSQL code could not be generated because complete output could not be recovered, so the object is not included in the deployment script. Run conversion again or implement the Azure PostgreSQL code manually, test it, and deploy it separately. Reference: CVT-224"
FUNCTION,CONTOSO.PKG_GEN_RULES_020.describe,FUNCTION,contoso.pkg_gen_rules_020$describe(),Not-Converted,yes,"Regenerate or manually implement this object. Deployable Azure PostgreSQL code could not be generated because complete output could not be recovered, so the object is not included in the deployment script. Run conversion again or implement the Azure PostgreSQL code manually, test it, and deploy it separately. Reference: CVT-224"
FUNCTION,CONTOSO.PKG_GEN_RULES_020.evaluate,FUNCTION,contoso.pkg_gen_rules_020$evaluate(),Not-Converted,yes,"Regenerate or manually implement this object. Deployable Azure PostgreSQL code could not be generated because complete output could not be recovered, so the object is not included in the deployment script. Run conversion again or implement the Azure PostgreSQL code manually, test it, and deploy it separately. Reference: CVT-224"
PACKAGE_BODY,CONTOSO.PKG_GEN_RULES_021,PACKAGE_BODY,contoso.pkg_gen_rules_021,Not-Converted,yes,"Verify that the functionality is present. Deployable Azure PostgreSQL code could not be generated for this object, and it has no separate entry in the deployment script. Check whether the related object contains its functionality; if it does not, implement the missing Azure PostgreSQL behavior, test it, and deploy it separately. Reference: CVT-124"
PACKAGE_STATE,CONTOSO.PKG_GEN_RULES_021.__state__,FUNCTION,contoso.pkg_gen_rules_021$e_rule_not_applicable(),Not-Converted,yes,"Review and correct the generated code. Best-effort Azure PostgreSQL code was generated, but it is not included in the deployment script and its behavior is unverified. Compare it with the source, correct it, and test it before deploying separately. Reference: CVT-366"
PACKAGE_STATE,CONTOSO.PKG_GEN_RULES_021.__state__,FUNCTION,contoso.pkg_gen_rules_021$g_hits_get(),Not-Converted,yes,"Review and correct the generated code. Best-effort Azure PostgreSQL code was generated, but it is not included in the deployment script and its behavior is unverified. Compare it with the source, correct it, and test it before deploying separately. Reference: CVT-366"
PACKAGE_STATE,CONTOSO.PKG_GEN_RULES_021.__state__,FUNCTION,contoso.pkg_gen_rules_021$g_hits_set(),Not-Converted,yes,"Review and correct the generated code. Best-effort Azure PostgreSQL code was generated, but it is not included in the deployment script and its behavior is unverified. Compare it with the source, correct it, and test it before deploying separately. Reference: CVT-366"
PACKAGE_STATE,CONTOSO.PKG_GEN_RULES_021.__state__,FUNCTION,contoso.pkg_gen_rules_021$g_price_cache_clear(),Not-Converted,yes,"Review and correct the generated code. Best-effort Azure PostgreSQL code was generated, but it is not included in the deployment script and its behavior is unverified. Compare it with the source, correct it, and test it before deploying separately. Reference: CVT-366"
PACKAGE_STATE,CONTOSO.PKG_GEN_RULES_021.__state__,FUNCTION,contoso.pkg_gen_rules_021$g_price_cache_get(),Not-Converted,yes,"Review and correct the generated code. Best-effort Azure PostgreSQL code was generated, but it is not included in the deployment script and its behavior is unverified. Compare it with the source, correct it, and test it before deploying separately. Reference: CVT-366"
PACKAGE_STATE,CONTOSO.PKG_GEN_RULES_021.__state__,FUNCTION,contoso.pkg_gen_rules_021$g_price_cache_put(),Not-Converted,yes,"Review and correct the generated code. Best-effort Azure PostgreSQL code was generated, but it is not included in the deployment script and its behavior is unverified. Compare it with the source, correct it, and test it before deploying separately. Reference: CVT-366"
PACKAGE_STATE,CONTOSO.PKG_GEN_RULES_021.__state__,FUNCTION,contoso.pkg_gen_rules_021$g_revision(),Not-Converted,yes,"Review and correct the generated code. Best-effort Azure PostgreSQL code was generated, but it is not included in the deployment script and its behavior is unverified. Compare it with the source, correct it, and test it before deploying separately. Reference: CVT-366"
PACKAGE_STATE,CONTOSO.PKG_GEN_RULES_021.__state__,FUNCTION,contoso.pkg_gen_rules_021$g_rule_code(),Not-Converted,yes,"Review and correct the generated code. Best-effort Azure PostgreSQL code was generated, but it is not included in the deployment script and its behavior is unverified. Compare it with the source, correct it, and test it before deploying separately. Reference: CVT-366"
PACKAGE_STATE,CONTOSO.PKG_GEN_RULES_021.__state__,TYPE,contoso.pkg_gen_rules_021_t_outcome,Not-Converted,yes,"Review and correct the generated code. Best-effort Azure PostgreSQL code was generated, but it is not included in the deployment script and its behavior is unverified. Compare it with the source, correct it, and test it before deploying separately. Reference: CVT-366"
FUNCTION,CONTOSO.PKG_GEN_RULES_021.applies_to,FUNCTION,contoso.pkg_gen_rules_021$applies_to(),Not-Converted,yes,"Review and correct the generated code. Best-effort Azure PostgreSQL code was generated, but it is not included in the deployment script and its behavior is unverified. Compare it with the source, correct it, and test it before deploying separately. Reference: CVT-366"
PROCEDURE,CONTOSO.PKG_GEN_RULES_021.apply_batch,FUNCTION,contoso.pkg_gen_rules_021$apply_batch(),Not-Converted,yes,"Review and correct the generated code. Best-effort Azure PostgreSQL code was generated, but it is not included in the deployment script and its behavior is unverified. Compare it with the source, correct it, and test it before deploying separately. Reference: CVT-366"
FUNCTION,CONTOSO.PKG_GEN_RULES_021.evaluate,FUNCTION,contoso.pkg_gen_rules_021$evaluate(),Not-Converted,yes,"Review and correct the generated code. Best-effort Azure PostgreSQL code was generated, but it is not included in the deployment script and its behavior is unverified. Compare it with the source, correct it, and test it before deploying separately. Reference: CVT-366"
PACKAGE_BODY,CONTOSO.PKG_GEN_RULES_022,PACKAGE_BODY,contoso.pkg_gen_rules_022,Not-Converted,yes,"Verify that the functionality is present. Deployable Azure PostgreSQL code could not be generated for this object, and it has no separate entry in the deployment script. Check whether the related object contains its functionality; if it does not, implement the missing Azure PostgreSQL behavior, test it, and deploy it separately. Reference: CVT-124"
PACKAGE_STATE,CONTOSO.PKG_GEN_RULES_022.__state__,FUNCTION,contoso.pkg_gen_rules_022$e_rule_not_applicable(),Not-Converted,yes,"Review and correct the generated code. Best-effort Azure PostgreSQL code was generated, but it is not included in the deployment script and its behavior is unverified. Compare it with the source, correct it, and test it before deploying separately. Reference: CVT-366"
PACKAGE_STATE,CONTOSO.PKG_GEN_RULES_022.__state__,FUNCTION,contoso.pkg_gen_rules_022$g_revision(),Not-Converted,yes,"Review and correct the generated code. Best-effort Azure PostgreSQL code was generated, but it is not included in the deployment script and its behavior is unverified. Compare it with the source, correct it, and test it before deploying separately. Reference: CVT-366"
PACKAGE_STATE,CONTOSO.PKG_GEN_RULES_022.__state__,FUNCTION,contoso.pkg_gen_rules_022$g_rule_code(),Not-Converted,yes,"Review and correct the generated code. Best-effort Azure PostgreSQL code was generated, but it is not included in the deployment script and its behavior is unverified. Compare it with the source, correct it, and test it before deploying separately. Reference: CVT-366"
PACKAGE_STATE,CONTOSO.PKG_GEN_RULES_022.__state__,TYPE,contoso.pkg_gen_rules_022$t_outcome,Not-Converted,yes,"Review and correct the generated code. Best-effort Azure PostgreSQL code was generated, but it is not included in the deployment script and its behavior is unverified. Compare it with the source, correct it, and test it before deploying separately. Reference: CVT-366"
FUNCTION,CONTOSO.PKG_GEN_RULES_022.applies_to,FUNCTION,contoso.pkg_gen_rules_022$applies_to(),Not-Converted,yes,"Review and correct the generated code. Best-effort Azure PostgreSQL code was generated, but it is not included in the deployment script and its behavior is unverified. Compare it with the source, correct it, and test it before deploying separately. Reference: CVT-366"
PROCEDURE,CONTOSO.PKG_GEN_RULES_022.apply_batch,FUNCTION,contoso.pkg_gen_rules_022$apply_batch(),Not-Converted,yes,"Review and correct the generated code. Best-effort Azure PostgreSQL code was generated, but it is not included in the deployment script and its behavior is unverified. Compare it with the source, correct it, and test it before deploying separately. Reference: CVT-366"
FUNCTION,CONTOSO.PKG_GEN_RULES_022.evaluate,FUNCTION,contoso.pkg_gen_rules_022$evaluate(),Not-Converted,yes,"Review and correct the generated code. Best-effort Azure PostgreSQL code was generated, but it is not included in the deployment script and its behavior is unverified. Compare it with the source, correct it, and test it before deploying separately. Reference: CVT-366"
PACKAGE_BODY,CONTOSO.PKG_GEN_RULES_023,PACKAGE_BODY,contoso.pkg_gen_rules_023,Not-Converted,yes,"Verify that the functionality is present. Deployable Azure PostgreSQL code could not be generated for this object, and it has no separate entry in the deployment script. Check whether the related object contains its functionality; if it does not, implement the missing Azure PostgreSQL behavior, test it, and deploy it separately. Reference: CVT-124"
PACKAGE_STATE,CONTOSO.PKG_GEN_RULES_023.__state__,FUNCTION,contoso.pkg_gen_rules_023$e_rule_not_applicable(),Not-Converted,yes,"Review and correct the generated code. Best-effort Azure PostgreSQL code was generated, but it is not included in the deployment script and its behavior is unverified. Compare it with the source, correct it, and test it before deploying separately. Reference: CVT-366"
PACKAGE_STATE,CONTOSO.PKG_GEN_RULES_023.__state__,FUNCTION,contoso.pkg_gen_rules_023$g_revision(),Not-Converted,yes,"Review and correct the generated code. Best-effort Azure PostgreSQL code was generated, but it is not included in the deployment script and its behavior is unverified. Compare it with the source, correct it, and test it before deploying separately. Reference: CVT-366"
PACKAGE_STATE,CONTOSO.PKG_GEN_RULES_023.__state__,FUNCTION,contoso.pkg_gen_rules_023$g_rule_code(),Not-Converted,yes,"Review and correct the generated code. Best-effort Azure PostgreSQL code was generated, but it is not included in the deployment script and its behavior is unverified. Compare it with the source, correct it, and test it before deploying separately. Reference: CVT-366"
PACKAGE_STATE,CONTOSO.PKG_GEN_RULES_023.__state__,TYPE,contoso.pkg_gen_rules_023_t_outcome,Not-Converted,yes,"Review and correct the generated code. Best-effort Azure PostgreSQL code was generated, but it is not included in the deployment script and its behavior is unverified. Compare it with the source, correct it, and test it before deploying separately. Reference: CVT-366"
FUNCTION,CONTOSO.PKG_GEN_RULES_023.applies_to,FUNCTION,contoso.pkg_gen_rules_023$applies_to(),Not-Converted,yes,"Review and correct the generated code. Best-effort Azure PostgreSQL code was generated, but it is not included in the deployment script and its behavior is unverified. Compare it with the source, correct it, and test it before deploying separately. Reference: CVT-366"
PROCEDURE,CONTOSO.PKG_GEN_RULES_023.apply_batch,FUNCTION,contoso.pkg_gen_rules_023$apply_batch(),Not-Converted,yes,"Review and correct the generated code. Best-effort Azure PostgreSQL code was generated, but it is not included in the deployment script and its behavior is unverified. Compare it with the source, correct it, and test it before deploying separately. Reference: CVT-366"
FUNCTION,CONTOSO.PKG_GEN_RULES_023.evaluate,FUNCTION,contoso.pkg_gen_rules_023$evaluate(),Not-Converted,yes,"Review and correct the generated code. Best-effort Azure PostgreSQL code was generated, but it is not included in the deployment script and its behavior is unverified. Compare it with the source, correct it, and test it before deploying separately. Reference: CVT-366"
PACKAGE_BODY,CONTOSO.PKG_GEN_RULES_024,PACKAGE_BODY,contoso.pkg_gen_rules_024,Not-Converted,yes,"Verify that the functionality is present. Deployable Azure PostgreSQL code could not be generated for this object, and it has no separate entry in the deployment script. Check whether the related object contains its functionality; if it does not, implement the missing Azure PostgreSQL behavior, test it, and deploy it separately. Reference: CVT-124"
PACKAGE_STATE,CONTOSO.PKG_GEN_RULES_024.__state__,FUNCTION,contoso.pkg_gen_rules_024$e_rule_not_applicable(),Not-Converted,yes,"Review and correct the generated code. Best-effort Azure PostgreSQL code was generated, but it is not included in the deployment script and its behavior is unverified. Compare it with the source, correct it, and test it before deploying separately. Reference: CVT-366"
PACKAGE_STATE,CONTOSO.PKG_GEN_RULES_024.__state__,FUNCTION,contoso.pkg_gen_rules_024$g_revision(),Not-Converted,yes,"Review and correct the generated code. Best-effort Azure PostgreSQL code was generated, but it is not included in the deployment script and its behavior is unverified. Compare it with the source, correct it, and test it before deploying separately. Reference: CVT-366"
PACKAGE_STATE,CONTOSO.PKG_GEN_RULES_024.__state__,FUNCTION,contoso.pkg_gen_rules_024$g_rule_code(),Not-Converted,yes,"Review and correct the generated code. Best-effort Azure PostgreSQL code was generated, but it is not included in the deployment script and its behavior is unverified. Compare it with the source, correct it, and test it before deploying separately. Reference: CVT-366"
PACKAGE_STATE,CONTOSO.PKG_GEN_RULES_024.__state__,TYPE,contoso.pkg_gen_rules_024$t_outcome,Not-Converted,yes,"Review and correct the generated code. Best-effort Azure PostgreSQL code was generated, but it is not included in the deployment script and its behavior is unverified. Compare it with the source, correct it, and test it before deploying separately. Reference: CVT-366"
FUNCTION,CONTOSO.PKG_GEN_RULES_024.applies_to,FUNCTION,contoso.pkg_gen_rules_024$applies_to(),Not-Converted,yes,"Review and correct the generated code. Best-effort Azure PostgreSQL code was generated, but it is not included in the deployment script and its behavior is unverified. Compare it with the source, correct it, and test it before deploying separately. Reference: CVT-366"
PROCEDURE,CONTOSO.PKG_GEN_RULES_024.apply_batch,PROCEDURE,contoso.pkg_gen_rules_024$apply_batch(),Not-Converted,yes,"Review and correct the generated code. Best-effort Azure PostgreSQL code was generated, but it is not included in the deployment script and its behavior is unverified. Compare it with the source, correct it, and test it before deploying separately. Reference: CVT-366"
FUNCTION,CONTOSO.PKG_GEN_RULES_024.describe,FUNCTION,contoso.pkg_gen_rules_024$describe(p_value varchar),Not-Converted,yes,"Review and correct the generated code. Best-effort Azure PostgreSQL code was generated, but it is not included in the deployment script and its behavior is unverified. Compare it with the source, correct it, and test it before deploying separately. Reference: CVT-366"
FUNCTION,CONTOSO.PKG_GEN_RULES_024.describe,FUNCTION,contoso.pkg_gen_rules_024$describe(p_value numeric),Not-Converted,yes,"Review and correct the generated code. Best-effort Azure PostgreSQL code was generated, but it is not included in the deployment script and its behavior is unverified. Compare it with the source, correct it, and test it before deploying separately. Reference: CVT-366"
FUNCTION,CONTOSO.PKG_GEN_RULES_024.describe,FUNCTION,contoso.pkg_gen_rules_024$describe(p_value timestamp without time zone),Not-Converted,yes,"Review and correct the generated code. Best-effort Azure PostgreSQL code was generated, but it is not included in the deployment script and its behavior is unverified. Compare it with the source, correct it, and test it before deploying separately. Reference: CVT-366"
FUNCTION,CONTOSO.PKG_GEN_RULES_024.describe,FUNCTION,"contoso.pkg_gen_rules_024$describe(p_value numeric, p_scale numeric)",Not-Converted,yes,"Review and correct the generated code. Best-effort Azure PostgreSQL code was generated, but it is not included in the deployment script and its behavior is unverified. Compare it with the source, correct it, and test it before deploying separately. Reference: CVT-366"
FUNCTION,CONTOSO.PKG_GEN_RULES_024.evaluate,FUNCTION,contoso.pkg_gen_rules_024$evaluate(),Not-Converted,yes,"Review and correct the generated code. Best-effort Azure PostgreSQL code was generated, but it is not included in the deployment script and its behavior is unverified. Compare it with the source, correct it, and test it before deploying separately. Reference: CVT-366"
PACKAGE_BODY,CONTOSO.PKG_GEN_RULES_025,PACKAGE_BODY,contoso.pkg_gen_rules_025,Not-Converted,yes,"Verify that the functionality is present. Deployable Azure PostgreSQL code could not be generated for this object, and it has no separate entry in the deployment script. Check whether the related object contains its functionality; if it does not, implement the missing Azure PostgreSQL behavior, test it, and deploy it separately. Reference: CVT-124"
PACKAGE_STATE,CONTOSO.PKG_GEN_RULES_025.__state__,FUNCTION,contoso.pkg_gen_rules_025$e_rule_not_applicable(),Not-Converted,yes,"Review and correct the generated code. Best-effort Azure PostgreSQL code was generated, but it is not included in the deployment script and its behavior is unverified. Compare it with the source, correct it, and test it before deploying separately. Reference: CVT-366"
PACKAGE_STATE,CONTOSO.PKG_GEN_RULES_025.__state__,FUNCTION,contoso.pkg_gen_rules_025$g_revision(),Not-Converted,yes,"Review and correct the generated code. Best-effort Azure PostgreSQL code was generated, but it is not included in the deployment script and its behavior is unverified. Compare it with the source, correct it, and test it before deploying separately. Reference: CVT-366"
PACKAGE_STATE,CONTOSO.PKG_GEN_RULES_025.__state__,FUNCTION,contoso.pkg_gen_rules_025$g_rule_code(),Not-Converted,yes,"Review and correct the generated code. Best-effort Azure PostgreSQL code was generated, but it is not included in the deployment script and its behavior is unverified. Compare it with the source, correct it, and test it before deploying separately. Reference: CVT-366"
PACKAGE_STATE,CONTOSO.PKG_GEN_RULES_025.__state__,TYPE,contoso.pkg_gen_rules_025_t_outcome,Not-Converted,yes,"Review and correct the generated code. Best-effort Azure PostgreSQL code was generated, but it is not included in the deployment script and its behavior is unverified. Compare it with the source, correct it, and test it before deploying separately. Reference: CVT-366"
FUNCTION,CONTOSO.PKG_GEN_RULES_025.applies_to,FUNCTION,contoso.pkg_gen_rules_025$applies_to(),Not-Converted,yes,"Review and correct the generated code. Best-effort Azure PostgreSQL code was generated, but it is not included in the deployment script and its behavior is unverified. Compare it with the source, correct it, and test it before deploying separately. Reference: CVT-366"
PROCEDURE,CONTOSO.PKG_GEN_RULES_025.apply_batch,FUNCTION,contoso.pkg_gen_rules_025$apply_batch(),Not-Converted,yes,"Review and correct the generated code. Best-effort Azure PostgreSQL code was generated, but it is not included in the deployment script and its behavior is unverified. Compare it with the source, correct it, and test it before deploying separately. Reference: CVT-366"
FUNCTION,CONTOSO.PKG_GEN_RULES_025.evaluate,FUNCTION,contoso.pkg_gen_rules_025$evaluate(),Not-Converted,yes,"Review and correct the generated code. Best-effort Azure PostgreSQL code was generated, but it is not included in the deployment script and its behavior is unverified. Compare it with the source, correct it, and test it before deploying separately. Reference: CVT-366"
PACKAGE_BODY,CONTOSO.PKG_GEN_RULES_026,PACKAGE_BODY,contoso.pkg_gen_rules_026,Not-Converted,yes,"Verify that the functionality is present. Deployable Azure PostgreSQL code could not be generated for this object, and it has no separate entry in the deployment script. Check whether the related object contains its functionality; if it does not, implement the missing Azure PostgreSQL behavior, test it, and deploy it separately. Reference: CVT-124"
PACKAGE_STATE,CONTOSO.PKG_GEN_RULES_026.__state__,FUNCTION,contoso.pkg_gen_rules_026$e_rule_not_applicable(),Not-Converted,yes,"Review and correct the generated code. Best-effort Azure PostgreSQL code was generated, but it is not included in the deployment script and its behavior is unverified. Compare it with the source, correct it, and test it before deploying separately. Reference: CVT-366"
PACKAGE_STATE,CONTOSO.PKG_GEN_RULES_026.__state__,FUNCTION,contoso.pkg_gen_rules_026$g_revision(),Not-Converted,yes,"Review and correct the generated code. Best-effort Azure PostgreSQL code was generated, but it is not included in the deployment script and its behavior is unverified. Compare it with the source, correct it, and test it before deploying separately. Reference: CVT-366"
PACKAGE_STATE,CONTOSO.PKG_GEN_RULES_026.__state__,FUNCTION,contoso.pkg_gen_rules_026$g_rule_code(),Not-Converted,yes,"Review and correct the generated code. Best-effort Azure PostgreSQL code was generated, but it is not included in the deployment script and its behavior is unverified. Compare it with the source, correct it, and test it before deploying separately. Reference: CVT-366"
PACKAGE_STATE,CONTOSO.PKG_GEN_RULES_026.__state__,TYPE,contoso.pkg_gen_rules_026$t_outcome,Not-Converted,yes,"Review and correct the generated code. Best-effort Azure PostgreSQL code was generated, but it is not included in the deployment script and its behavior is unverified. Compare it with the source, correct it, and test it before deploying separately. Reference: CVT-366"
FUNCTION,CONTOSO.PKG_GEN_RULES_026.applies_to,FUNCTION,contoso.pkg_gen_rules_026$applies_to(),Not-Converted,yes,"Review and correct the generated code. Best-effort Azure PostgreSQL code was generated, but it is not included in the deployment script and its behavior is unverified. Compare it with the source, correct it, and test it before deploying separately. Reference: CVT-366"
PROCEDURE,CONTOSO.PKG_GEN_RULES_026.apply_batch,FUNCTION,contoso.pkg_gen_rules_026$apply_batch(),Not-Converted,yes,"Review and correct the generated code. Best-effort Azure PostgreSQL code was generated, but it is not included in the deployment script and its behavior is unverified. Compare it with the source, correct it, and test it before deploying separately. Reference: CVT-366"
FUNCTION,CONTOSO.PKG_GEN_RULES_026.evaluate,FUNCTION,contoso.pkg_gen_rules_026$evaluate(),Not-Converted,yes,"Review and correct the generated code. Best-effort Azure PostgreSQL code was generated, but it is not included in the deployment script and its behavior is unverified. Compare it with the source, correct it, and test it before deploying separately. Reference: CVT-366"
PACKAGE_BODY,CONTOSO.PKG_GEN_RULES_027,PACKAGE_BODY,contoso.pkg_gen_rules_027,Not-Converted,yes,"Verify that the functionality is present. Deployable Azure PostgreSQL code could not be generated for this object, and it has no separate entry in the deployment script. Check whether the related object contains its functionality; if it does not, implement the missing Azure PostgreSQL behavior, test it, and deploy it separately. Reference: CVT-124"
PACKAGE_STATE,CONTOSO.PKG_GEN_RULES_027.__state__,FUNCTION,contoso.pkg_gen_rules_027$e_rule_not_applicable(),Not-Converted,yes,"Review and correct the generated code. Best-effort Azure PostgreSQL code was generated, but it is not included in the deployment script and its behavior is unverified. Compare it with the source, correct it, and test it before deploying separately. Reference: CVT-366"
PACKAGE_STATE,CONTOSO.PKG_GEN_RULES_027.__state__,FUNCTION,contoso.pkg_gen_rules_027$g_revision(),Not-Converted,yes,"Review and correct the generated code. Best-effort Azure PostgreSQL code was generated, but it is not included in the deployment script and its behavior is unverified. Compare it with the source, correct it, and test it before deploying separately. Reference: CVT-366"
PACKAGE_STATE,CONTOSO.PKG_GEN_RULES_027.__state__,FUNCTION,contoso.pkg_gen_rules_027$g_rule_code(),Not-Converted,yes,"Review and correct the generated code. Best-effort Azure PostgreSQL code was generated, but it is not included in the deployment script and its behavior is unverified. Compare it with the source, correct it, and test it before deploying separately. Reference: CVT-366"
PACKAGE_STATE,CONTOSO.PKG_GEN_RULES_027.__state__,TYPE,contoso.pkg_gen_rules_027$t_outcome,Not-Converted,yes,"Review and correct the generated code. Best-effort Azure PostgreSQL code was generated, but it is not included in the deployment script and its behavior is unverified. Compare it with the source, correct it, and test it before deploying separately. Reference: CVT-366"
FUNCTION,CONTOSO.PKG_GEN_RULES_027.applies_to,FUNCTION,contoso.pkg_gen_rules_027$applies_to(),Not-Converted,yes,"Review and correct the generated code. Best-effort Azure PostgreSQL code was generated, but it is not included in the deployment script and its behavior is unverified. Compare it with the source, correct it, and test it before deploying separately. Reference: CVT-366"
PROCEDURE,CONTOSO.PKG_GEN_RULES_027.apply_batch,FUNCTION,contoso.pkg_gen_rules_027$apply_batch(),Not-Converted,yes,"Review and correct the generated code. Best-effort Azure PostgreSQL code was generated, but it is not included in the deployment script and its behavior is unverified. Compare it with the source, correct it, and test it before deploying separately. Reference: CVT-366"
FUNCTION,CONTOSO.PKG_GEN_RULES_027.evaluate,FUNCTION,contoso.pkg_gen_rules_027$evaluate(),Not-Converted,yes,"Review and correct the generated code. Best-effort Azure PostgreSQL code was generated, but it is not included in the deployment script and its behavior is unverified. Compare it with the source, correct it, and test it before deploying separately. Reference: CVT-366"
PACKAGE_BODY,CONTOSO.PKG_GEN_RULES_028,PACKAGE_BODY,contoso.pkg_gen_rules_028,Not-Converted,yes,"Verify that the functionality is present. Deployable Azure PostgreSQL code could not be generated for this object, and it has no separate entry in the deployment script. Check whether the related object contains its functionality; if it does not, implement the missing Azure PostgreSQL behavior, test it, and deploy it separately. Reference: CVT-124"
PACKAGE_STATE,CONTOSO.PKG_GEN_RULES_028.__state__,FUNCTION,contoso.pkg_gen_rules_028$e_rule_not_applicable(),Not-Converted,yes,"Review and correct the generated code. Best-effort Azure PostgreSQL code was generated, but it is not included in the deployment script and its behavior is unverified. Compare it with the source, correct it, and test it before deploying separately. Reference: CVT-366"
PACKAGE_STATE,CONTOSO.PKG_GEN_RULES_028.__state__,FUNCTION,contoso.pkg_gen_rules_028$g_revision(),Not-Converted,yes,"Review and correct the generated code. Best-effort Azure PostgreSQL code was generated, but it is not included in the deployment script and its behavior is unverified. Compare it with the source, correct it, and test it before deploying separately. Reference: CVT-366"
PACKAGE_STATE,CONTOSO.PKG_GEN_RULES_028.__state__,FUNCTION,contoso.pkg_gen_rules_028$g_rule_code(),Not-Converted,yes,"Review and correct the generated code. Best-effort Azure PostgreSQL code was generated, but it is not included in the deployment script and its behavior is unverified. Compare it with the source, correct it, and test it before deploying separately. Reference: CVT-366"
PACKAGE_STATE,CONTOSO.PKG_GEN_RULES_028.__state__,TYPE,contoso.pkg_gen_rules_028$t_outcome,Not-Converted,yes,"Review and correct the generated code. Best-effort Azure PostgreSQL code was generated, but it is not included in the deployment script and its behavior is unverified. Compare it with the source, correct it, and test it before deploying separately. Reference: CVT-366"
FUNCTION,CONTOSO.PKG_GEN_RULES_028.applies_to,FUNCTION,contoso.pkg_gen_rules_028$applies_to(),Not-Converted,yes,"Review and correct the generated code. Best-effort Azure PostgreSQL code was generated, but it is not included in the deployment script and its behavior is unverified. Compare it with the source, correct it, and test it before deploying separately. Reference: CVT-366"
PROCEDURE,CONTOSO.PKG_GEN_RULES_028.apply_batch,PROCEDURE,contoso.pkg_gen_rules_028$apply_batch(),Not-Converted,yes,"Review and correct the generated code. Best-effort Azure PostgreSQL code was generated, but it is not included in the deployment script and its behavior is unverified. Compare it with the source, correct it, and test it before deploying separately. Reference: CVT-366"
FUNCTION,CONTOSO.PKG_GEN_RULES_028.describe,FUNCTION,contoso.pkg_gen_rules_028$describe(p_value varchar),Not-Converted,yes,"Review and correct the generated code. Best-effort Azure PostgreSQL code was generated, but it is not included in the deployment script and its behavior is unverified. Compare it with the source, correct it, and test it before deploying separately. Reference: CVT-366"
FUNCTION,CONTOSO.PKG_GEN_RULES_028.describe,FUNCTION,contoso.pkg_gen_rules_028$describe(p_value numeric),Not-Converted,yes,"Review and correct the generated code. Best-effort Azure PostgreSQL code was generated, but it is not included in the deployment script and its behavior is unverified. Compare it with the source, correct it, and test it before deploying separately. Reference: CVT-366"
FUNCTION,CONTOSO.PKG_GEN_RULES_028.describe,FUNCTION,contoso.pkg_gen_rules_028$describe(p_value timestamp),Not-Converted,yes,"Review and correct the generated code. Best-effort Azure PostgreSQL code was generated, but it is not included in the deployment script and its behavior is unverified. Compare it with the source, correct it, and test it before deploying separately. Reference: CVT-366"
FUNCTION,CONTOSO.PKG_GEN_RULES_028.describe,FUNCTION,"contoso.pkg_gen_rules_028$describe(p_value NUMERIC, p_scale NUMERIC)",Not-Converted,yes,"Review and correct the generated code. Best-effort Azure PostgreSQL code was generated, but it is not included in the deployment script and its behavior is unverified. Compare it with the source, correct it, and test it before deploying separately. Reference: CVT-366"
FUNCTION,CONTOSO.PKG_GEN_RULES_028.evaluate,FUNCTION,contoso.pkg_gen_rules_028$evaluate(),Not-Converted,yes,"Review and correct the generated code. Best-effort Azure PostgreSQL code was generated, but it is not included in the deployment script and its behavior is unverified. Compare it with the source, correct it, and test it before deploying separately. Reference: CVT-366"
PACKAGE_BODY,CONTOSO.PKG_GEN_RULES_029,PACKAGE_BODY,contoso.pkg_gen_rules_029,Converted,no,"Verify the related object. Azure PostgreSQL code was generated for this object, but this type of object does not get its own entry in the deployment script. Confirm that its behavior is present in the related object and test that object with representative data. Reference: CVT-121"
PACKAGE_STATE,CONTOSO.PKG_GEN_RULES_029.__state__,FUNCTION,contoso.pkg_gen_rules_029$e_rule_not_applicable(),Converted,no,
PACKAGE_STATE,CONTOSO.PKG_GEN_RULES_029.__state__,FUNCTION,contoso.pkg_gen_rules_029$g_revision(),Converted,no,
PACKAGE_STATE,CONTOSO.PKG_GEN_RULES_029.__state__,FUNCTION,contoso.pkg_gen_rules_029$g_rule_code(),Converted,no,
PACKAGE_STATE,CONTOSO.PKG_GEN_RULES_029.__state__,TYPE,contoso.pkg_gen_rules_029$t_outcome,Converted,no,
FUNCTION,CONTOSO.PKG_GEN_RULES_029.applies_to,FUNCTION,contoso.pkg_gen_rules_029$applies_to(),Converted,yes,
PROCEDURE,CONTOSO.PKG_GEN_RULES_029.apply_batch,PROCEDURE,contoso.pkg_gen_rules_029$apply_batch(),Converted,yes,
FUNCTION,CONTOSO.PKG_GEN_RULES_029.evaluate,FUNCTION,contoso.pkg_gen_rules_029$evaluate(),Converted,yes,
PACKAGE_BODY,CONTOSO.PKG_GEN_RULES_030,PACKAGE_BODY,contoso.pkg_gen_rules_030,Not-Converted,yes,"Verify that the functionality is present. Deployable Azure PostgreSQL code could not be generated for this object, and it has no separate entry in the deployment script. Check whether the related object contains its functionality; if it does not, implement the missing Azure PostgreSQL behavior, test it, and deploy it separately. Reference: CVT-124"
PACKAGE_STATE,CONTOSO.PKG_GEN_RULES_030.__state__,FUNCTION,contoso.pkg_gen_rules_030$e_rule_not_applicable(),Not-Converted,yes,"Review and correct the generated code. Best-effort Azure PostgreSQL code was generated, but it is not included in the deployment script and its behavior is unverified. Compare it with the source, correct it, and test it before deploying separately. Reference: CVT-366"
PACKAGE_STATE,CONTOSO.PKG_GEN_RULES_030.__state__,FUNCTION,contoso.pkg_gen_rules_030$g_revision(),Not-Converted,yes,"Review and correct the generated code. Best-effort Azure PostgreSQL code was generated, but it is not included in the deployment script and its behavior is unverified. Compare it with the source, correct it, and test it before deploying separately. Reference: CVT-366"
PACKAGE_STATE,CONTOSO.PKG_GEN_RULES_030.__state__,FUNCTION,contoso.pkg_gen_rules_030$g_rule_code(),Not-Converted,yes,"Review and correct the generated code. Best-effort Azure PostgreSQL code was generated, but it is not included in the deployment script and its behavior is unverified. Compare it with the source, correct it, and test it before deploying separately. Reference: CVT-366"
PACKAGE_STATE,CONTOSO.PKG_GEN_RULES_030.__state__,TYPE,contoso.pkg_gen_rules_030$t_outcome,Not-Converted,yes,"Review and correct the generated code. Best-effort Azure PostgreSQL code was generated, but it is not included in the deployment script and its behavior is unverified. Compare it with the source, correct it, and test it before deploying separately. Reference: CVT-366"
FUNCTION,CONTOSO.PKG_GEN_RULES_030.applies_to,FUNCTION,contoso.pkg_gen_rules_030$applies_to(),Not-Converted,yes,"Review and correct the generated code. Best-effort Azure PostgreSQL code was generated, but it is not included in the deployment script and its behavior is unverified. Compare it with the source, correct it, and test it before deploying separately. Reference: CVT-366"
PROCEDURE,CONTOSO.PKG_GEN_RULES_030.apply_batch,FUNCTION,contoso.pkg_gen_rules_030$apply_batch(),Not-Converted,yes,"Review and correct the generated code. Best-effort Azure PostgreSQL code was generated, but it is not included in the deployment script and its behavior is unverified. Compare it with the source, correct it, and test it before deploying separately. Reference: CVT-366"
FUNCTION,CONTOSO.PKG_GEN_RULES_030.evaluate,FUNCTION,contoso.pkg_gen_rules_030$evaluate(),Not-Converted,yes,"Review and correct the generated code. Best-effort Azure PostgreSQL code was generated, but it is not included in the deployment script and its behavior is unverified. Compare it with the source, correct it, and test it before deploying separately. Reference: CVT-366"
PACKAGE_BODY,CONTOSO.PKG_GEN_RULES_031,PACKAGE_BODY,contoso.pkg_gen_rules_031,Not-Converted,yes,"Verify that the functionality is present. Deployable Azure PostgreSQL code could not be generated for this object, and it has no separate entry in the deployment script. Check whether the related object contains its functionality; if it does not, implement the missing Azure PostgreSQL behavior, test it, and deploy it separately. Reference: CVT-124"
PACKAGE_STATE,CONTOSO.PKG_GEN_RULES_031.__state__,FUNCTION,contoso.pkg_gen_rules_031$e_rule_not_applicable(),Not-Converted,yes,"Review and correct the generated code. Best-effort Azure PostgreSQL code was generated, but it is not included in the deployment script and its behavior is unverified. Compare it with the source, correct it, and test it before deploying separately. Reference: CVT-366"
PACKAGE_STATE,CONTOSO.PKG_GEN_RULES_031.__state__,FUNCTION,contoso.pkg_gen_rules_031$g_revision(),Not-Converted,yes,"Review and correct the generated code. Best-effort Azure PostgreSQL code was generated, but it is not included in the deployment script and its behavior is unverified. Compare it with the source, correct it, and test it before deploying separately. Reference: CVT-366"
PACKAGE_STATE,CONTOSO.PKG_GEN_RULES_031.__state__,FUNCTION,contoso.pkg_gen_rules_031$g_rule_code(),Not-Converted,yes,"Review and correct the generated code. Best-effort Azure PostgreSQL code was generated, but it is not included in the deployment script and its behavior is unverified. Compare it with the source, correct it, and test it before deploying separately. Reference: CVT-366"
PACKAGE_STATE,CONTOSO.PKG_GEN_RULES_031.__state__,TYPE,contoso.pkg_gen_rules_031$t_outcome,Not-Converted,yes,"Review and correct the generated code. Best-effort Azure PostgreSQL code was generated, but it is not included in the deployment script and its behavior is unverified. Compare it with the source, correct it, and test it before deploying separately. Reference: CVT-366"
FUNCTION,CONTOSO.PKG_GEN_RULES_031.applies_to,FUNCTION,contoso.pkg_gen_rules_031$applies_to(),Not-Converted,yes,"Review and correct the generated code. Best-effort Azure PostgreSQL code was generated, but it is not included in the deployment script and its behavior is unverified. Compare it with the source, correct it, and test it before deploying separately. Reference: CVT-366"
PROCEDURE,CONTOSO.PKG_GEN_RULES_031.apply_batch,FUNCTION,contoso.pkg_gen_rules_031$apply_batch(),Not-Converted,yes,"Review and correct the generated code. Best-effort Azure PostgreSQL code was generated, but it is not included in the deployment script and its behavior is unverified. Compare it with the source, correct it, and test it before deploying separately. Reference: CVT-366"
FUNCTION,CONTOSO.PKG_GEN_RULES_031.evaluate,FUNCTION,contoso.pkg_gen_rules_031$evaluate(),Not-Converted,yes,"Review and correct the generated code. Best-effort Azure PostgreSQL code was generated, but it is not included in the deployment script and its behavior is unverified. Compare it with the source, correct it, and test it before deploying separately. Reference: CVT-366"
PACKAGE_BODY,CONTOSO.PKG_GEN_RULES_032,PACKAGE_BODY,contoso.pkg_gen_rules_032,Converted,no,"Verify the related object. Azure PostgreSQL code was generated for this object, but this type of object does not get its own entry in the deployment script. Confirm that its behavior is present in the related object and test that object with representative data. Reference: CVT-121"
PACKAGE_STATE,CONTOSO.PKG_GEN_RULES_032.__state__,FUNCTION,contoso.pkg_gen_rules_032$e_rule_not_applicable(),Converted,no,
PACKAGE_STATE,CONTOSO.PKG_GEN_RULES_032.__state__,FUNCTION,contoso.pkg_gen_rules_032$g_hits_get(),Converted,no,
PACKAGE_STATE,CONTOSO.PKG_GEN_RULES_032.__state__,FUNCTION,contoso.pkg_gen_rules_032$g_hits_inc(),Converted,no,
PACKAGE_STATE,CONTOSO.PKG_GEN_RULES_032.__state__,FUNCTION,contoso.pkg_gen_rules_032$g_hits_reset(),Converted,no,
PACKAGE_STATE,CONTOSO.PKG_GEN_RULES_032.__state__,FUNCTION,contoso.pkg_gen_rules_032$g_price_cache_clear(),Converted,no,
PACKAGE_STATE,CONTOSO.PKG_GEN_RULES_032.__state__,FUNCTION,contoso.pkg_gen_rules_032$g_price_cache_get(),Converted,no,
PACKAGE_STATE,CONTOSO.PKG_GEN_RULES_032.__state__,FUNCTION,contoso.pkg_gen_rules_032$g_price_cache_set(),Converted,no,
PACKAGE_STATE,CONTOSO.PKG_GEN_RULES_032.__state__,FUNCTION,contoso.pkg_gen_rules_032$g_revision(),Converted,no,
PACKAGE_STATE,CONTOSO.PKG_GEN_RULES_032.__state__,FUNCTION,contoso.pkg_gen_rules_032$g_rule_code(),Converted,no,
PACKAGE_STATE,CONTOSO.PKG_GEN_RULES_032.__state__,TYPE,contoso.pkg_gen_rules_032$t_outcome,Converted,no,
FUNCTION,CONTOSO.PKG_GEN_RULES_032.applies_to,FUNCTION,contoso.pkg_gen_rules_032$applies_to(),Converted,yes,
PROCEDURE,CONTOSO.PKG_GEN_RULES_032.apply_batch,FUNCTION,contoso.pkg_gen_rules_032$apply_batch(),Converted,yes,
FUNCTION,CONTOSO.PKG_GEN_RULES_032.describe,FUNCTION,contoso.pkg_gen_rules_032$describe(p_value varchar),Converted,no,
FUNCTION,CONTOSO.PKG_GEN_RULES_032.describe,FUNCTION,contoso.pkg_gen_rules_032$describe(p_value numeric),Converted,no,
FUNCTION,CONTOSO.PKG_GEN_RULES_032.describe,FUNCTION,contoso.pkg_gen_rules_032$describe(p_value timestamp),Converted,no,
FUNCTION,CONTOSO.PKG_GEN_RULES_032.describe,FUNCTION,"contoso.pkg_gen_rules_032$describe(p_value NUMERIC, p_scale NUMERIC)",Converted,no,
FUNCTION,CONTOSO.PKG_GEN_RULES_032.evaluate,FUNCTION,contoso.pkg_gen_rules_032$evaluate(),Converted,yes,
PACKAGE_BODY,CONTOSO.PKG_GEN_RULES_033,PACKAGE_BODY,contoso.pkg_gen_rules_033,Not-Converted,yes,"Verify that the functionality is present. Deployable Azure PostgreSQL code could not be generated for this object, and it has no separate entry in the deployment script. Check whether the related object contains its functionality; if it does not, implement the missing Azure PostgreSQL behavior, test it, and deploy it separately. Reference: CVT-124"
PACKAGE_STATE,CONTOSO.PKG_GEN_RULES_033.__state__,FUNCTION,contoso.pkg_gen_rules_033$e_rule_not_applicable(),Not-Converted,yes,"Review and correct the generated code. Best-effort Azure PostgreSQL code was generated, but it is not included in the deployment script and its behavior is unverified. Compare it with the source, correct it, and test it before deploying separately. Reference: CVT-366"
PACKAGE_STATE,CONTOSO.PKG_GEN_RULES_033.__state__,FUNCTION,contoso.pkg_gen_rules_033$g_revision(),Not-Converted,yes,"Review and correct the generated code. Best-effort Azure PostgreSQL code was generated, but it is not included in the deployment script and its behavior is unverified. Compare it with the source, correct it, and test it before deploying separately. Reference: CVT-366"
PACKAGE_STATE,CONTOSO.PKG_GEN_RULES_033.__state__,FUNCTION,contoso.pkg_gen_rules_033$g_rule_code(),Not-Converted,yes,"Review and correct the generated code. Best-effort Azure PostgreSQL code was generated, but it is not included in the deployment script and its behavior is unverified. Compare it with the source, correct it, and test it before deploying separately. Reference: CVT-366"
PACKAGE_STATE,CONTOSO.PKG_GEN_RULES_033.__state__,TYPE,contoso.pkg_gen_rules_033$t_outcome,Not-Converted,yes,"Review and correct the generated code. Best-effort Azure PostgreSQL code was generated, but it is not included in the deployment script and its behavior is unverified. Compare it with the source, correct it, and test it before deploying separately. Reference: CVT-366"
FUNCTION,CONTOSO.PKG_GEN_RULES_033.applies_to,FUNCTION,contoso.pkg_gen_rules_033$applies_to(),Not-Converted,yes,"Review and correct the generated code. Best-effort Azure PostgreSQL code was generated, but it is not included in the deployment script and its behavior is unverified. Compare it with the source, correct it, and test it before deploying separately. Reference: CVT-366"
PROCEDURE,CONTOSO.PKG_GEN_RULES_033.apply_batch,FUNCTION,contoso.pkg_gen_rules_033$apply_batch(),Not-Converted,yes,"Review and correct the generated code. Best-effort Azure PostgreSQL code was generated, but it is not included in the deployment script and its behavior is unverified. Compare it with the source, correct it, and test it before deploying separately. Reference: CVT-366"
FUNCTION,CONTOSO.PKG_GEN_RULES_033.evaluate,FUNCTION,contoso.pkg_gen_rules_033$evaluate(),Not-Converted,yes,"Review and correct the generated code. Best-effort Azure PostgreSQL code was generated, but it is not included in the deployment script and its behavior is unverified. Compare it with the source, correct it, and test it before deploying separately. Reference: CVT-366"
PACKAGE_BODY,CONTOSO.PKG_GEN_RULES_034,PACKAGE_BODY,contoso.pkg_gen_rules_034,Converted,no,"Verify the related object. Azure PostgreSQL code was generated for this object, but this type of object does not get its own entry in the deployment script. Confirm that its behavior is present in the related object and test that object with representative data. Reference: CVT-121"
PACKAGE_STATE,CONTOSO.PKG_GEN_RULES_034.__state__,FUNCTION,contoso.pkg_gen_rules_034$e_rule_not_applicable(),Converted,no,
PACKAGE_STATE,CONTOSO.PKG_GEN_RULES_034.__state__,FUNCTION,contoso.pkg_gen_rules_034$g_revision(),Converted,no,
PACKAGE_STATE,CONTOSO.PKG_GEN_RULES_034.__state__,FUNCTION,contoso.pkg_gen_rules_034$g_rule_code(),Converted,no,
PACKAGE_STATE,CONTOSO.PKG_GEN_RULES_034.__state__,FUNCTION,contoso.pkg_gen_rules_034$state_get_hits(),Converted,no,
PACKAGE_STATE,CONTOSO.PKG_GEN_RULES_034.__state__,FUNCTION,contoso.pkg_gen_rules_034$state_get_price_cache(),Converted,no,
PACKAGE_STATE,CONTOSO.PKG_GEN_RULES_034.__state__,FUNCTION,contoso.pkg_gen_rules_034$state_inc_hits(),Converted,no,
PACKAGE_STATE,CONTOSO.PKG_GEN_RULES_034.__state__,FUNCTION,contoso.pkg_gen_rules_034$state_set_hits(),Converted,no,
PACKAGE_STATE,CONTOSO.PKG_GEN_RULES_034.__state__,FUNCTION,contoso.pkg_gen_rules_034$state_set_price_cache(),Converted,no,
PACKAGE_STATE,CONTOSO.PKG_GEN_RULES_034.__state__,TYPE,contoso.pkg_gen_rules_034$t_outcome,Converted,no,
FUNCTION,CONTOSO.PKG_GEN_RULES_034.applies_to,FUNCTION,contoso.pkg_gen_rules_034$applies_to(),Converted,yes,
PROCEDURE,CONTOSO.PKG_GEN_RULES_034.apply_batch,FUNCTION,contoso.pkg_gen_rules_034$apply_batch(),Converted,yes,
FUNCTION,CONTOSO.PKG_GEN_RULES_034.evaluate,FUNCTION,contoso.pkg_gen_rules_034$evaluate(),Converted,yes,
FUNCTION,CONTOSO.PKG_GEN_RULES_034.evaluate,TYPE,contoso.pkg_gen_rules_034__t_outcome,Converted,yes,
PACKAGE_BODY,CONTOSO.PKG_GEN_RULES_035,PACKAGE_BODY,contoso.pkg_gen_rules_035,Not-Converted,yes,"Verify that the functionality is present. Deployable Azure PostgreSQL code could not be generated for this object, and it has no separate entry in the deployment script. Check whether the related object contains its functionality; if it does not, implement the missing Azure PostgreSQL behavior, test it, and deploy it separately. Reference: CVT-124"
PACKAGE_STATE,CONTOSO.PKG_GEN_RULES_035.__state__,FUNCTION,contoso.pkg_gen_rules_035$e_rule_not_applicable(),Not-Converted,yes,"Review and correct the generated code. Best-effort Azure PostgreSQL code was generated, but it is not included in the deployment script and its behavior is unverified. Compare it with the source, correct it, and test it before deploying separately. Reference: CVT-366"
PACKAGE_STATE,CONTOSO.PKG_GEN_RULES_035.__state__,FUNCTION,contoso.pkg_gen_rules_035$g_revision(),Not-Converted,yes,"Review and correct the generated code. Best-effort Azure PostgreSQL code was generated, but it is not included in the deployment script and its behavior is unverified. Compare it with the source, correct it, and test it before deploying separately. Reference: CVT-366"
PACKAGE_STATE,CONTOSO.PKG_GEN_RULES_035.__state__,FUNCTION,contoso.pkg_gen_rules_035$g_rule_code(),Not-Converted,yes,"Review and correct the generated code. Best-effort Azure PostgreSQL code was generated, but it is not included in the deployment script and its behavior is unverified. Compare it with the source, correct it, and test it before deploying separately. Reference: CVT-366"
PACKAGE_STATE,CONTOSO.PKG_GEN_RULES_035.__state__,TYPE,contoso.pkg_gen_rules_035$t_outcome,Not-Converted,yes,"Review and correct the generated code. Best-effort Azure PostgreSQL code was generated, but it is not included in the deployment script and its behavior is unverified. Compare it with the source, correct it, and test it before deploying separately. Reference: CVT-366"
FUNCTION,CONTOSO.PKG_GEN_RULES_035.applies_to,FUNCTION,contoso.pkg_gen_rules_035$applies_to(),Not-Converted,yes,"Review and correct the generated code. Best-effort Azure PostgreSQL code was generated, but it is not included in the deployment script and its behavior is unverified. Compare it with the source, correct it, and test it before deploying separately. Reference: CVT-366"
PROCEDURE,CONTOSO.PKG_GEN_RULES_035.apply_batch,FUNCTION,contoso.pkg_gen_rules_035$apply_batch(),Not-Converted,yes,"Review and correct the generated code. Best-effort Azure PostgreSQL code was generated, but it is not included in the deployment script and its behavior is unverified. Compare it with the source, correct it, and test it before deploying separately. Reference: CVT-366"
FUNCTION,CONTOSO.PKG_GEN_RULES_035.evaluate,FUNCTION,contoso.pkg_gen_rules_035$evaluate(),Not-Converted,yes,"Review and correct the generated code. Best-effort Azure PostgreSQL code was generated, but it is not included in the deployment script and its behavior is unverified. Compare it with the source, correct it, and test it before deploying separately. Reference: CVT-366"
PACKAGE_BODY,CONTOSO.PKG_GEN_RULES_036,PACKAGE_BODY,contoso.pkg_gen_rules_036,Not-Converted,yes,"Verify that the functionality is present. Deployable Azure PostgreSQL code could not be generated for this object, and it has no separate entry in the deployment script. Check whether the related object contains its functionality; if it does not, implement the missing Azure PostgreSQL behavior, test it, and deploy it separately. Reference: CVT-124"
PACKAGE_STATE,CONTOSO.PKG_GEN_RULES_036.__state__,PACKAGE_STATE,contoso.pkg_gen_rules_036$__state__,Not-Converted,yes,"Regenerate or manually implement this object. Deployable Azure PostgreSQL code could not be generated because complete output could not be recovered, so the object is not included in the deployment script. Run conversion again or implement the Azure PostgreSQL code manually, test it, and deploy it separately. Reference: CVT-224"
FUNCTION,CONTOSO.PKG_GEN_RULES_036.applies_to,FUNCTION,contoso.pkg_gen_rules_036$applies_to(),Not-Converted,yes,"Regenerate or manually implement this object. Deployable Azure PostgreSQL code could not be generated because complete output could not be recovered, so the object is not included in the deployment script. Run conversion again or implement the Azure PostgreSQL code manually, test it, and deploy it separately. Reference: CVT-224"
PROCEDURE,CONTOSO.PKG_GEN_RULES_036.apply_batch,PROCEDURE,contoso.pkg_gen_rules_036$apply_batch(),Not-Converted,yes,"Regenerate or manually implement this object. Deployable Azure PostgreSQL code could not be generated because complete output could not be recovered, so the object is not included in the deployment script. Run conversion again or implement the Azure PostgreSQL code manually, test it, and deploy it separately. Reference: CVT-224"
FUNCTION,CONTOSO.PKG_GEN_RULES_036.describe,FUNCTION,contoso.pkg_gen_rules_036$describe(),Not-Converted,yes,"Regenerate or manually implement this object. Deployable Azure PostgreSQL code could not be generated because complete output could not be recovered, so the object is not included in the deployment script. Run conversion again or implement the Azure PostgreSQL code manually, test it, and deploy it separately. Reference: CVT-224"
FUNCTION,CONTOSO.PKG_GEN_RULES_036.evaluate,FUNCTION,contoso.pkg_gen_rules_036$evaluate(),Not-Converted,yes,"Regenerate or manually implement this object. Deployable Azure PostgreSQL code could not be generated because complete output could not be recovered, so the object is not included in the deployment script. Run conversion again or implement the Azure PostgreSQL code manually, test it, and deploy it separately. Reference: CVT-224"
PACKAGE_BODY,CONTOSO.PKG_GEN_RULES_037,PACKAGE_BODY,contoso.pkg_gen_rules_037,Not-Converted,yes,"Verify that the functionality is present. Deployable Azure PostgreSQL code could not be generated for this object, and it has no separate entry in the deployment script. Check whether the related object contains its functionality; if it does not, implement the missing Azure PostgreSQL behavior, test it, and deploy it separately. Reference: CVT-124"
PACKAGE_STATE,CONTOSO.PKG_GEN_RULES_037.__state__,FUNCTION,contoso.pkg_gen_rules_037$e_rule_not_applicable(),Not-Converted,yes,"Review and correct the generated code. Best-effort Azure PostgreSQL code was generated, but it is not included in the deployment script and its behavior is unverified. Compare it with the source, correct it, and test it before deploying separately. Reference: CVT-366"
PACKAGE_STATE,CONTOSO.PKG_GEN_RULES_037.__state__,FUNCTION,contoso.pkg_gen_rules_037$g_revision(),Not-Converted,yes,"Review and correct the generated code. Best-effort Azure PostgreSQL code was generated, but it is not included in the deployment script and its behavior is unverified. Compare it with the source, correct it, and test it before deploying separately. Reference: CVT-366"
PACKAGE_STATE,CONTOSO.PKG_GEN_RULES_037.__state__,FUNCTION,contoso.pkg_gen_rules_037$g_rule_code(),Not-Converted,yes,"Review and correct the generated code. Best-effort Azure PostgreSQL code was generated, but it is not included in the deployment script and its behavior is unverified. Compare it with the source, correct it, and test it before deploying separately. Reference: CVT-366"
PACKAGE_STATE,CONTOSO.PKG_GEN_RULES_037.__state__,TYPE,contoso.pkg_gen_rules_037$t_outcome,Not-Converted,yes,"Review and correct the generated code. Best-effort Azure PostgreSQL code was generated, but it is not included in the deployment script and its behavior is unverified. Compare it with the source, correct it, and test it before deploying separately. Reference: CVT-366"
FUNCTION,CONTOSO.PKG_GEN_RULES_037.applies_to,FUNCTION,contoso.pkg_gen_rules_037$applies_to(),Not-Converted,yes,"Review and correct the generated code. Best-effort Azure PostgreSQL code was generated, but it is not included in the deployment script and its behavior is unverified. Compare it with the source, correct it, and test it before deploying separately. Reference: CVT-366"
PROCEDURE,CONTOSO.PKG_GEN_RULES_037.apply_batch,FUNCTION,contoso.pkg_gen_rules_037$apply_batch(),Not-Converted,yes,"Review and correct the generated code. Best-effort Azure PostgreSQL code was generated, but it is not included in the deployment script and its behavior is unverified. Compare it with the source, correct it, and test it before deploying separately. Reference: CVT-366"
FUNCTION,CONTOSO.PKG_GEN_RULES_037.evaluate,FUNCTION,contoso.pkg_gen_rules_037$evaluate(),Not-Converted,yes,"Review and correct the generated code. Best-effort Azure PostgreSQL code was generated, but it is not included in the deployment script and its behavior is unverified. Compare it with the source, correct it, and test it before deploying separately. Reference: CVT-366"
PACKAGE_BODY,CONTOSO.PKG_GEN_RULES_038,PACKAGE_BODY,contoso.pkg_gen_rules_038,Converted,no,"Verify the related object. Azure PostgreSQL code was generated for this object, but this type of object does not get its own entry in the deployment script. Confirm that its behavior is present in the related object and test that object with representative data. Reference: CVT-121"
PACKAGE_STATE,CONTOSO.PKG_GEN_RULES_038.__state__,FUNCTION,contoso.pkg_gen_rules_038$e_rule_not_applicable(),Converted,no,
PACKAGE_STATE,CONTOSO.PKG_GEN_RULES_038.__state__,FUNCTION,contoso.pkg_gen_rules_038$g_revision(),Converted,no,
PACKAGE_STATE,CONTOSO.PKG_GEN_RULES_038.__state__,FUNCTION,contoso.pkg_gen_rules_038$g_rule_code(),Converted,no,
PACKAGE_STATE,CONTOSO.PKG_GEN_RULES_038.__state__,TYPE,contoso.pkg_gen_rules_038$t_outcome,Converted,no,
FUNCTION,CONTOSO.PKG_GEN_RULES_038.applies_to,FUNCTION,contoso.pkg_gen_rules_038$applies_to(),Converted,yes,
PROCEDURE,CONTOSO.PKG_GEN_RULES_038.apply_batch,FUNCTION,contoso.pkg_gen_rules_038$apply_batch(),Converted,yes,
FUNCTION,CONTOSO.PKG_GEN_RULES_038.evaluate,FUNCTION,contoso.pkg_gen_rules_038$evaluate(),Converted,yes,
PACKAGE_BODY,CONTOSO.PKG_GEN_RULES_039,PACKAGE_BODY,contoso.pkg_gen_rules_039,Converted,no,"Verify the related object. Azure PostgreSQL code was generated for this object, but this type of object does not get its own entry in the deployment script. Confirm that its behavior is present in the related object and test that object with representative data. Reference: CVT-121"
PACKAGE_STATE,CONTOSO.PKG_GEN_RULES_039.__state__,FUNCTION,contoso.pkg_gen_rules_039$__init_state(),Converted,no,
PACKAGE_STATE,CONTOSO.PKG_GEN_RULES_039.__state__,FUNCTION,contoso.pkg_gen_rules_039$e_rule_not_applicable(),Converted,no,
PACKAGE_STATE,CONTOSO.PKG_GEN_RULES_039.__state__,FUNCTION,contoso.pkg_gen_rules_039$g_hits(),Converted,no,
PACKAGE_STATE,CONTOSO.PKG_GEN_RULES_039.__state__,FUNCTION,contoso.pkg_gen_rules_039$g_hits_inc(),Converted,no,
PACKAGE_STATE,CONTOSO.PKG_GEN_RULES_039.__state__,FUNCTION,contoso.pkg_gen_rules_039$g_price_cache_get(),Converted,no,
PACKAGE_STATE,CONTOSO.PKG_GEN_RULES_039.__state__,FUNCTION,contoso.pkg_gen_rules_039$g_price_cache_set(),Converted,no,
PACKAGE_STATE,CONTOSO.PKG_GEN_RULES_039.__state__,FUNCTION,contoso.pkg_gen_rules_039$g_revision(),Converted,no,
PACKAGE_STATE,CONTOSO.PKG_GEN_RULES_039.__state__,FUNCTION,contoso.pkg_gen_rules_039$g_rule_code(),Converted,no,
PACKAGE_STATE,CONTOSO.PKG_GEN_RULES_039.__state__,TYPE,contoso.pkg_gen_rules_039$t_outcome,Converted,no,
FUNCTION,CONTOSO.PKG_GEN_RULES_039.applies_to,FUNCTION,contoso.pkg_gen_rules_039$applies_to(),Converted,yes,
PROCEDURE,CONTOSO.PKG_GEN_RULES_039.apply_batch,FUNCTION,contoso.pkg_gen_rules_039$apply_batch(),Converted,yes,
FUNCTION,CONTOSO.PKG_GEN_RULES_039.evaluate,FUNCTION,contoso.pkg_gen_rules_039$evaluate(),Converted,yes,
PACKAGE_BODY,CONTOSO.PKG_GEN_RULES_040,PACKAGE_BODY,contoso.pkg_gen_rules_040,Not-Converted,yes,"Verify that the functionality is present. Deployable Azure PostgreSQL code could not be generated for this object, and it has no separate entry in the deployment script. Check whether the related object contains its functionality; if it does not, implement the missing Azure PostgreSQL behavior, test it, and deploy it separately. Reference: CVT-124"
PACKAGE_STATE,CONTOSO.PKG_GEN_RULES_040.__state__,PACKAGE_STATE,contoso.pkg_gen_rules_040$__state__,Not-Converted,yes,"Regenerate or manually implement this object. Deployable Azure PostgreSQL code could not be generated because complete output could not be recovered, so the object is not included in the deployment script. Run conversion again or implement the Azure PostgreSQL code manually, test it, and deploy it separately. Reference: CVT-224"
FUNCTION,CONTOSO.PKG_GEN_RULES_040.applies_to,FUNCTION,contoso.pkg_gen_rules_040$applies_to(),Not-Converted,yes,"Regenerate or manually implement this object. Deployable Azure PostgreSQL code could not be generated because complete output could not be recovered, so the object is not included in the deployment script. Run conversion again or implement the Azure PostgreSQL code manually, test it, and deploy it separately. Reference: CVT-224"
PROCEDURE,CONTOSO.PKG_GEN_RULES_040.apply_batch,PROCEDURE,contoso.pkg_gen_rules_040$apply_batch(),Not-Converted,yes,"Regenerate or manually implement this object. Deployable Azure PostgreSQL code could not be generated because complete output could not be recovered, so the object is not included in the deployment script. Run conversion again or implement the Azure PostgreSQL code manually, test it, and deploy it separately. Reference: CVT-224"
FUNCTION,CONTOSO.PKG_GEN_RULES_040.describe,FUNCTION,contoso.pkg_gen_rules_040$describe(),Not-Converted,yes,"Regenerate or manually implement this object. Deployable Azure PostgreSQL code could not be generated because complete output could not be recovered, so the object is not included in the deployment script. Run conversion again or implement the Azure PostgreSQL code manually, test it, and deploy it separately. Reference: CVT-224"
FUNCTION,CONTOSO.PKG_GEN_RULES_040.evaluate,FUNCTION,contoso.pkg_gen_rules_040$evaluate(),Not-Converted,yes,"Regenerate or manually implement this object. Deployable Azure PostgreSQL code could not be generated because complete output could not be recovered, so the object is not included in the deployment script. Run conversion again or implement the Azure PostgreSQL code manually, test it, and deploy it separately. Reference: CVT-224"
PACKAGE_BODY,CONTOSO.PKG_INVENTORY,PACKAGE_BODY,contoso.pkg_inventory,Not-Converted,yes,"Verify that the functionality is present. Deployable Azure PostgreSQL code could not be generated for this object, and it has no separate entry in the deployment script. Check whether the related object contains its functionality; if it does not, implement the missing Azure PostgreSQL behavior, test it, and deploy it separately. Reference: CVT-124"
PACKAGE_STATE,CONTOSO.PKG_INVENTORY.__state__,DOMAIN,contoso.pkg_inventory$t_movement_tab,Not-Converted,yes,"Review and correct the generated code. Best-effort Azure PostgreSQL code was generated, but it is not included in the deployment script and its behavior is unverified. Compare it with the source, correct it, and test it before deploying separately. Reference: CVT-366"
PACKAGE_STATE,CONTOSO.PKG_INVENTORY.__state__,FUNCTION,contoso.pkg_inventory$e_negative_stock(),Not-Converted,yes,"Review and correct the generated code. Best-effort Azure PostgreSQL code was generated, but it is not included in the deployment script and its behavior is unverified. Compare it with the source, correct it, and test it before deploying separately. Reference: CVT-366"
PACKAGE_STATE,CONTOSO.PKG_INVENTORY.__state__,FUNCTION,contoso.pkg_inventory$e_unknown_location(),Not-Converted,yes,"Review and correct the generated code. Best-effort Azure PostgreSQL code was generated, but it is not included in the deployment script and its behavior is unverified. Compare it with the source, correct it, and test it before deploying separately. Reference: CVT-366"
PACKAGE_STATE,CONTOSO.PKG_INVENTORY.__state__,FUNCTION,contoso.pkg_inventory$t_movement_tab_count(),Not-Converted,yes,"Review and correct the generated code. Best-effort Azure PostgreSQL code was generated, but it is not included in the deployment script and its behavior is unverified. Compare it with the source, correct it, and test it before deploying separately. Reference: CVT-366"
PACKAGE_STATE,CONTOSO.PKG_INVENTORY.__state__,FUNCTION,contoso.pkg_inventory$t_movement_tab_delete(),Not-Converted,yes,"Review and correct the generated code. Best-effort Azure PostgreSQL code was generated, but it is not included in the deployment script and its behavior is unverified. Compare it with the source, correct it, and test it before deploying separately. Reference: CVT-366"
PACKAGE_STATE,CONTOSO.PKG_INVENTORY.__state__,FUNCTION,contoso.pkg_inventory$t_movement_tab_exists(),Not-Converted,yes,"Review and correct the generated code. Best-effort Azure PostgreSQL code was generated, but it is not included in the deployment script and its behavior is unverified. Compare it with the source, correct it, and test it before deploying separately. Reference: CVT-366"
PACKAGE_STATE,CONTOSO.PKG_INVENTORY.__state__,FUNCTION,contoso.pkg_inventory$t_movement_tab_first(),Not-Converted,yes,"Review and correct the generated code. Best-effort Azure PostgreSQL code was generated, but it is not included in the deployment script and its behavior is unverified. Compare it with the source, correct it, and test it before deploying separately. Reference: CVT-366"
PACKAGE_STATE,CONTOSO.PKG_INVENTORY.__state__,FUNCTION,contoso.pkg_inventory$t_movement_tab_get(),Not-Converted,yes,"Review and correct the generated code. Best-effort Azure PostgreSQL code was generated, but it is not included in the deployment script and its behavior is unverified. Compare it with the source, correct it, and test it before deploying separately. Reference: CVT-366"
PACKAGE_STATE,CONTOSO.PKG_INVENTORY.__state__,FUNCTION,contoso.pkg_inventory$t_movement_tab_last(),Not-Converted,yes,"Review and correct the generated code. Best-effort Azure PostgreSQL code was generated, but it is not included in the deployment script and its behavior is unverified. Compare it with the source, correct it, and test it before deploying separately. Reference: CVT-366"
PACKAGE_STATE,CONTOSO.PKG_INVENTORY.__state__,FUNCTION,contoso.pkg_inventory$t_movement_tab_next(),Not-Converted,yes,"Review and correct the generated code. Best-effort Azure PostgreSQL code was generated, but it is not included in the deployment script and its behavior is unverified. Compare it with the source, correct it, and test it before deploying separately. Reference: CVT-366"
PACKAGE_STATE,CONTOSO.PKG_INVENTORY.__state__,FUNCTION,contoso.pkg_inventory$t_movement_tab_prior(),Not-Converted,yes,"Review and correct the generated code. Best-effort Azure PostgreSQL code was generated, but it is not included in the deployment script and its behavior is unverified. Compare it with the source, correct it, and test it before deploying separately. Reference: CVT-366"
PACKAGE_STATE,CONTOSO.PKG_INVENTORY.__state__,FUNCTION,contoso.pkg_inventory$t_movement_tab_put(),Not-Converted,yes,"Review and correct the generated code. Best-effort Azure PostgreSQL code was generated, but it is not included in the deployment script and its behavior is unverified. Compare it with the source, correct it, and test it before deploying separately. Reference: CVT-366"
PACKAGE_STATE,CONTOSO.PKG_INVENTORY.__state__,TYPE,contoso.pkg_inventory$t_movement_rec,Not-Converted,yes,"Review and correct the generated code. Best-effort Azure PostgreSQL code was generated, but it is not included in the deployment script and its behavior is unverified. Compare it with the source, correct it, and test it before deploying separately. Reference: CVT-366"
PACKAGE_STATE,CONTOSO.PKG_INVENTORY.__state__,TYPE,contoso.pkg_inventory$t_movement_tab_entry,Not-Converted,yes,"Review and correct the generated code. Best-effort Azure PostgreSQL code was generated, but it is not included in the deployment script and its behavior is unverified. Compare it with the source, correct it, and test it before deploying separately. Reference: CVT-366"
PROCEDURE,CONTOSO.PKG_INVENTORY.apply_movement,FUNCTION,contoso.pkg_inventory$apply_movement(),Not-Converted,yes,"Convert the required dependency first. Azure PostgreSQL code passed the compilation check, but this object is not included in the deployment script because it depends on a temporary version of the required dependency. Convert the dependency, then run conversion again and confirm that this object is included. Reference: CVT-242"
FUNCTION,CONTOSO.PKG_INVENTORY.available_qty,FUNCTION,contoso.pkg_inventory$available_qty(),Converted,yes,
PROCEDURE,CONTOSO.PKG_INVENTORY.bulk_apply,FUNCTION,contoso.pkg_inventory$bulk_apply(),Not-Converted,yes,"Convert the required dependency first. Azure PostgreSQL code passed the compilation check, but this object is not included in the deployment script because it depends on a temporary version of the required dependency. Convert the dependency, then run conversion again and confirm that this object is included. Reference: CVT-242"
PROCEDURE,CONTOSO.PKG_INVENTORY.bulk_apply,TYPE,contoso.pkg_inventory_movement_rec,Not-Converted,yes,"Convert the required dependency first. Azure PostgreSQL code passed the compilation check, but this object is not included in the deployment script because it depends on a temporary version of the required dependency. Convert the dependency, then run conversion again and confirm that this object is included. Reference: CVT-242"
FUNCTION,CONTOSO.PKG_INVENTORY.reorder_candidates,FUNCTION,contoso.pkg_inventory$reorder_candidates(),Converted,yes,
PROCEDURE,CONTOSO.PKG_INVENTORY.resnapshot_location,FUNCTION,contoso.pkg_inventory$resnapshot_location(),Converted,yes,
PACKAGE_BODY,CONTOSO.PKG_LOYALTY,PACKAGE_BODY,contoso.pkg_loyalty,Converted,no,"Verify the related object. Azure PostgreSQL code was generated for this object, but this type of object does not get its own entry in the deployment script. Confirm that its behavior is present in the related object and test that object with representative data. Reference: CVT-121"
PACKAGE_STATE,CONTOSO.PKG_LOYALTY.__state__,FUNCTION,contoso.pkg_loyalty$e_account_closed(),Converted,no,
PACKAGE_STATE,CONTOSO.PKG_LOYALTY.__state__,FUNCTION,contoso.pkg_loyalty$e_insufficient_points(),Converted,no,
PROCEDURE,CONTOSO.PKG_LOYALTY.accrue_points,PROCEDURE,contoso.pkg_loyalty$accrue_points(),Not-Converted,yes,"Implement this object manually. Deployable Azure PostgreSQL code could not be generated, so the object is not included in the deployment script. Correct the Oracle source and run conversion again, or implement the Azure PostgreSQL code manually, test it, and deploy it separately. Reference: CVT-364"
FUNCTION,CONTOSO.PKG_LOYALTY.active_benefits,,,Not-Converted,yes,Include this object in a new conversion run. The object was not converted. It was also left out of the current run and is not included in the deployment script. Include it in a subsequent run or implement and deploy it separately after testing. Reference: CVT-345
FUNCTION,CONTOSO.PKG_LOYALTY.channels_allowed,FUNCTION,contoso.pkg_loyalty$channels_allowed(),Converted,no,
PROCEDURE,CONTOSO.PKG_LOYALTY.expire_points,FUNCTION,contoso.pkg_loyalty$expire_points(),Not-Converted,yes,"Convert the required dependency first. Azure PostgreSQL code passed the compilation check, but this object is not included in the deployment script because it depends on a temporary version of the required dependency. Convert the dependency, then run conversion again and confirm that this object is included. Reference: CVT-242"
PROCEDURE,CONTOSO.PKG_LOYALTY.redeem_points,FUNCTION,contoso.pkg_loyalty$redeem_points(),Not-Converted,yes,"Convert the required dependency first. Azure PostgreSQL code passed the compilation check, but this object is not included in the deployment script because it depends on a temporary version of the required dependency. Convert the dependency, then run conversion again and confirm that this object is included. Reference: CVT-242"
PROCEDURE,CONTOSO.PKG_LOYALTY.review_tiers,FUNCTION,contoso.pkg_loyalty$review_tiers(),Converted,no,
FUNCTION,CONTOSO.PKG_LOYALTY.tier_for_points,FUNCTION,contoso.pkg_loyalty$tier_for_points(),Not-Converted,yes,"Deployment or runtime will fail until this object is resolved. Deployable Azure PostgreSQL code could not be generated, and the object is not included in the deployment script even though objects in the script still call it. Correct the Oracle source and run conversion again, or implement and deploy the Azure PostgreSQL code separately before running the deployment script. Reference: CVT-384"
PACKAGE_BODY,CONTOSO.PKG_ORDER_MGMT,PACKAGE_BODY,contoso.pkg_order_mgmt,Converted,no,"Verify the related object. Azure PostgreSQL code was generated for this object, but this type of object does not get its own entry in the deployment script. Confirm that its behavior is present in the related object and test that object with representative data. Reference: CVT-121"
PACKAGE_STATE,CONTOSO.PKG_ORDER_MGMT.__state__,DOMAIN,contoso.pkg_order_mgmt$t_basket,Converted,no,
PACKAGE_STATE,CONTOSO.PKG_ORDER_MGMT.__state__,FUNCTION,contoso.pkg_order_mgmt$e_basket_empty(),Converted,no,
PACKAGE_STATE,CONTOSO.PKG_ORDER_MGMT.__state__,FUNCTION,contoso.pkg_order_mgmt$e_insufficient_stock(),Converted,no,
PACKAGE_STATE,CONTOSO.PKG_ORDER_MGMT.__state__,FUNCTION,contoso.pkg_order_mgmt$e_invalid_channel(),Converted,no,
PACKAGE_STATE,CONTOSO.PKG_ORDER_MGMT.__state__,FUNCTION,contoso.pkg_order_mgmt$e_price_expired(),Converted,no,
PACKAGE_STATE,CONTOSO.PKG_ORDER_MGMT.__state__,FUNCTION,contoso.pkg_order_mgmt$g_valid_channels(),Converted,no,
PACKAGE_STATE,CONTOSO.PKG_ORDER_MGMT.__state__,FUNCTION,contoso.pkg_order_mgmt$t_basket_count(),Converted,no,
PACKAGE_STATE,CONTOSO.PKG_ORDER_MGMT.__state__,FUNCTION,contoso.pkg_order_mgmt$t_basket_delete(),Converted,no,
PACKAGE_STATE,CONTOSO.PKG_ORDER_MGMT.__state__,FUNCTION,contoso.pkg_order_mgmt$t_basket_exists(),Converted,no,
PACKAGE_STATE,CONTOSO.PKG_ORDER_MGMT.__state__,FUNCTION,contoso.pkg_order_mgmt$t_basket_first(),Converted,no,
PACKAGE_STATE,CONTOSO.PKG_ORDER_MGMT.__state__,FUNCTION,contoso.pkg_order_mgmt$t_basket_get(),Converted,no,
PACKAGE_STATE,CONTOSO.PKG_ORDER_MGMT.__state__,FUNCTION,contoso.pkg_order_mgmt$t_basket_last(),Converted,no,
PACKAGE_STATE,CONTOSO.PKG_ORDER_MGMT.__state__,FUNCTION,contoso.pkg_order_mgmt$t_basket_next(),Converted,no,
PACKAGE_STATE,CONTOSO.PKG_ORDER_MGMT.__state__,FUNCTION,contoso.pkg_order_mgmt$t_basket_prior(),Converted,no,
PACKAGE_STATE,CONTOSO.PKG_ORDER_MGMT.__state__,FUNCTION,contoso.pkg_order_mgmt$t_basket_put(),Converted,no,
PACKAGE_STATE,CONTOSO.PKG_ORDER_MGMT.__state__,TYPE,contoso.pkg_order_mgmt$t_basket_entry,Converted,no,
PACKAGE_STATE,CONTOSO.PKG_ORDER_MGMT.__state__,TYPE,contoso.pkg_order_mgmt$t_basket_line,Converted,no,
PROCEDURE,CONTOSO.PKG_ORDER_MGMT.cancel_order,FUNCTION,contoso.pkg_order_mgmt$cancel_order(),Not-Converted,yes,"Convert the required dependency first. Azure PostgreSQL code passed the compilation check, but this object is not included in the deployment script because it depends on a temporary version of the required dependency. Convert the dependency, then run conversion again and confirm that this object is included. Reference: CVT-242"
PROCEDURE,CONTOSO.PKG_ORDER_MGMT.check_channel,FUNCTION,contoso.pkg_order_mgmt$check_channel(),Converted,no,
PROCEDURE,CONTOSO.PKG_ORDER_MGMT.check_stock,FUNCTION,contoso.pkg_order_mgmt$check_stock(),Converted,no,
FUNCTION,CONTOSO.PKG_ORDER_MGMT.line_price,FUNCTION,contoso.pkg_order_mgmt$line_price(),Converted,no,
FUNCTION,CONTOSO.PKG_ORDER_MGMT.order_value,FUNCTION,contoso.pkg_order_mgmt$order_value(),Converted,yes,
PROCEDURE,CONTOSO.PKG_ORDER_MGMT.place_order,FUNCTION,contoso.pkg_order_mgmt$place_order(),Not-Converted,yes,"Convert the required dependency first. Azure PostgreSQL code passed the compilation check, but this object is not included in the deployment script because it depends on a temporary version of the required dependency. Convert the dependency, then run conversion again and confirm that this object is included. Reference: CVT-242"
PROCEDURE,CONTOSO.PKG_ORDER_MGMT.validate_basket,,,Not-Converted,yes,Include this object in a new conversion run. The object was not converted. It was also left out of the current run and is not included in the deployment script. Include it in a subsequent run or implement and deploy it separately after testing. Reference: CVT-345
PACKAGE_BODY,CONTOSO.PKG_PRICING,PACKAGE_BODY,contoso.pkg_pricing,Converted,no,"Verify the related object. Azure PostgreSQL code was generated for this object, but this type of object does not get its own entry in the deployment script. Confirm that its behavior is present in the related object and test that object with representative data. Reference: CVT-121"
PACKAGE_STATE,CONTOSO.PKG_PRICING.__state__,FUNCTION,contoso.pkg_pricing$e_no_price_found(),Converted,no,
PACKAGE_STATE,CONTOSO.PKG_PRICING.__state__,FUNCTION,contoso.pkg_pricing$g_cache_hits$get(),Converted,no,
PACKAGE_STATE,CONTOSO.PKG_PRICING.__state__,FUNCTION,contoso.pkg_pricing$g_cache_hits$set(),Converted,no,
PACKAGE_STATE,CONTOSO.PKG_PRICING.__state__,FUNCTION,contoso.pkg_pricing$g_cache_misses$get(),Converted,no,
PACKAGE_STATE,CONTOSO.PKG_PRICING.__state__,FUNCTION,contoso.pkg_pricing$g_cache_misses$set(),Converted,no,
FUNCTION,CONTOSO.PKG_PRICING.cached_base_price,FUNCTION,contoso.pkg_pricing$cached_base_price(),Converted,yes,
FUNCTION,CONTOSO.PKG_PRICING.country_for_store,FUNCTION,contoso.pkg_pricing$country_for_store(),Converted,yes,
FUNCTION,CONTOSO.PKG_PRICING.effective_price,FUNCTION,contoso.pkg_pricing$effective_price(),Converted,yes,
FUNCTION,CONTOSO.PKG_PRICING.pick_winning_price,FUNCTION,contoso.pkg_pricing$pick_winning_price(),Converted,yes,
PROCEDURE,CONTOSO.PKG_PRICING.reset_cache,PROCEDURE,contoso.pkg_pricing$reset_cache(),Converted,no,
PROCEDURE,CONTOSO.PKG_PRICING.resolve_prices,FUNCTION,contoso.pkg_pricing$resolve_prices(),Converted,yes,
PACKAGE_BODY,CONTOSO.PKG_PURCHASING,PACKAGE_BODY,contoso.pkg_purchasing,Converted,no,"Verify the related object. Azure PostgreSQL code was generated for this object, but this type of object does not get its own entry in the deployment script. Confirm that its behavior is present in the related object and test that object with representative data. Reference: CVT-121"
PACKAGE_STATE,CONTOSO.PKG_PURCHASING.__state__,FUNCTION,contoso.pkg_purchasing$e_po_already_sent(),Converted,no,
PACKAGE_STATE,CONTOSO.PKG_PURCHASING.__state__,FUNCTION,contoso.pkg_purchasing$e_po_not_approved(),Converted,no,
PACKAGE_STATE,CONTOSO.PKG_PURCHASING.__state__,FUNCTION,contoso.pkg_purchasing$e_supplier_not_approved(),Converted,no,
PROCEDURE,CONTOSO.PKG_PURCHASING.add_po_line,PROCEDURE,contoso.pkg_purchasing$add_po_line(),Converted,no,
PROCEDURE,CONTOSO.PKG_PURCHASING.approve_po,PROCEDURE,contoso.pkg_purchasing$approve_po(),Not-Converted,yes,"Implement this object manually. Deployable Azure PostgreSQL code could not be generated, so the object is not included in the deployment script. Correct the Oracle source and run conversion again, or implement the Azure PostgreSQL code manually, test it, and deploy it separately. Reference: CVT-364"
PROCEDURE,CONTOSO.PKG_PURCHASING.cancel_po,FUNCTION,contoso.pkg_purchasing$cancel_po(),Converted,yes,
PROCEDURE,CONTOSO.PKG_PURCHASING.create_po,PROCEDURE,contoso.pkg_purchasing$create_po(),Not-Converted,yes,"Implement this object manually. Deployable Azure PostgreSQL code could not be generated, so the object is not included in the deployment script. Correct the Oracle source and run conversion again, or implement the Azure PostgreSQL code manually, test it, and deploy it separately. Reference: CVT-364"
FUNCTION,CONTOSO.PKG_PURCHASING.po_total,FUNCTION,contoso.pkg_purchasing$po_total(),Converted,yes,
PROCEDURE,CONTOSO.PKG_PURCHASING.rebuild_index,FUNCTION,contoso.pkg_purchasing$rebuild_index(),Converted,yes,
PROCEDURE,CONTOSO.PKG_PURCHASING.send_po,PROCEDURE,contoso.pkg_purchasing$send_po(),Not-Converted,yes,"Implement this object manually. Deployable Azure PostgreSQL code could not be generated, so the object is not included in the deployment script. Correct the Oracle source and run conversion again, or implement the Azure PostgreSQL code manually, test it, and deploy it separately. Reference: CVT-364"
PACKAGE_BODY,CONTOSO.PKG_RECEIVING,PACKAGE_BODY,contoso.pkg_receiving,Not-Converted,yes,"Verify that the functionality is present. Deployable Azure PostgreSQL code could not be generated for this object, and it has no separate entry in the deployment script. Check whether the related object contains its functionality; if it does not, implement the missing Azure PostgreSQL behavior, test it, and deploy it separately. Reference: CVT-124"
PACKAGE_STATE,CONTOSO.PKG_RECEIVING.__state__,DOMAIN,contoso.pkg_receiving$t_receipt_tab,Not-Converted,yes,"Review and correct the generated code. Best-effort Azure PostgreSQL code was generated, but it is not included in the deployment script and its behavior is unverified. Compare it with the source, correct it, and test it before deploying separately. Reference: CVT-366"
PACKAGE_STATE,CONTOSO.PKG_RECEIVING.__state__,FUNCTION,contoso.pkg_receiving$e_over_delivery(),Not-Converted,yes,"Review and correct the generated code. Best-effort Azure PostgreSQL code was generated, but it is not included in the deployment script and its behavior is unverified. Compare it with the source, correct it, and test it before deploying separately. Reference: CVT-366"
PACKAGE_STATE,CONTOSO.PKG_RECEIVING.__state__,TYPE,contoso.pkg_receiving$t_receipt_rec,Not-Converted,yes,"Review and correct the generated code. Best-effort Azure PostgreSQL code was generated, but it is not included in the deployment script and its behavior is unverified. Compare it with the source, correct it, and test it before deploying separately. Reference: CVT-366"
PROCEDURE,CONTOSO.PKG_RECEIVING.close_po_if_complete,FUNCTION,contoso.pkg_receiving$close_po_if_complete(),Not-Converted,yes,"Review and correct the generated code. Best-effort Azure PostgreSQL code was generated, but it is not included in the deployment script and its behavior is unverified. Compare it with the source, correct it, and test it before deploying separately. Reference: CVT-366"
PROCEDURE,CONTOSO.PKG_RECEIVING.post_receipts,FUNCTION,contoso.pkg_receiving$post_receipts(),Not-Converted,yes,"Review and correct the generated code. Best-effort Azure PostgreSQL code was generated, but it is not included in the deployment script and its behavior is unverified. Compare it with the source, correct it, and test it before deploying separately. Reference: CVT-366"
FUNCTION,CONTOSO.PKG_RECEIVING.tolerance_pct,FUNCTION,contoso.pkg_receiving$tolerance_pct(),Not-Converted,yes,"Review and correct the generated code. Best-effort Azure PostgreSQL code was generated, but it is not included in the deployment script and its behavior is unverified. Compare it with the source, correct it, and test it before deploying separately. Reference: CVT-366"
PACKAGE_BODY,CONTOSO.PKG_REPORTING,PACKAGE_BODY,contoso.pkg_reporting,Not-Converted,no,Review the incomplete package members. Some package members were converted and others were not; the package itself has no separate deployment entry. Review the member routines listed under this package. Each member that needs work is listed with its own reference. Reference: CVT-127
PACKAGE_STATE,CONTOSO.PKG_REPORTING.__state__,DOMAIN,contoso.pkg_reporting$t_store_day_tab,Converted,no,
PACKAGE_STATE,CONTOSO.PKG_REPORTING.__state__,TYPE,contoso.pkg_reporting$t_store_day_rec,Converted,no,
FUNCTION,CONTOSO.PKG_REPORTING.busy_store_ids,FUNCTION,contoso.pkg_reporting$busy_store_ids(),Converted,yes,
FUNCTION,CONTOSO.PKG_REPORTING.legacy_customer_orders,FUNCTION,contoso.pkg_reporting$legacy_customer_orders(),Converted,yes,
FUNCTION,CONTOSO.PKG_REPORTING.open_category_rollup,FUNCTION,contoso.pkg_reporting$open_category_rollup(),Not-Converted,yes,"Review and correct the generated code. Best-effort Azure PostgreSQL code was generated, but it is not included in the deployment script and its behavior is unverified. Compare it with the source, correct it, and test it before deploying separately. Reference: CVT-366"
FUNCTION,CONTOSO.PKG_REPORTING.open_sales_cursor,FUNCTION,contoso.pkg_reporting$open_sales_cursor(),Converted,yes,
PROCEDURE,CONTOSO.PKG_REPORTING.print_top_stores,FUNCTION,contoso.pkg_reporting$print_top_stores(),Not-Converted,yes,"Convert the required dependency first. Azure PostgreSQL code passed the compilation check, but this object is not included in the deployment script because it depends on a temporary version of the required dependency. Convert the dependency, then run conversion again and confirm that this object is included. Reference: CVT-242"
FUNCTION,CONTOSO.PKG_REPORTING.store_day_summary,FUNCTION,contoso.pkg_reporting$store_day_summary(),Converted,yes,
PACKAGE_BODY,CONTOSO.PKG_UTILS,PACKAGE_BODY,contoso.pkg_utils,Not-Converted,no,Review the incomplete package members. Some package members were converted and others were not; the package itself has no separate deployment entry. Review the member routines listed under this package. Each member that needs work is listed with its own reference. Reference: CVT-127
PACKAGE_STATE,CONTOSO.PKG_UTILS.__state__,FUNCTION,contoso.pkg_utils$g_call_count$get(),Converted,no,
PACKAGE_STATE,CONTOSO.PKG_UTILS.__state__,FUNCTION,contoso.pkg_utils$g_call_count$set(),Converted,no,
PACKAGE_STATE,CONTOSO.PKG_UTILS.__state__,FUNCTION,contoso.pkg_utils$g_fallback_base$get(),Converted,no,
PACKAGE_STATE,CONTOSO.PKG_UTILS.__state__,FUNCTION,contoso.pkg_utils$g_fallback_base$set(),Converted,no,
PACKAGE_STATE,CONTOSO.PKG_UTILS.__state__,FUNCTION,contoso.pkg_utils$g_fallback_seq$get(),Converted,no,
PACKAGE_STATE,CONTOSO.PKG_UTILS.__state__,FUNCTION,contoso.pkg_utils$g_fallback_seq$set(),Converted,no,
PACKAGE_STATE,CONTOSO.PKG_UTILS.__state__,FUNCTION,contoso.pkg_utils$g_nls_numeric$get(),Converted,no,
PACKAGE_STATE,CONTOSO.PKG_UTILS.__state__,FUNCTION,contoso.pkg_utils$g_nls_numeric$set(),Converted,no,
PROCEDURE,CONTOSO.PKG_UTILS.describe_store,FUNCTION,contoso.pkg_utils$describe_store(),Not-Converted,yes,"Review and correct the generated code. Best-effort Azure PostgreSQL code was generated, but it is not included in the deployment script and its behavior is unverified. Compare it with the source, correct it, and test it before deploying separately. Reference: CVT-366"
FUNCTION,CONTOSO.PKG_UTILS.long_notes_to_clob,FUNCTION,contoso.pkg_utils$long_notes_to_clob(),Not-Converted,yes,"Review and correct the generated code. Best-effort Azure PostgreSQL code was generated, but it is not included in the deployment script and its behavior is unverified. Compare it with the source, correct it, and test it before deploying separately. Reference: CVT-366"
FUNCTION,CONTOSO.PKG_UTILS.next_id,FUNCTION,contoso.pkg_utils$next_id(),Not-Converted,yes,"Review and correct the generated code. Best-effort Azure PostgreSQL code was generated, but it is not included in the deployment script and its behavior is unverified. Compare it with the source, correct it, and test it before deploying separately. Reference: CVT-366"
FUNCTION,CONTOSO.PKG_UTILS.normalise_text,FUNCTION,contoso.pkg_utils$normalise_text(),Not-Converted,yes,"Review and correct the generated code. Best-effort Azure PostgreSQL code was generated, but it is not included in the deployment script and its behavior is unverified. Compare it with the source, correct it, and test it before deploying separately. Reference: CVT-366"
PROCEDURE,CONTOSO.PKG_UTILS.set_numeric_characters,FUNCTION,contoso.pkg_utils$set_numeric_characters(),Not-Converted,yes,"Review and correct the generated code. Best-effort Azure PostgreSQL code was generated, but it is not included in the deployment script and its behavior is unverified. Compare it with the source, correct it, and test it before deploying separately. Reference: CVT-366"
FUNCTION,CONTOSO.PKG_UTILS.store_label,FUNCTION,contoso.pkg_utils$store_label(),Not-Converted,yes,"Review and correct the generated code. Best-effort Azure PostgreSQL code was generated, but it is not included in the deployment script and its behavior is unverified. Compare it with the source, correct it, and test it before deploying separately. Reference: CVT-366"
FUNCTION,CONTOSO.PKG_UTILS.to_display,FUNCTION,contoso.pkg_utils$to_display(p_value boolean),Not-Converted,yes,"Convert the required dependency and review the generated code. Best-effort Azure PostgreSQL code was generated, but this object depends on a temporary version of the required dependency and is not included in the deployment script. Convert the dependency, then run conversion again and confirm inclusion or correct the Azure PostgreSQL code, test it, and deploy it separately. Running conversion again replaces any edits you make to the generated code. Reference: CVT-246"
FUNCTION,CONTOSO.PKG_UTILS.to_display,FUNCTION,contoso.pkg_utils$to_display(p_value varchar),Not-Converted,yes,"Convert the required dependency first. Azure PostgreSQL code passed the compilation check, but this object is not included in the deployment script because it depends on a temporary version of the required dependency. Convert the dependency, then run conversion again and confirm that this object is included. Reference: CVT-242"
FUNCTION,CONTOSO.PKG_UTILS.to_display,FUNCTION,"contoso.pkg_utils$to_display(p_value varchar, p_max_len integer)",Not-Converted,yes,"Convert the required dependency first. Azure PostgreSQL code passed the compilation check, but this object is not included in the deployment script because it depends on a temporary version of the required dependency. Convert the dependency, then run conversion again and confirm that this object is included. Reference: CVT-242"
FUNCTION,CONTOSO.PKG_UTILS.to_display,FUNCTION,contoso.pkg_utils$to_display(p_value numeric),Not-Converted,yes,"Convert the required dependency first. Azure PostgreSQL code passed the compilation check, but this object is not included in the deployment script because it depends on a temporary version of the required dependency. Convert the dependency, then run conversion again and confirm that this object is included. Reference: CVT-242"
FUNCTION,CONTOSO.PKG_UTILS.to_display,FUNCTION,contoso.pkg_utils$to_display(p_value timestamp),Not-Converted,yes,"Convert the required dependency first. Azure PostgreSQL code passed the compilation check, but this object is not included in the deployment script because it depends on a temporary version of the required dependency. Convert the dependency, then run conversion again and confirm that this object is included. Reference: CVT-242"
FUNCTION,CONTOSO.PKG_UTILS.to_display,FUNCTION,contoso.pkg_utils$to_display(p_value contoso.t_money),Not-Converted,yes,"Convert the required dependency and review the generated code. Best-effort Azure PostgreSQL code was generated, but this object depends on a temporary version of the required dependency and is not included in the deployment script. Convert the dependency, then run conversion again and confirm inclusion or correct the Azure PostgreSQL code, test it, and deploy it separately. Running conversion again replaces any edits you make to the generated code. Reference: CVT-246"
FUNCTION,CONTOSO.PKG_UTILS.to_display,FUNCTION,"contoso.pkg_utils$to_display(p_value numeric, p_decimals integer)",Not-Converted,yes,"Convert the required dependency first. Azure PostgreSQL code passed the compilation check, but this object is not included in the deployment script because it depends on a temporary version of the required dependency. Convert the dependency, then run conversion again and confirm that this object is included. Reference: CVT-242"
FUNCTION,CONTOSO.PKG_UTILS.to_display,FUNCTION,"contoso.pkg_utils$to_display(p_value numeric, p_currency varchar)",Not-Converted,yes,"Convert the required dependency first. Azure PostgreSQL code passed the compilation check, but this object is not included in the deployment script because it depends on a temporary version of the required dependency. Convert the dependency, then run conversion again and confirm that this object is included. Reference: CVT-242"
FUNCTION,CONTOSO.PKG_UTILS.to_display,FUNCTION,"contoso.pkg_utils$to_display(p_value timestamp, p_format varchar)",Not-Converted,yes,"Convert the required dependency first. Azure PostgreSQL code passed the compilation check, but this object is not included in the deployment script because it depends on a temporary version of the required dependency. Convert the dependency, then run conversion again and confirm that this object is included. Reference: CVT-242"
PROCEDURE,CONTOSO.SP_APPLY_CONTACT_UPDATE,PROCEDURE,contoso.sp_apply_contact_update(),Converted,yes,
PROCEDURE,CONTOSO.SP_APPLY_PRICE_CHANGE_BATCH,PROCEDURE,contoso.sp_apply_price_change_batch(),Converted,no,
PROCEDURE,CONTOSO.SP_CLOSE_GL_PERIOD,PROCEDURE,contoso.sp_close_gl_period(),Converted,yes,
PROCEDURE,CONTOSO.SP_EXPIRE_PROMOTIONS,PROCEDURE,contoso.sp_expire_promotions(),Converted,yes,
PROCEDURE,CONTOSO.SP_EXPORT_DAILY_SALES,PROCEDURE,contoso.sp_export_daily_sales(),Converted,yes,
PROCEDURE,CONTOSO.SP_GEN_ARC_PURGE_001,PROCEDURE,contoso.sp_gen_arc_purge_001(),Converted,no,
PROCEDURE,CONTOSO.SP_GEN_ARC_PURGE_002,PROCEDURE,contoso.sp_gen_arc_purge_002(),Converted,no,
PROCEDURE,CONTOSO.SP_GEN_ARC_PURGE_003,PROCEDURE,contoso.sp_gen_arc_purge_003(),Converted,no,
PROCEDURE,CONTOSO.SP_GEN_ARC_PURGE_004,PROCEDURE,contoso.sp_gen_arc_purge_004(),Converted,no,
PROCEDURE,CONTOSO.SP_GEN_ARC_PURGE_005,PROCEDURE,contoso.sp_gen_arc_purge_005(),Converted,no,
PROCEDURE,CONTOSO.SP_GEN_ARC_PURGE_006,PROCEDURE,contoso.sp_gen_arc_purge_006(),Converted,no,
PROCEDURE,CONTOSO.SP_GEN_ARC_PURGE_007,PROCEDURE,contoso.sp_gen_arc_purge_007(),Converted,no,
PROCEDURE,CONTOSO.SP_GEN_ARC_PURGE_008,PROCEDURE,contoso.sp_gen_arc_purge_008(),Converted,no,
PROCEDURE,CONTOSO.SP_GEN_ARC_PURGE_009,PROCEDURE,contoso.sp_gen_arc_purge_009(),Converted,no,
PROCEDURE,CONTOSO.SP_GEN_ARC_PURGE_010,PROCEDURE,contoso.sp_gen_arc_purge_010(),Converted,no,
PROCEDURE,CONTOSO.SP_GEN_ARC_PURGE_011,PROCEDURE,contoso.sp_gen_arc_purge_011(),Converted,no,
PROCEDURE,CONTOSO.SP_GEN_ARC_PURGE_012,PROCEDURE,contoso.sp_gen_arc_purge_012(),Converted,no,
PROCEDURE,CONTOSO.SP_GEN_CAT_STAGE_001,PROCEDURE,contoso.sp_gen_cat_stage_001(),Converted,yes,
PROCEDURE,CONTOSO.SP_GEN_CAT_STAGE_002,PROCEDURE,contoso.sp_gen_cat_stage_002(),Converted,no,
PROCEDURE,CONTOSO.SP_GEN_CAT_STAGE_003,PROCEDURE,contoso.sp_gen_cat_stage_003(),Converted,yes,
PROCEDURE,CONTOSO.SP_GEN_CAT_STAGE_004,PROCEDURE,contoso.sp_gen_cat_stage_004(),Converted,no,
PROCEDURE,CONTOSO.SP_GEN_CAT_STAGE_005,PROCEDURE,contoso.sp_gen_cat_stage_005(),Converted,yes,
PROCEDURE,CONTOSO.SP_GEN_CAT_STAGE_006,PROCEDURE,contoso.sp_gen_cat_stage_006(),Converted,no,
PROCEDURE,CONTOSO.SP_GEN_CAT_STAGE_007,PROCEDURE,contoso.sp_gen_cat_stage_007(),Converted,yes,
PROCEDURE,CONTOSO.SP_GEN_CAT_STAGE_008,PROCEDURE,contoso.sp_gen_cat_stage_008(),Converted,no,
PROCEDURE,CONTOSO.SP_GEN_CAT_STAGE_009,PROCEDURE,contoso.sp_gen_cat_stage_009(),Converted,yes,
PROCEDURE,CONTOSO.SP_GEN_CAT_STAGE_010,PROCEDURE,contoso.sp_gen_cat_stage_010(),Converted,no,
PROCEDURE,CONTOSO.SP_GEN_CAT_STAGE_011,PROCEDURE,contoso.sp_gen_cat_stage_011(),Converted,yes,
PROCEDURE,CONTOSO.SP_GEN_CAT_STAGE_012,PROCEDURE,contoso.sp_gen_cat_stage_012(),Converted,no,
PROCEDURE,CONTOSO.SP_GEN_CAT_STAGE_013,PROCEDURE,contoso.sp_gen_cat_stage_013(),Converted,yes,
PROCEDURE,CONTOSO.SP_GEN_CAT_STAGE_014,PROCEDURE,contoso.sp_gen_cat_stage_014(),Converted,no,
PROCEDURE,CONTOSO.SP_GEN_CAT_STAGE_015,PROCEDURE,contoso.sp_gen_cat_stage_015(),Converted,yes,
PROCEDURE,CONTOSO.SP_GEN_CAT_STAGE_016,PROCEDURE,contoso.sp_gen_cat_stage_016(),Converted,no,
PROCEDURE,CONTOSO.SP_GEN_CAT_STAGE_017,PROCEDURE,contoso.sp_gen_cat_stage_017(),Converted,yes,
PROCEDURE,CONTOSO.SP_GEN_CAT_STAGE_018,PROCEDURE,contoso.sp_gen_cat_stage_018(),Converted,no,
PROCEDURE,CONTOSO.SP_GEN_IFC_DISP_001,PROCEDURE,contoso.sp_gen_ifc_disp_001(),Converted,yes,
PROCEDURE,CONTOSO.SP_GEN_IFC_DISP_002,PROCEDURE,contoso.sp_gen_ifc_disp_002(),Converted,yes,
PROCEDURE,CONTOSO.SP_GEN_IFC_DISP_003,PROCEDURE,contoso.sp_gen_ifc_disp_003(),Converted,yes,
PROCEDURE,CONTOSO.SP_GEN_IFC_DISP_004,PROCEDURE,contoso.sp_gen_ifc_disp_004(),Converted,yes,
PROCEDURE,CONTOSO.SP_GEN_IFC_DISP_005,PROCEDURE,contoso.sp_gen_ifc_disp_005(),Converted,yes,
PROCEDURE,CONTOSO.SP_GEN_IFC_DISP_006,PROCEDURE,contoso.sp_gen_ifc_disp_006(),Converted,yes,
PROCEDURE,CONTOSO.SP_GEN_IFC_DISP_007,PROCEDURE,contoso.sp_gen_ifc_disp_007(),Converted,yes,
PROCEDURE,CONTOSO.SP_GEN_IFC_DISP_008,PROCEDURE,contoso.sp_gen_ifc_disp_008(),Converted,yes,
PROCEDURE,CONTOSO.SP_GEN_IFC_DISP_009,PROCEDURE,contoso.sp_gen_ifc_disp_009(),Converted,yes,
PROCEDURE,CONTOSO.SP_GEN_IFC_DISP_010,PROCEDURE,contoso.sp_gen_ifc_disp_010(),Converted,yes,
PROCEDURE,CONTOSO.SP_GEN_IFC_DISP_011,PROCEDURE,contoso.sp_gen_ifc_disp_011(),Converted,yes,
PROCEDURE,CONTOSO.SP_GEN_IFC_DISP_012,PROCEDURE,contoso.sp_gen_ifc_disp_012(),Converted,yes,
PROCEDURE,CONTOSO.SP_GEN_IFC_DISP_013,PROCEDURE,contoso.sp_gen_ifc_disp_013(),Converted,yes,
PROCEDURE,CONTOSO.SP_GEN_IFC_DISP_014,PROCEDURE,contoso.sp_gen_ifc_disp_014(),Converted,yes,
PROCEDURE,CONTOSO.SP_GEN_IFC_DISP_015,PROCEDURE,contoso.sp_gen_ifc_disp_015(),Converted,yes,
PROCEDURE,CONTOSO.SP_GEN_REG_REFRESH_001,PROCEDURE,contoso.sp_gen_reg_refresh_001(),Converted,no,
PROCEDURE,CONTOSO.SP_GEN_REG_REFRESH_002,PROCEDURE,contoso.sp_gen_reg_refresh_002(),Converted,no,
PROCEDURE,CONTOSO.SP_GEN_REG_REFRESH_003,PROCEDURE,contoso.sp_gen_reg_refresh_003(),Converted,no,
PROCEDURE,CONTOSO.SP_GEN_REG_REFRESH_004,PROCEDURE,contoso.sp_gen_reg_refresh_004(),Converted,no,
PROCEDURE,CONTOSO.SP_GEN_REG_REFRESH_005,PROCEDURE,contoso.sp_gen_reg_refresh_005(),Converted,no,
PROCEDURE,CONTOSO.SP_GEN_REG_REFRESH_006,PROCEDURE,contoso.sp_gen_reg_refresh_006(),Converted,no,
PROCEDURE,CONTOSO.SP_GEN_REG_REFRESH_007,PROCEDURE,contoso.sp_gen_reg_refresh_007(),Converted,no,
PROCEDURE,CONTOSO.SP_GEN_REG_REFRESH_008,PROCEDURE,contoso.sp_gen_reg_refresh_008(),Converted,no,
PROCEDURE,CONTOSO.SP_GEN_REG_REFRESH_009,PROCEDURE,contoso.sp_gen_reg_refresh_009(),Converted,no,
PROCEDURE,CONTOSO.SP_GEN_REG_REFRESH_010,PROCEDURE,contoso.sp_gen_reg_refresh_010(),Converted,no,
PROCEDURE,CONTOSO.SP_GEN_REG_REFRESH_011,PROCEDURE,contoso.sp_gen_reg_refresh_011(),Converted,no,
PROCEDURE,CONTOSO.SP_GEN_REG_REFRESH_012,PROCEDURE,contoso.sp_gen_reg_refresh_012(),Converted,no,
PROCEDURE,CONTOSO.SP_GEN_REG_REFRESH_013,PROCEDURE,contoso.sp_gen_reg_refresh_013(),Converted,no,
PROCEDURE,CONTOSO.SP_GEN_REG_REFRESH_014,PROCEDURE,contoso.sp_gen_reg_refresh_014(),Converted,no,
PROCEDURE,CONTOSO.SP_GEN_REG_REFRESH_015,PROCEDURE,contoso.sp_gen_reg_refresh_015(),Converted,no,
PROCEDURE,CONTOSO.SP_GEN_REG_REFRESH_016,PROCEDURE,contoso.sp_gen_reg_refresh_016(),Converted,no,
PROCEDURE,CONTOSO.SP_GEN_REG_REFRESH_017,PROCEDURE,contoso.sp_gen_reg_refresh_017(),Converted,no,
PROCEDURE,CONTOSO.SP_GEN_REG_REFRESH_018,PROCEDURE,contoso.sp_gen_reg_refresh_018(),Converted,no,
PROCEDURE,CONTOSO.SP_GEN_REG_REFRESH_019,PROCEDURE,contoso.sp_gen_reg_refresh_019(),Converted,no,
PROCEDURE,CONTOSO.SP_GEN_REG_REFRESH_020,PROCEDURE,contoso.sp_gen_reg_refresh_020(),Converted,no,
PROCEDURE,CONTOSO.SP_GEN_REG_REFRESH_021,PROCEDURE,contoso.sp_gen_reg_refresh_021(),Converted,no,
PROCEDURE,CONTOSO.SP_GEN_REG_REFRESH_022,PROCEDURE,contoso.sp_gen_reg_refresh_022(),Converted,no,
PROCEDURE,CONTOSO.SP_GEN_REG_REFRESH_023,PROCEDURE,contoso.sp_gen_reg_refresh_023(),Converted,no,
PROCEDURE,CONTOSO.SP_GEN_REG_REFRESH_024,PROCEDURE,contoso.sp_gen_reg_refresh_024(),Converted,no,
PROCEDURE,CONTOSO.SP_GEN_REG_REFRESH_025,PROCEDURE,contoso.sp_gen_reg_refresh_025(),Converted,no,
PROCEDURE,CONTOSO.SP_GEN_RULE_APPLY_001,PROCEDURE,contoso.sp_gen_rule_apply_001(),Not-Converted,yes,"Convert the required dependency first. Azure PostgreSQL code passed the compilation check, but this object is not included in the deployment script because it depends on a temporary version of the required dependency. Convert the dependency, then run conversion again and confirm that this object is included. Reference: CVT-242"
PROCEDURE,CONTOSO.SP_GEN_RULE_APPLY_002,PROCEDURE,contoso.sp_gen_rule_apply_002(),Not-Converted,yes,"Convert the required dependency first. Azure PostgreSQL code passed the compilation check, but this object is not included in the deployment script because it depends on a temporary version of the required dependency. Convert the dependency, then run conversion again and confirm that this object is included. Reference: CVT-242"
PROCEDURE,CONTOSO.SP_GEN_RULE_APPLY_003,PROCEDURE,contoso.sp_gen_rule_apply_003(),Not-Converted,yes,"Convert the required dependency first. Azure PostgreSQL code passed the compilation check, but this object is not included in the deployment script because it depends on a temporary version of the required dependency. Convert the dependency, then run conversion again and confirm that this object is included. Reference: CVT-242"
PROCEDURE,CONTOSO.SP_GEN_RULE_APPLY_004,PROCEDURE,contoso.sp_gen_rule_apply_004(),Converted,yes,
PROCEDURE,CONTOSO.SP_GEN_RULE_APPLY_005,PROCEDURE,contoso.sp_gen_rule_apply_005(),Not-Converted,yes,"Review and correct the generated code. Best-effort Azure PostgreSQL code was generated, but it is not included in the deployment script and its behavior is unverified. Compare it with the source, correct it, and test it before deploying separately. Reference: CVT-366"
PROCEDURE,CONTOSO.SP_GEN_RULE_APPLY_006,PROCEDURE,contoso.sp_gen_rule_apply_006(),Not-Converted,yes,"Review and correct the generated code. Best-effort Azure PostgreSQL code was generated, but it is not included in the deployment script and its behavior is unverified. Compare it with the source, correct it, and test it before deploying separately. Reference: CVT-366"
PROCEDURE,CONTOSO.SP_GEN_RULE_APPLY_007,PROCEDURE,contoso.sp_gen_rule_apply_007(),Not-Converted,yes,"Review and correct the generated code. Best-effort Azure PostgreSQL code was generated, but it is not included in the deployment script and its behavior is unverified. Compare it with the source, correct it, and test it before deploying separately. Reference: CVT-366"
PROCEDURE,CONTOSO.SP_GEN_RULE_APPLY_008,PROCEDURE,contoso.sp_gen_rule_apply_008(),Converted,yes,
PROCEDURE,CONTOSO.SP_GEN_RULE_APPLY_009,PROCEDURE,contoso.sp_gen_rule_apply_009(),Not-Converted,yes,"Review and correct the generated code. Best-effort Azure PostgreSQL code was generated, but it is not included in the deployment script and its behavior is unverified. Compare it with the source, correct it, and test it before deploying separately. Reference: CVT-366"
PROCEDURE,CONTOSO.SP_GEN_RULE_APPLY_010,PROCEDURE,contoso.sp_gen_rule_apply_010(),Not-Converted,yes,"Review and correct the generated code. Best-effort Azure PostgreSQL code was generated, but it is not included in the deployment script and its behavior is unverified. Compare it with the source, correct it, and test it before deploying separately. Reference: CVT-366"
PROCEDURE,CONTOSO.SP_GEN_RULE_APPLY_011,PROCEDURE,contoso.sp_gen_rule_apply_011(),Not-Converted,yes,"Review and correct the generated code. Best-effort Azure PostgreSQL code was generated, but it is not included in the deployment script and its behavior is unverified. Compare it with the source, correct it, and test it before deploying separately. Reference: CVT-366"
PROCEDURE,CONTOSO.SP_GEN_RULE_APPLY_012,PROCEDURE,contoso.sp_gen_rule_apply_012(),Converted,yes,
PROCEDURE,CONTOSO.SP_GEN_RULE_APPLY_013,PROCEDURE,contoso.sp_gen_rule_apply_013(),Not-Converted,yes,"Review and correct the generated code. Best-effort Azure PostgreSQL code was generated, but it is not included in the deployment script and its behavior is unverified. Compare it with the source, correct it, and test it before deploying separately. Reference: CVT-366"
PROCEDURE,CONTOSO.SP_GEN_RULE_APPLY_014,PROCEDURE,contoso.sp_gen_rule_apply_014(),Not-Converted,yes,"Review and correct the generated code. Best-effort Azure PostgreSQL code was generated, but it is not included in the deployment script and its behavior is unverified. Compare it with the source, correct it, and test it before deploying separately. Reference: CVT-366"
PROCEDURE,CONTOSO.SP_GEN_RULE_APPLY_015,PROCEDURE,contoso.sp_gen_rule_apply_015(),Not-Converted,yes,"Review and correct the generated code. Best-effort Azure PostgreSQL code was generated, but it is not included in the deployment script and its behavior is unverified. Compare it with the source, correct it, and test it before deploying separately. Reference: CVT-366"
PROCEDURE,CONTOSO.SP_GEN_RULE_APPLY_016,PROCEDURE,contoso.sp_gen_rule_apply_016(),Converted,yes,
PROCEDURE,CONTOSO.SP_GEN_RULE_APPLY_017,PROCEDURE,contoso.sp_gen_rule_apply_017(),Not-Converted,yes,"Review and correct the generated code. Best-effort Azure PostgreSQL code was generated, but it is not included in the deployment script and its behavior is unverified. Compare it with the source, correct it, and test it before deploying separately. Reference: CVT-366"
PROCEDURE,CONTOSO.SP_GEN_RULE_APPLY_018,PROCEDURE,contoso.sp_gen_rule_apply_018(),Not-Converted,yes,"Review and correct the generated code. Best-effort Azure PostgreSQL code was generated, but it is not included in the deployment script and its behavior is unverified. Compare it with the source, correct it, and test it before deploying separately. Reference: CVT-366"
PROCEDURE,CONTOSO.SP_GEN_RULE_APPLY_019,PROCEDURE,contoso.sp_gen_rule_apply_019(),Not-Converted,yes,"Review and correct the generated code. Best-effort Azure PostgreSQL code was generated, but it is not included in the deployment script and its behavior is unverified. Compare it with the source, correct it, and test it before deploying separately. Reference: CVT-366"
PROCEDURE,CONTOSO.SP_GEN_RULE_APPLY_020,PROCEDURE,contoso.sp_gen_rule_apply_020(),Converted,yes,
PROCEDURE,CONTOSO.SP_GEN_RULE_APPLY_021,PROCEDURE,contoso.sp_gen_rule_apply_021(),Converted,yes,
PROCEDURE,CONTOSO.SP_GEN_RULE_APPLY_022,PROCEDURE,contoso.sp_gen_rule_apply_022(),Converted,yes,
PROCEDURE,CONTOSO.SP_GEN_RULE_APPLY_023,PROCEDURE,contoso.sp_gen_rule_apply_023(),Converted,yes,
PROCEDURE,CONTOSO.SP_GEN_RULE_APPLY_024,PROCEDURE,contoso.sp_gen_rule_apply_024(),Converted,yes,
PROCEDURE,CONTOSO.SP_GEN_RULE_APPLY_025,PROCEDURE,contoso.sp_gen_rule_apply_025(),Converted,yes,
PROCEDURE,CONTOSO.SP_GEN_RULE_APPLY_025,SEQUENCE,contoso.seq_gen_audit_036,Converted,yes,
PROCEDURE,CONTOSO.SP_GEN_RULE_APPLY_026,PROCEDURE,contoso.sp_gen_rule_apply_026(),Not-Converted,yes,"Review and correct the generated code. Best-effort Azure PostgreSQL code was generated, but it is not included in the deployment script and its behavior is unverified. Compare it with the source, correct it, and test it before deploying separately. Reference: CVT-366"
PROCEDURE,CONTOSO.SP_GEN_RULE_APPLY_027,PROCEDURE,contoso.sp_gen_rule_apply_027(),Not-Converted,yes,"Review and correct the generated code. Best-effort Azure PostgreSQL code was generated, but it is not included in the deployment script and its behavior is unverified. Compare it with the source, correct it, and test it before deploying separately. Reference: CVT-366"
PROCEDURE,CONTOSO.SP_GEN_RULE_APPLY_028,PROCEDURE,contoso.sp_gen_rule_apply_028(),Converted,yes,
PROCEDURE,CONTOSO.SP_GEN_RULE_APPLY_029,PROCEDURE,contoso.sp_gen_rule_apply_029(),Not-Converted,yes,"Review and correct the generated code. Best-effort Azure PostgreSQL code was generated, but it is not included in the deployment script and its behavior is unverified. Compare it with the source, correct it, and test it before deploying separately. Reference: CVT-366"
PROCEDURE,CONTOSO.SP_GEN_RULE_APPLY_030,PROCEDURE,contoso.sp_gen_rule_apply_030(),Not-Converted,yes,"Review and correct the generated code. Best-effort Azure PostgreSQL code was generated, but it is not included in the deployment script and its behavior is unverified. Compare it with the source, correct it, and test it before deploying separately. Reference: CVT-366"
PROCEDURE,CONTOSO.SP_POST_SALES_JOURNAL,PROCEDURE,contoso.sp_post_sales_journal(),Converted,yes,
PROCEDURE,CONTOSO.SP_PURGE_AUDIT_LOG,PROCEDURE,contoso.sp_purge_audit_log(),Not-Converted,yes,"Review and correct the generated code. Best-effort Azure PostgreSQL code was generated, but it is not included in the deployment script and its behavior is unverified. Compare it with the source, correct it, and test it before deploying separately. Reference: CVT-366"
PROCEDURE,CONTOSO.SP_REBUILD_CATEGORY_PATHS,PROCEDURE,contoso.sp_rebuild_category_paths(),Not-Converted,yes,"Review and correct the generated code. Best-effort Azure PostgreSQL code was generated, but it is not included in the deployment script and its behavior is unverified. Compare it with the source, correct it, and test it before deploying separately. Reference: CVT-366"
PROCEDURE,CONTOSO.SP_RECALC_INVENTORY_SNAPSHOT,PROCEDURE,contoso.sp_recalc_inventory_snapshot(),Converted,yes,
PROCEDURE,CONTOSO.SP_REFRESH_REPORTING_LAYER,PROCEDURE,contoso.sp_refresh_reporting_layer(),Not-Converted,yes,"Convert the required dependency first. Azure PostgreSQL code passed the compilation check, but this object is not included in the deployment script because it depends on a temporary version of the required dependency. Convert the dependency, then run conversion again and confirm that this object is included. Reference: CVT-242"
PROCEDURE,CONTOSO.SP_REINDEX_SEARCH_KEYS,PROCEDURE,contoso.sp_reindex_search_keys(),Converted,no,
PROCEDURE,CONTOSO.SP_SEED_DEMO_DATA,PROCEDURE,contoso.sp_seed_demo_data(),Converted,yes,
REF_CONSTRAINT,CONTOSO.ADDRESS,CONSTRAINT,contoso.fk_address_country ON contoso.address,Not-Converted,yes,"Deployment or runtime will fail until this object is resolved. Azure PostgreSQL code passed the compilation check, but the object is not included in the deployment script even though objects in the script still call it. Run conversion again and confirm inclusion, or test and deploy the code separately before running the deployment script. Running conversion again replaces any edits you make to the generated code. Reference: CVT-382"
REF_CONSTRAINT,CONTOSO.BRAND,CONSTRAINT,contoso.fk_brand_supplier ON contoso.brand,Converted,no,
REF_CONSTRAINT,CONTOSO.COUNTRY,CONSTRAINT,contoso.fk_country_currency ON contoso.country,Converted,no,
REF_CONSTRAINT,CONTOSO.COUPON,REF_CONSTRAINT,contoso.coupon,Converted,no,
REF_CONSTRAINT,CONTOSO.CUSTOMER,CONSTRAINT,contoso.fk_customer_address ON contoso.customer,Not-Converted,yes,"Manual review required. Azure PostgreSQL code passed the compilation check, but the object is not included in the deployment script. Review its behavior, then deploy it separately after testing. Reference: CVT-362"
REF_CONSTRAINT,CONTOSO.CUSTOMER,CONSTRAINT,contoso.fk_customer_country ON contoso.customer,Not-Converted,yes,"Manual review required. Azure PostgreSQL code passed the compilation check, but the object is not included in the deployment script. Review its behavior, then deploy it separately after testing. Reference: CVT-362"
REF_CONSTRAINT,CONTOSO.CUSTOMER,CONSTRAINT,contoso.fk_customer_store ON contoso.customer,Not-Converted,yes,"Manual review required. Azure PostgreSQL code passed the compilation check, but the object is not included in the deployment script. Review its behavior, then deploy it separately after testing. Reference: CVT-362"
REF_CONSTRAINT,CONTOSO.CUSTOMER_ADDRESS,REF_CONSTRAINT,contoso.customer_address,Not-Converted,yes,"Convert the required dependency first. Azure PostgreSQL code passed the compilation check, but this object is not included in the deployment script because it depends on a temporary version of the required dependency. Convert the dependency, then run conversion again and confirm that this object is included. Reference: CVT-242"
REF_CONSTRAINT,CONTOSO.EMPLOYEE,TABLE,contoso.store,Not-Converted,yes,"Review and correct the generated code. Best-effort Azure PostgreSQL code was generated, but it is not included in the deployment script and its behavior is unverified. Compare it with the source, correct it, and test it before deploying separately. Reference: CVT-366"
REF_CONSTRAINT,CONTOSO.EMPLOYEE,CONSTRAINT,contoso.FK_EMPLOYEE_CURRENCY ON contoso.employee,Not-Converted,yes,"Review and correct the generated code. Best-effort Azure PostgreSQL code was generated, but it is not included in the deployment script and its behavior is unverified. Compare it with the source, correct it, and test it before deploying separately. Reference: CVT-366"
REF_CONSTRAINT,CONTOSO.EMPLOYEE,CONSTRAINT,contoso.FK_EMPLOYEE_MANAGER ON contoso.employee,Not-Converted,yes,"Review and correct the generated code. Best-effort Azure PostgreSQL code was generated, but it is not included in the deployment script and its behavior is unverified. Compare it with the source, correct it, and test it before deploying separately. Reference: CVT-366"
REF_CONSTRAINT,CONTOSO.EMPLOYEE,CONSTRAINT,contoso.FK_EMPLOYEE_STORE ON contoso.employee,Not-Converted,yes,"Review and correct the generated code. Best-effort Azure PostgreSQL code was generated, but it is not included in the deployment script and its behavior is unverified. Compare it with the source, correct it, and test it before deploying separately. Reference: CVT-366"
REF_CONSTRAINT,CONTOSO.EXCHANGE_RATE,REF_CONSTRAINT,contoso.exchange_rate,Converted,no,
REF_CONSTRAINT,CONTOSO.GL_ACCOUNT,REF_CONSTRAINT,contoso.gl_account,Converted,no,
REF_CONSTRAINT,CONTOSO.GL_JOURNAL,REF_CONSTRAINT,contoso.gl_journal,Converted,no,
REF_CONSTRAINT,CONTOSO.GL_JOURNAL_LINE,CONSTRAINT,contoso.fk_gljl_account ON contoso.gl_journal_line,Not-Converted,yes,"Manual review required. Azure PostgreSQL code passed the compilation check, but the object is not included in the deployment script. Review its behavior, then deploy it separately after testing. Reference: CVT-362"
REF_CONSTRAINT,CONTOSO.GOODS_RECEIPT,CONSTRAINT,contoso.fk_gr_po_line ON contoso.goods_receipt,Converted,no,
REF_CONSTRAINT,CONTOSO.INVENTORY_LOCATION,REF_CONSTRAINT,contoso.inventory_location,Converted,no,
REF_CONSTRAINT,CONTOSO.INVENTORY_MOVEMENT,CONSTRAINT,contoso.fk_movement_from_loc ON contoso.inventory_movement,Converted,no,
REF_CONSTRAINT,CONTOSO.INVENTORY_STOCK,REF_CONSTRAINT,contoso.inventory_stock,Converted,no,
REF_CONSTRAINT,CONTOSO.LOYALTY_ACCOUNT,REF_CONSTRAINT,contoso.loyalty_account,Converted,no,
REF_CONSTRAINT,CONTOSO.LOYALTY_TRANSACTION,CONSTRAINT,contoso.fk_loytxn_account ON contoso.loyalty_transaction,Converted,no,
REF_CONSTRAINT,CONTOSO.ORDER_PAYMENT,REF_CONSTRAINT,contoso.order_payment,Not-Converted,yes,"Convert the required dependency first. Azure PostgreSQL code passed the compilation check, but this object is not included in the deployment script because it depends on a temporary version of the required dependency. Convert the dependency, then run conversion again and confirm that this object is included. Reference: CVT-242"
REF_CONSTRAINT,CONTOSO.PRICE_LIST,REF_CONSTRAINT,contoso.price_list,Converted,no,
REF_CONSTRAINT,CONTOSO.PRICE_LIST_ITEM,CONSTRAINT,contoso.fk_pli_price_list ON contoso.price_list_item,Converted,no,
REF_CONSTRAINT,CONTOSO.PRODUCT,REF_CONSTRAINT,contoso.product,Not-Converted,yes,"Deployment or runtime will fail until this object is resolved. Azure PostgreSQL code passed the compilation check, but the object is not included in the deployment script even though objects in the script still call it. Run conversion again and confirm inclusion, or test and deploy the code separately before running the deployment script. Running conversion again replaces any edits you make to the generated code. Reference: CVT-382"
REF_CONSTRAINT,CONTOSO.PRODUCT_CATEGORY,CONSTRAINT,contoso.fk_category_parent ON contoso.product_category,Converted,no,
REF_CONSTRAINT,CONTOSO.PRODUCT_VARIANT,CONSTRAINT,contoso.fk_variant_product ON contoso.product_variant,Not-Converted,yes,"Convert the required dependency first. Azure PostgreSQL code passed the compilation check, but this object is not included in the deployment script because it depends on a temporary version of the required dependency. Convert the dependency, then run conversion again and confirm that this object is included. Reference: CVT-242"
REF_CONSTRAINT,CONTOSO.PROMOTION,CONSTRAINT,contoso.fk_promotion_country ON contoso.promotion,Converted,no,
REF_CONSTRAINT,CONTOSO.PROMOTION_PRODUCT,REF_CONSTRAINT,contoso.promotion_product,Converted,no,
REF_CONSTRAINT,CONTOSO.PURCHASE_ORDER,CONSTRAINT,contoso.fk_po_approver ON contoso.purchase_order,Converted,no,
REF_CONSTRAINT,CONTOSO.PURCHASE_ORDER_LINE,REF_CONSTRAINT,contoso.purchase_order_line,Converted,no,
REF_CONSTRAINT,CONTOSO.REGION,CONSTRAINT,contoso.fk_region_country ON contoso.region,Converted,no,
REF_CONSTRAINT,CONTOSO.RETURN_LINE,REF_CONSTRAINT,contoso.return_line,Not-Converted,yes,"Convert the required dependency first. Azure PostgreSQL code passed the compilation check, but this object is not included in the deployment script because it depends on a temporary version of the required dependency. Convert the dependency, then run conversion again and confirm that this object is included. Reference: CVT-242"
REF_CONSTRAINT,CONTOSO.RETURN_REQUEST,INDEX,contoso.sales_order_order_id_uk_idx,Not-Converted,yes,"Review and correct the generated code. Best-effort Azure PostgreSQL code was generated, but it is not included in the deployment script and its behavior is unverified. Compare it with the source, correct it, and test it before deploying separately. Reference: CVT-366"
REF_CONSTRAINT,CONTOSO.RETURN_REQUEST,CONSTRAINT,contoso.sales_order_order_id_uk ON contoso.sales_order,Not-Converted,yes,"Review and correct the generated code. Best-effort Azure PostgreSQL code was generated, but it is not included in the deployment script and its behavior is unverified. Compare it with the source, correct it, and test it before deploying separately. Reference: CVT-366"
REF_CONSTRAINT,CONTOSO.SALES_ORDER,CONSTRAINT,contoso.FK_SO_BILL_ADDRESS ON contoso.sales_order,Not-Converted,yes,"Manual review required. Azure PostgreSQL code passed the compilation check, but the object is not included in the deployment script. Review its behavior, then deploy it separately after testing. Reference: CVT-362"
REF_CONSTRAINT,CONTOSO.SALES_ORDER_LINE,CONSTRAINT,contoso.fk_sol_location ON contoso.sales_order_line,Not-Converted,yes,"Deployment or runtime will fail until this object is resolved. Azure PostgreSQL code was generated, but the object is not included in the deployment script even though objects in the script still call it. Run conversion again and confirm inclusion, or test and deploy the generated code separately before running the deployment script. Running conversion again replaces any edits you make to the generated code. Reference: CVT-381"
REF_CONSTRAINT,CONTOSO.SHIPMENT,CONSTRAINT,contoso.fk_shipment_carrier ON contoso.shipment,Not-Converted,yes,"Resolve the required dependency. Azure PostgreSQL code was generated, but this object is not included in the deployment script because the required dependency is not ready. Convert the dependency first, then run conversion again and confirm that this object is included. Reference: CVT-141"
REF_CONSTRAINT,CONTOSO.SHIPMENT_LINE,REF_CONSTRAINT,contoso.shipment_line,Not-Converted,yes,"Convert the required dependency first. Azure PostgreSQL code passed the compilation check, but this object is not included in the deployment script because it depends on a temporary version of the required dependency. Convert the dependency, then run conversion again and confirm that this object is included. Reference: CVT-242"
REF_CONSTRAINT,CONTOSO.STORE,REF_CONSTRAINT,contoso.store,Converted,no,
REF_CONSTRAINT,CONTOSO.SUPPLIER,CONSTRAINT,contoso.fk_supplier_address ON contoso.supplier,Not-Converted,yes,"Convert the required dependency first. Azure PostgreSQL code passed the compilation check, but this object is not included in the deployment script because it depends on a temporary version of the required dependency. Convert the dependency, then run conversion again and confirm that this object is included. Reference: CVT-242"
REF_CONSTRAINT,CONTOSO.SUPPLIER_PRODUCT,CONSTRAINT,contoso.fk_supprod_currency ON contoso.supplier_product,Converted,no,
REF_CONSTRAINT,CONTOSO.StoreAudit_Legacy,CONSTRAINT,contoso.fk_storeaudit_store ON contoso.StoreAudit_Legacy,Not-Converted,yes,"Review and correct the generated code. Best-effort Azure PostgreSQL code was generated, but it is not included in the deployment script and its behavior is unverified. Compare it with the source, correct it, and test it before deploying separately. Reference: CVT-366"
REF_CONSTRAINT,CONTOSO.TAX_RATE,CONSTRAINT,contoso.fk_tax_rate_country ON contoso.tax_rate,Converted,no,
REF_CONSTRAINT,CONTOSO.WAREHOUSE,REF_CONSTRAINT,contoso.warehouse,Not-Converted,yes,"Convert the required dependency first. Azure PostgreSQL code passed the compilation check, but this object is not included in the deployment script because it depends on a temporary version of the required dependency. Convert the dependency, then run conversion again and confirm that this object is included. Reference: CVT-242"
SCHEMA,CONTOSO,SCHEMA,contoso.contoso,Converted,no,"Verify the related object. Azure PostgreSQL code was generated for this object and passed the compilation check, but this type of object does not get its own entry in the deployment script. Confirm that its behavior is present in the related object and test that object with representative data. Reference: CVT-122"
SEQUENCE,CONTOSO.SEQ_ADDRESS_ID,SEQUENCE,contoso.seq_address_id,Converted,no,
SEQUENCE,CONTOSO.SEQ_AUDIT_ID,SEQUENCE,contoso.seq_audit_id,Converted,no,
SEQUENCE,CONTOSO.SEQ_CATEGORY_ID,SEQUENCE,contoso.seq_category_id,Converted,no,
SEQUENCE,CONTOSO.SEQ_CUSTOMER_ID,SEQUENCE,contoso.seq_customer_id,Converted,no,
SEQUENCE,CONTOSO.SEQ_DQ_ISSUE_ID,SEQUENCE,contoso.seq_dq_issue_id,Converted,no,
SEQUENCE,CONTOSO.SEQ_EMPLOYEE_ID,SEQUENCE,contoso.seq_employee_id,Converted,no,
SEQUENCE,CONTOSO.SEQ_ERROR_ID,SEQUENCE,contoso.seq_error_id,Converted,no,
SEQUENCE,CONTOSO.SEQ_GEN_AUDIT_001,SEQUENCE,contoso.seq_gen_audit_001,Converted,no,
SEQUENCE,CONTOSO.SEQ_GEN_AUDIT_006,SEQUENCE,contoso.seq_gen_audit_006,Converted,no,
SEQUENCE,CONTOSO.SEQ_GEN_AUDIT_011,SEQUENCE,contoso.seq_gen_audit_011,Converted,no,
SEQUENCE,CONTOSO.SEQ_GEN_AUDIT_016,SEQUENCE,contoso.seq_gen_audit_016,Converted,no,
SEQUENCE,CONTOSO.SEQ_GEN_AUDIT_021,SEQUENCE,contoso.seq_gen_audit_021,Converted,no,
SEQUENCE,CONTOSO.SEQ_GEN_AUDIT_026,SEQUENCE,contoso.seq_gen_audit_026,Converted,no,
SEQUENCE,CONTOSO.SEQ_GEN_AUDIT_031,SEQUENCE,contoso.seq_gen_audit_031,Converted,no,
SEQUENCE,CONTOSO.SEQ_GEN_AUDIT_041,SEQUENCE,contoso.seq_gen_audit_041,Converted,no,
SEQUENCE,CONTOSO.SEQ_GEN_AUDIT_046,SEQUENCE,contoso.seq_gen_audit_046,Converted,no,
SEQUENCE,CONTOSO.SEQ_GEN_BATCH_005,SEQUENCE,contoso.seq_gen_batch_005,Converted,no,
SEQUENCE,CONTOSO.SEQ_GEN_BATCH_010,SEQUENCE,contoso.seq_gen_batch_010,Converted,no,
SEQUENCE,CONTOSO.SEQ_GEN_BATCH_015,SEQUENCE,contoso.seq_gen_batch_015,Converted,no,
SEQUENCE,CONTOSO.SEQ_GEN_BATCH_020,SEQUENCE,contoso.seq_gen_batch_020,Converted,no,
SEQUENCE,CONTOSO.SEQ_GEN_BATCH_025,SEQUENCE,contoso.seq_gen_batch_025,Converted,no,
SEQUENCE,CONTOSO.SEQ_GEN_BATCH_030,SEQUENCE,contoso.seq_gen_batch_030,Converted,no,
SEQUENCE,CONTOSO.SEQ_GEN_BATCH_035,SEQUENCE,contoso.seq_gen_batch_035,Converted,no,
SEQUENCE,CONTOSO.SEQ_GEN_BATCH_040,SEQUENCE,contoso.seq_gen_batch_040,Converted,no,
SEQUENCE,CONTOSO.SEQ_GEN_BATCH_045,SEQUENCE,contoso.seq_gen_batch_045,Converted,no,
SEQUENCE,CONTOSO.SEQ_GEN_BATCH_050,SEQUENCE,contoso.seq_gen_batch_050,Converted,no,
SEQUENCE,CONTOSO.SEQ_GEN_CYCLE_002,SEQUENCE,contoso.seq_gen_cycle_002,Converted,no,
SEQUENCE,CONTOSO.SEQ_GEN_CYCLE_007,SEQUENCE,contoso.seq_gen_cycle_007,Converted,no,
SEQUENCE,CONTOSO.SEQ_GEN_CYCLE_012,SEQUENCE,contoso.seq_gen_cycle_012,Converted,no,
SEQUENCE,CONTOSO.SEQ_GEN_CYCLE_017,SEQUENCE,contoso.seq_gen_cycle_017,Converted,no,
SEQUENCE,CONTOSO.SEQ_GEN_CYCLE_022,SEQUENCE,contoso.seq_gen_cycle_022,Converted,no,
SEQUENCE,CONTOSO.SEQ_GEN_CYCLE_027,SEQUENCE,contoso.seq_gen_cycle_027,Converted,no,
SEQUENCE,CONTOSO.SEQ_GEN_CYCLE_032,SEQUENCE,contoso.seq_gen_cycle_032,Converted,no,
SEQUENCE,CONTOSO.SEQ_GEN_CYCLE_037,SEQUENCE,contoso.seq_gen_cycle_037,Converted,no,
SEQUENCE,CONTOSO.SEQ_GEN_CYCLE_042,SEQUENCE,contoso.seq_gen_cycle_042,Converted,no,
SEQUENCE,CONTOSO.SEQ_GEN_CYCLE_047,SEQUENCE,contoso.seq_gen_cycle_047,Converted,no,
SEQUENCE,CONTOSO.SEQ_GEN_RECON_004,SEQUENCE,contoso.seq_gen_recon_004,Converted,no,
SEQUENCE,CONTOSO.SEQ_GEN_RECON_009,SEQUENCE,contoso.seq_gen_recon_009,Converted,no,
SEQUENCE,CONTOSO.SEQ_GEN_RECON_014,SEQUENCE,contoso.seq_gen_recon_014,Converted,no,
SEQUENCE,CONTOSO.SEQ_GEN_RECON_019,SEQUENCE,contoso.seq_gen_recon_019,Converted,no,
SEQUENCE,CONTOSO.SEQ_GEN_RECON_024,SEQUENCE,contoso.seq_gen_recon_024,Converted,no,
SEQUENCE,CONTOSO.SEQ_GEN_RECON_029,SEQUENCE,contoso.seq_gen_recon_029,Converted,no,
SEQUENCE,CONTOSO.SEQ_GEN_RECON_034,SEQUENCE,contoso.seq_gen_recon_034,Converted,no,
SEQUENCE,CONTOSO.SEQ_GEN_RECON_039,SEQUENCE,contoso.seq_gen_recon_039,Converted,no,
SEQUENCE,CONTOSO.SEQ_GEN_RECON_044,SEQUENCE,contoso.seq_gen_recon_044,Converted,no,
SEQUENCE,CONTOSO.SEQ_GEN_RECON_049,SEQUENCE,contoso.seq_gen_recon_049,Converted,no,
SEQUENCE,CONTOSO.SEQ_GEN_STAGE_003,SEQUENCE,contoso.seq_gen_stage_003,Converted,no,
SEQUENCE,CONTOSO.SEQ_GEN_STAGE_008,SEQUENCE,contoso.seq_gen_stage_008,Converted,no,
SEQUENCE,CONTOSO.SEQ_GEN_STAGE_013,SEQUENCE,contoso.seq_gen_stage_013,Converted,no,
SEQUENCE,CONTOSO.SEQ_GEN_STAGE_018,SEQUENCE,contoso.seq_gen_stage_018,Converted,no,
SEQUENCE,CONTOSO.SEQ_GEN_STAGE_023,SEQUENCE,contoso.seq_gen_stage_023,Converted,no,
SEQUENCE,CONTOSO.SEQ_GEN_STAGE_028,SEQUENCE,contoso.seq_gen_stage_028,Converted,no,
SEQUENCE,CONTOSO.SEQ_GEN_STAGE_033,SEQUENCE,contoso.seq_gen_stage_033,Converted,no,
SEQUENCE,CONTOSO.SEQ_GEN_STAGE_038,SEQUENCE,contoso.seq_gen_stage_038,Converted,no,
SEQUENCE,CONTOSO.SEQ_GEN_STAGE_043,SEQUENCE,contoso.seq_gen_stage_043,Converted,no,
SEQUENCE,CONTOSO.SEQ_GEN_STAGE_048,SEQUENCE,contoso.seq_gen_stage_048,Converted,no,
SEQUENCE,CONTOSO.SEQ_ISSUE_ID,SEQUENCE,contoso.seq_issue_id,Converted,no,
SEQUENCE,CONTOSO.SEQ_JOURNAL_ID,SEQUENCE,contoso.seq_journal_id,Converted,no,
SEQUENCE,CONTOSO.SEQ_LOCATION_ID,SEQUENCE,contoso.seq_location_id,Converted,no,
SEQUENCE,CONTOSO.SEQ_LOYALTY_TXN_ID,SEQUENCE,contoso.seq_loyalty_txn_id,Converted,no,
SEQUENCE,CONTOSO.SEQ_MOVEMENT_ID,SEQUENCE,contoso.seq_movement_id,Converted,no,
SEQUENCE,CONTOSO.SEQ_ORDER_ID,SEQUENCE,contoso.seq_order_id,Converted,no,
SEQUENCE,CONTOSO.SEQ_PO_ID,SEQUENCE,contoso.seq_po_id,Converted,no,
SEQUENCE,CONTOSO.SEQ_PRODUCT_ID,SEQUENCE,contoso.seq_product_id,Converted,no,
SEQUENCE,CONTOSO.SEQ_PROMOTION_ID,SEQUENCE,contoso.seq_promotion_id,Converted,no,
SEQUENCE,CONTOSO.SEQ_RECEIPT_ID,SEQUENCE,contoso.seq_receipt_id,Converted,no,
SEQUENCE,CONTOSO.SEQ_REGION_ID,SEQUENCE,contoso.seq_region_id,Converted,no,
SEQUENCE,CONTOSO.SEQ_RETURN_ID,SEQUENCE,contoso.seq_return_id,Converted,no,
SEQUENCE,CONTOSO.SEQ_RMA_CYCLE,SEQUENCE,contoso.seq_rma_cycle,Converted,no,
SEQUENCE,CONTOSO.SEQ_SHIPMENT_ID,SEQUENCE,contoso.seq_shipment_id,Converted,no,
SEQUENCE,CONTOSO.SEQ_STORE_ID,SEQUENCE,contoso.seq_store_id,Converted,no,
SEQUENCE,CONTOSO.SEQ_SUPPLIER_ID,SEQUENCE,contoso.seq_supplier_id,Converted,no,
SEQUENCE,CONTOSO.SEQ_VARIANT_ID,SEQUENCE,contoso.seq_variant_id,Converted,no,
SEQUENCE,CONTOSO.SEQ_WAREHOUSE_ID,SEQUENCE,contoso.seq_warehouse_id,Converted,no,
SYNONYM,CONTOSO.SYN_CUSTOMERS,VIEW,contoso.syn_customers,Converted,no,
SYNONYM,CONTOSO.SYN_CUSTOMER_360,VIEW,contoso.syn_customer_360,Not-Converted,yes,"Convert the required dependency first. Azure PostgreSQL code passed the compilation check, but this object is not included in the deployment script because it depends on a temporary version of the required dependency. Convert the dependency, then run conversion again and confirm that this object is included. Reference: CVT-242"
SYNONYM,CONTOSO.SYN_CUSTOMER_RFM,VIEW,contoso.syn_customer_rfm,Not-Converted,yes,"Resolve the required dependency. Azure PostgreSQL code was generated, but this object is not included in the deployment script because the required dependency is not ready. Convert the dependency first, then run conversion again and confirm that this object is included. Reference: CVT-141"
SYNONYM,CONTOSO.SYN_EFFECTIVE_PRICE,FUNCTION,contoso.syn_effective_price(),Converted,no,
SYNONYM,CONTOSO.SYN_GEN_FUN_004,,,Not-Converted,yes,Include this object in a new conversion run. The object was not converted. It was also left out of the current run and is not included in the deployment script. Include it in a subsequent run or implement and deploy it separately after testing. Reference: CVT-345
SYNONYM,CONTOSO.SYN_GEN_FUN_010,,,Not-Converted,yes,Include this object in a new conversion run. The object was not converted. It was also left out of the current run and is not included in the deployment script. Include it in a subsequent run or implement and deploy it separately after testing. Reference: CVT-345
SYNONYM,CONTOSO.SYN_GEN_FUN_016,,,Not-Converted,yes,Include this object in a new conversion run. The object was not converted. It was also left out of the current run and is not included in the deployment script. Include it in a subsequent run or implement and deploy it separately after testing. Reference: CVT-345
SYNONYM,CONTOSO.SYN_GEN_FUN_022,,,Not-Converted,yes,Include this object in a new conversion run. The object was not converted. It was also left out of the current run and is not included in the deployment script. Include it in a subsequent run or implement and deploy it separately after testing. Reference: CVT-345
SYNONYM,CONTOSO.SYN_GEN_FUN_028,,,Not-Converted,yes,Include this object in a new conversion run. The object was not converted. It was also left out of the current run and is not included in the deployment script. Include it in a subsequent run or implement and deploy it separately after testing. Reference: CVT-345
SYNONYM,CONTOSO.SYN_GEN_FUN_034,,,Not-Converted,yes,Include this object in a new conversion run. The object was not converted. It was also left out of the current run and is not included in the deployment script. Include it in a subsequent run or implement and deploy it separately after testing. Reference: CVT-345
SYNONYM,CONTOSO.SYN_GEN_FUN_040,,,Not-Converted,yes,Include this object in a new conversion run. The object was not converted. It was also left out of the current run and is not included in the deployment script. Include it in a subsequent run or implement and deploy it separately after testing. Reference: CVT-345
SYNONYM,CONTOSO.SYN_GEN_FUN_046,,,Not-Converted,yes,Include this object in a new conversion run. The object was not converted. It was also left out of the current run and is not included in the deployment script. Include it in a subsequent run or implement and deploy it separately after testing. Reference: CVT-345
SYNONYM,CONTOSO.SYN_GEN_FUN_052,,,Not-Converted,yes,Include this object in a new conversion run. The object was not converted. It was also left out of the current run and is not included in the deployment script. Include it in a subsequent run or implement and deploy it separately after testing. Reference: CVT-345
SYNONYM,CONTOSO.SYN_GEN_FUN_058,,,Not-Converted,yes,Include this object in a new conversion run. The object was not converted. It was also left out of the current run and is not included in the deployment script. Include it in a subsequent run or implement and deploy it separately after testing. Reference: CVT-345
SYNONYM,CONTOSO.SYN_GEN_FUN_064,FUNCTION,contoso.syn_gen_fun_064(),Converted,no,
SYNONYM,CONTOSO.SYN_GEN_FUN_070,FUNCTION,contoso.syn_gen_fun_070(),Converted,no,
SYNONYM,CONTOSO.SYN_GEN_FUN_076,FUNCTION,contoso.syn_gen_fun_076(),Converted,no,
SYNONYM,CONTOSO.SYN_GEN_FUN_082,FUNCTION,contoso.syn_gen_fun_082(),Converted,no,
SYNONYM,CONTOSO.SYN_GEN_FUN_088,FUNCTION,contoso.syn_gen_fun_088(),Converted,no,
SYNONYM,CONTOSO.SYN_GEN_FUN_094,FUNCTION,contoso.syn_gen_fun_094(),Converted,no,
SYNONYM,CONTOSO.SYN_GEN_FUN_100,FUNCTION,contoso.syn_gen_fun_100(),Converted,no,
SYNONYM,CONTOSO.SYN_GEN_FUN_106,FUNCTION,contoso.syn_gen_fun_106(),Converted,no,
SYNONYM,CONTOSO.SYN_GEN_FUN_112,FUNCTION,contoso.syn_gen_fun_112(),Converted,no,
SYNONYM,CONTOSO.SYN_GEN_FUN_118,FUNCTION,contoso.syn_gen_fun_118(),Converted,no,
SYNONYM,CONTOSO.SYN_GEN_FUN_124,FUNCTION,contoso.syn_gen_fun_124(),Converted,no,
SYNONYM,CONTOSO.SYN_GEN_FUN_130,FUNCTION,contoso.syn_gen_fun_130(),Converted,no,
SYNONYM,CONTOSO.SYN_GEN_FUN_136,,,Not-Converted,yes,Include this object in a new conversion run. The object was not converted. It was also left out of the current run and is not included in the deployment script. Include it in a subsequent run or implement and deploy it separately after testing. Reference: CVT-345
SYNONYM,CONTOSO.SYN_GEN_FUN_142,FUNCTION,contoso.syn_gen_fun_142(),Converted,no,
SYNONYM,CONTOSO.SYN_GEN_FUN_148,FUNCTION,contoso.syn_gen_fun_148(),Converted,no,
SYNONYM,CONTOSO.SYN_GEN_PKG_002,FUNCTION,contoso.syn_gen_pkg_002$batch_ref(),Not-Converted,yes,"Review and correct the generated code. Best-effort Azure PostgreSQL code was generated, but additional validation found an issue and this object is not included in the deployment script. Correct the Oracle source and run conversion again, or correct the Azure PostgreSQL code, test it thoroughly, and deploy it separately. Running conversion again replaces any edits you make to the generated code. Reference: CVT-186"
SYNONYM,CONTOSO.SYN_GEN_PKG_002,FUNCTION,contoso.syn_gen_pkg_002$pending_count(),Not-Converted,yes,"Review and correct the generated code. Best-effort Azure PostgreSQL code was generated, but additional validation found an issue and this object is not included in the deployment script. Correct the Oracle source and run conversion again, or correct the Azure PostgreSQL code, test it thoroughly, and deploy it separately. Running conversion again replaces any edits you make to the generated code. Reference: CVT-186"
SYNONYM,CONTOSO.SYN_GEN_PKG_008,FUNCTION,contoso.syn_gen_pkg_008$batch_ref(),Not-Converted,yes,"Review and correct the generated code. Best-effort Azure PostgreSQL code was generated, but additional validation found an issue and this object is not included in the deployment script. Correct the Oracle source and run conversion again, or correct the Azure PostgreSQL code, test it thoroughly, and deploy it separately. Running conversion again replaces any edits you make to the generated code. Reference: CVT-186"
SYNONYM,CONTOSO.SYN_GEN_PKG_008,FUNCTION,contoso.syn_gen_pkg_008$pending_count(),Not-Converted,yes,"Review and correct the generated code. Best-effort Azure PostgreSQL code was generated, but additional validation found an issue and this object is not included in the deployment script. Correct the Oracle source and run conversion again, or correct the Azure PostgreSQL code, test it thoroughly, and deploy it separately. Running conversion again replaces any edits you make to the generated code. Reference: CVT-186"
SYNONYM,CONTOSO.SYN_GEN_PKG_008,FUNCTION,contoso.syn_gen_pkg_008$resolve_key(),Not-Converted,yes,"Review and correct the generated code. Best-effort Azure PostgreSQL code was generated, but additional validation found an issue and this object is not included in the deployment script. Correct the Oracle source and run conversion again, or correct the Azure PostgreSQL code, test it thoroughly, and deploy it separately. Running conversion again replaces any edits you make to the generated code. Reference: CVT-186"
SYNONYM,CONTOSO.SYN_GEN_PKG_014,FUNCTION,contoso.syn_gen_pkg_014$batch_ref(),Not-Converted,yes,"Review and correct the generated code. Best-effort Azure PostgreSQL code was generated, but additional validation found an issue and this object is not included in the deployment script. Correct the Oracle source and run conversion again, or correct the Azure PostgreSQL code, test it thoroughly, and deploy it separately. Running conversion again replaces any edits you make to the generated code. Reference: CVT-186"
SYNONYM,CONTOSO.SYN_GEN_PKG_014,FUNCTION,contoso.syn_gen_pkg_014$pending_count(),Not-Converted,yes,"Review and correct the generated code. Best-effort Azure PostgreSQL code was generated, but additional validation found an issue and this object is not included in the deployment script. Correct the Oracle source and run conversion again, or correct the Azure PostgreSQL code, test it thoroughly, and deploy it separately. Running conversion again replaces any edits you make to the generated code. Reference: CVT-186"
SYNONYM,CONTOSO.SYN_GEN_PKG_020,FUNCTION,contoso.syn_gen_pkg_020$batch_ref(),Converted,no,
SYNONYM,CONTOSO.SYN_GEN_PKG_020,FUNCTION,contoso.syn_gen_pkg_020$pending_count(),Converted,no,
SYNONYM,CONTOSO.SYN_GEN_PKG_026,FUNCTION,contoso.syn_gen_pkg_026$batch_ref(),Converted,no,
SYNONYM,CONTOSO.SYN_GEN_PKG_026,FUNCTION,contoso.syn_gen_pkg_026$pending_count(),Converted,no,
SYNONYM,CONTOSO.SYN_GEN_PKG_026,FUNCTION,contoso.syn_gen_pkg_026$resolve_key(),Converted,no,
SYNONYM,CONTOSO.SYN_GEN_PKG_032,FUNCTION,contoso.syn_gen_pkg_032$batch_ref(),Not-Converted,yes,"Review and correct the generated code. Best-effort Azure PostgreSQL code was generated, but additional validation found an issue and this object is not included in the deployment script. Correct the Oracle source and run conversion again, or correct the Azure PostgreSQL code, test it thoroughly, and deploy it separately. Running conversion again replaces any edits you make to the generated code. Reference: CVT-186"
SYNONYM,CONTOSO.SYN_GEN_PKG_032,FUNCTION,contoso.syn_gen_pkg_032$pending_count(),Not-Converted,yes,"Review and correct the generated code. Best-effort Azure PostgreSQL code was generated, but additional validation found an issue and this object is not included in the deployment script. Correct the Oracle source and run conversion again, or correct the Azure PostgreSQL code, test it thoroughly, and deploy it separately. Running conversion again replaces any edits you make to the generated code. Reference: CVT-186"
SYNONYM,CONTOSO.SYN_GEN_PKG_038,FUNCTION,contoso.syn_gen_pkg_038$batch_ref(),Not-Converted,yes,"Review and correct the generated code. Best-effort Azure PostgreSQL code was generated, but additional validation found an issue and this object is not included in the deployment script. Correct the Oracle source and run conversion again, or correct the Azure PostgreSQL code, test it thoroughly, and deploy it separately. Running conversion again replaces any edits you make to the generated code. Reference: CVT-186"
SYNONYM,CONTOSO.SYN_GEN_PKG_038,FUNCTION,contoso.syn_gen_pkg_038$pending_count(),Not-Converted,yes,"Review and correct the generated code. Best-effort Azure PostgreSQL code was generated, but additional validation found an issue and this object is not included in the deployment script. Correct the Oracle source and run conversion again, or correct the Azure PostgreSQL code, test it thoroughly, and deploy it separately. Running conversion again replaces any edits you make to the generated code. Reference: CVT-186"
SYNONYM,CONTOSO.SYN_GEN_PKG_044,FUNCTION,contoso.syn_gen_pkg_044$batch_ref(),Converted,no,
SYNONYM,CONTOSO.SYN_GEN_PKG_044,FUNCTION,contoso.syn_gen_pkg_044$pending_count(),Converted,no,
SYNONYM,CONTOSO.SYN_GEN_PKG_044,FUNCTION,contoso.syn_gen_pkg_044$resolve_key(),Converted,no,
SYNONYM,CONTOSO.SYN_GEN_PKG_050,FUNCTION,contoso.syn_gen_pkg_050$batch_ref(),Not-Converted,yes,"Review and correct the generated code. Best-effort Azure PostgreSQL code was generated, but additional validation found an issue and this object is not included in the deployment script. Correct the Oracle source and run conversion again, or correct the Azure PostgreSQL code, test it thoroughly, and deploy it separately. Running conversion again replaces any edits you make to the generated code. Reference: CVT-186"
SYNONYM,CONTOSO.SYN_GEN_PKG_050,FUNCTION,contoso.syn_gen_pkg_050$pending_count(),Not-Converted,yes,"Review and correct the generated code. Best-effort Azure PostgreSQL code was generated, but additional validation found an issue and this object is not included in the deployment script. Correct the Oracle source and run conversion again, or correct the Azure PostgreSQL code, test it thoroughly, and deploy it separately. Running conversion again replaces any edits you make to the generated code. Reference: CVT-186"
SYNONYM,CONTOSO.SYN_GEN_PKG_056,FUNCTION,contoso.syn_gen_pkg_056$batch_ref(),Converted,no,
SYNONYM,CONTOSO.SYN_GEN_PKG_056,FUNCTION,contoso.syn_gen_pkg_056$pending_count(),Converted,no,
SYNONYM,CONTOSO.SYN_GEN_PKG_062,FUNCTION,contoso.syn_gen_pkg_062$batch_ref(),Converted,no,
SYNONYM,CONTOSO.SYN_GEN_PKG_062,FUNCTION,contoso.syn_gen_pkg_062$pending_count(),Converted,no,
SYNONYM,CONTOSO.SYN_GEN_PKG_062,FUNCTION,contoso.syn_gen_pkg_062$resolve_key(),Converted,no,
SYNONYM,CONTOSO.SYN_GEN_PKG_068,FUNCTION,contoso.syn_gen_pkg_068$batch_ref(),Not-Converted,yes,"Review and correct the generated code. Best-effort Azure PostgreSQL code was generated, but additional validation found an issue and this object is not included in the deployment script. Correct the Oracle source and run conversion again, or correct the Azure PostgreSQL code, test it thoroughly, and deploy it separately. Running conversion again replaces any edits you make to the generated code. Reference: CVT-186"
SYNONYM,CONTOSO.SYN_GEN_PKG_068,FUNCTION,contoso.syn_gen_pkg_068$pending_count(),Not-Converted,yes,"Review and correct the generated code. Best-effort Azure PostgreSQL code was generated, but additional validation found an issue and this object is not included in the deployment script. Correct the Oracle source and run conversion again, or correct the Azure PostgreSQL code, test it thoroughly, and deploy it separately. Running conversion again replaces any edits you make to the generated code. Reference: CVT-186"
SYNONYM,CONTOSO.SYN_GEN_PKG_074,FUNCTION,contoso.syn_gen_pkg_074$batch_ref(),Not-Converted,yes,"Review and correct the generated code. Best-effort Azure PostgreSQL code was generated, but additional validation found an issue and this object is not included in the deployment script. Correct the Oracle source and run conversion again, or correct the Azure PostgreSQL code, test it thoroughly, and deploy it separately. Running conversion again replaces any edits you make to the generated code. Reference: CVT-186"
SYNONYM,CONTOSO.SYN_GEN_PKG_074,FUNCTION,contoso.syn_gen_pkg_074$pending_count(),Not-Converted,yes,"Review and correct the generated code. Best-effort Azure PostgreSQL code was generated, but additional validation found an issue and this object is not included in the deployment script. Correct the Oracle source and run conversion again, or correct the Azure PostgreSQL code, test it thoroughly, and deploy it separately. Running conversion again replaces any edits you make to the generated code. Reference: CVT-186"
SYNONYM,CONTOSO.SYN_GEN_PKG_080,FUNCTION,contoso.syn_gen_pkg_080$batch_ref(),Converted,no,
SYNONYM,CONTOSO.SYN_GEN_PKG_080,FUNCTION,contoso.syn_gen_pkg_080$pending_count(),Converted,no,
SYNONYM,CONTOSO.SYN_GEN_PKG_080,FUNCTION,contoso.syn_gen_pkg_080$resolve_key(),Converted,no,
SYNONYM,CONTOSO.SYN_GEN_PKG_086,FUNCTION,contoso.syn_gen_pkg_086$batch_ref(),Not-Converted,yes,"Review and correct the generated code. Best-effort Azure PostgreSQL code was generated, but additional validation found an issue and this object is not included in the deployment script. Correct the Oracle source and run conversion again, or correct the Azure PostgreSQL code, test it thoroughly, and deploy it separately. Running conversion again replaces any edits you make to the generated code. Reference: CVT-186"
SYNONYM,CONTOSO.SYN_GEN_PKG_086,FUNCTION,contoso.syn_gen_pkg_086$pending_count(),Not-Converted,yes,"Review and correct the generated code. Best-effort Azure PostgreSQL code was generated, but additional validation found an issue and this object is not included in the deployment script. Correct the Oracle source and run conversion again, or correct the Azure PostgreSQL code, test it thoroughly, and deploy it separately. Running conversion again replaces any edits you make to the generated code. Reference: CVT-186"
SYNONYM,CONTOSO.SYN_GEN_PKG_092,FUNCTION,contoso.syn_gen_pkg_092$applies_to(),Not-Converted,yes,"Review and correct the generated code. Best-effort Azure PostgreSQL code was generated, but additional validation found an issue and this object is not included in the deployment script. Correct the Oracle source and run conversion again, or correct the Azure PostgreSQL code, test it thoroughly, and deploy it separately. Running conversion again replaces any edits you make to the generated code. Reference: CVT-186"
SYNONYM,CONTOSO.SYN_GEN_PKG_098,FUNCTION,contoso.syn_gen_pkg_098$applies_to(),Not-Converted,yes,"Review and correct the generated code. Best-effort Azure PostgreSQL code was generated, but it is not included in the deployment script and its behavior is unverified. Compare it with the source, correct it, and test it before deploying separately. Reference: CVT-366"
SYNONYM,CONTOSO.SYN_GEN_PKG_104,FUNCTION,contoso.syn_gen_pkg_104$applies_to(),Not-Converted,yes,"Review and correct the generated code. Best-effort Azure PostgreSQL code was generated, but it is not included in the deployment script and its behavior is unverified. Compare it with the source, correct it, and test it before deploying separately. Reference: CVT-366"
SYNONYM,CONTOSO.SYN_GEN_PKG_110,FUNCTION,contoso.syn_gen_pkg_110$applies_to(),Not-Converted,yes,"Review and correct the generated code. Best-effort Azure PostgreSQL code was generated, but it is not included in the deployment script and its behavior is unverified. Compare it with the source, correct it, and test it before deploying separately. Reference: CVT-366"
SYNONYM,CONTOSO.SYN_GEN_PKG_116,FUNCTION,contoso.syn_gen_pkg_116$applies_to(),Not-Converted,yes,"Review and correct the generated code. Best-effort Azure PostgreSQL code was generated, but it is not included in the deployment script and its behavior is unverified. Compare it with the source, correct it, and test it before deploying separately. Reference: CVT-366"
SYNONYM,CONTOSO.SYN_GEN_PKG_122,FUNCTION,contoso.syn_gen_pkg_122$applies_to(),Not-Converted,yes,"Review and correct the generated code. Best-effort Azure PostgreSQL code was generated, but it is not included in the deployment script and its behavior is unverified. Compare it with the source, correct it, and test it before deploying separately. Reference: CVT-366"
SYNONYM,CONTOSO.SYN_GEN_PKG_128,FUNCTION,contoso.syn_gen_pkg_128$applies_to(),Not-Converted,yes,"Review and correct the generated code. Best-effort Azure PostgreSQL code was generated, but it is not included in the deployment script and its behavior is unverified. Compare it with the source, correct it, and test it before deploying separately. Reference: CVT-366"
SYNONYM,CONTOSO.SYN_GEN_PKG_134,FUNCTION,contoso.syn_gen_pkg_134$applies_to(),Not-Converted,yes,"Review and correct the generated code. Best-effort Azure PostgreSQL code was generated, but it is not included in the deployment script and its behavior is unverified. Compare it with the source, correct it, and test it before deploying separately. Reference: CVT-366"
SYNONYM,CONTOSO.SYN_GEN_PKG_140,FUNCTION,contoso.syn_gen_pkg_140$applies_to(),Not-Converted,yes,"Review and correct the generated code. Best-effort Azure PostgreSQL code was generated, but it is not included in the deployment script and its behavior is unverified. Compare it with the source, correct it, and test it before deploying separately. Reference: CVT-366"
SYNONYM,CONTOSO.SYN_GEN_PKG_146,FUNCTION,contoso.syn_gen_pkg_146$applies_to(),Not-Converted,yes,"Review and correct the generated code. Best-effort Azure PostgreSQL code was generated, but it is not included in the deployment script and its behavior is unverified. Compare it with the source, correct it, and test it before deploying separately. Reference: CVT-366"
SYNONYM,CONTOSO.SYN_GEN_PRO_005,,,Not-Converted,yes,Include this object in a new conversion run. The object was not converted. It was also left out of the current run and is not included in the deployment script. Include it in a subsequent run or implement and deploy it separately after testing. Reference: CVT-345
SYNONYM,CONTOSO.SYN_GEN_PRO_011,,,Not-Converted,yes,Include this object in a new conversion run. The object was not converted. It was also left out of the current run and is not included in the deployment script. Include it in a subsequent run or implement and deploy it separately after testing. Reference: CVT-345
SYNONYM,CONTOSO.SYN_GEN_PRO_017,,,Not-Converted,yes,Include this object in a new conversion run. The object was not converted. It was also left out of the current run and is not included in the deployment script. Include it in a subsequent run or implement and deploy it separately after testing. Reference: CVT-345
SYNONYM,CONTOSO.SYN_GEN_PRO_023,,,Not-Converted,yes,Include this object in a new conversion run. The object was not converted. It was also left out of the current run and is not included in the deployment script. Include it in a subsequent run or implement and deploy it separately after testing. Reference: CVT-345
SYNONYM,CONTOSO.SYN_GEN_PRO_029,,,Not-Converted,yes,Include this object in a new conversion run. The object was not converted. It was also left out of the current run and is not included in the deployment script. Include it in a subsequent run or implement and deploy it separately after testing. Reference: CVT-345
SYNONYM,CONTOSO.SYN_GEN_PRO_035,,,Not-Converted,yes,Include this object in a new conversion run. The object was not converted. It was also left out of the current run and is not included in the deployment script. Include it in a subsequent run or implement and deploy it separately after testing. Reference: CVT-345
SYNONYM,CONTOSO.SYN_GEN_PRO_041,,,Not-Converted,yes,Include this object in a new conversion run. The object was not converted. It was also left out of the current run and is not included in the deployment script. Include it in a subsequent run or implement and deploy it separately after testing. Reference: CVT-345
SYNONYM,CONTOSO.SYN_GEN_PRO_047,,,Not-Converted,yes,Include this object in a new conversion run. The object was not converted. It was also left out of the current run and is not included in the deployment script. Include it in a subsequent run or implement and deploy it separately after testing. Reference: CVT-345
SYNONYM,CONTOSO.SYN_GEN_PRO_053,,,Not-Converted,yes,Include this object in a new conversion run. The object was not converted. It was also left out of the current run and is not included in the deployment script. Include it in a subsequent run or implement and deploy it separately after testing. Reference: CVT-345
SYNONYM,CONTOSO.SYN_GEN_PRO_059,,,Not-Converted,yes,Include this object in a new conversion run. The object was not converted. It was also left out of the current run and is not included in the deployment script. Include it in a subsequent run or implement and deploy it separately after testing. Reference: CVT-345
SYNONYM,CONTOSO.SYN_GEN_PRO_065,,,Not-Converted,yes,Include this object in a new conversion run. The object was not converted. It was also left out of the current run and is not included in the deployment script. Include it in a subsequent run or implement and deploy it separately after testing. Reference: CVT-345
SYNONYM,CONTOSO.SYN_GEN_PRO_071,,,Not-Converted,yes,Include this object in a new conversion run. The object was not converted. It was also left out of the current run and is not included in the deployment script. Include it in a subsequent run or implement and deploy it separately after testing. Reference: CVT-345
SYNONYM,CONTOSO.SYN_GEN_PRO_077,,,Not-Converted,yes,Include this object in a new conversion run. The object was not converted. It was also left out of the current run and is not included in the deployment script. Include it in a subsequent run or implement and deploy it separately after testing. Reference: CVT-345
SYNONYM,CONTOSO.SYN_GEN_PRO_083,,,Not-Converted,yes,Include this object in a new conversion run. The object was not converted. It was also left out of the current run and is not included in the deployment script. Include it in a subsequent run or implement and deploy it separately after testing. Reference: CVT-345
SYNONYM,CONTOSO.SYN_GEN_PRO_089,,,Not-Converted,yes,Include this object in a new conversion run. The object was not converted. It was also left out of the current run and is not included in the deployment script. Include it in a subsequent run or implement and deploy it separately after testing. Reference: CVT-345
SYNONYM,CONTOSO.SYN_GEN_PRO_095,,,Not-Converted,yes,Include this object in a new conversion run. The object was not converted. It was also left out of the current run and is not included in the deployment script. Include it in a subsequent run or implement and deploy it separately after testing. Reference: CVT-345
SYNONYM,CONTOSO.SYN_GEN_PRO_101,,,Not-Converted,yes,Include this object in a new conversion run. The object was not converted. It was also left out of the current run and is not included in the deployment script. Include it in a subsequent run or implement and deploy it separately after testing. Reference: CVT-345
SYNONYM,CONTOSO.SYN_GEN_PRO_107,,,Not-Converted,yes,Include this object in a new conversion run. The object was not converted. It was also left out of the current run and is not included in the deployment script. Include it in a subsequent run or implement and deploy it separately after testing. Reference: CVT-345
SYNONYM,CONTOSO.SYN_GEN_PRO_113,,,Not-Converted,yes,Include this object in a new conversion run. The object was not converted. It was also left out of the current run and is not included in the deployment script. Include it in a subsequent run or implement and deploy it separately after testing. Reference: CVT-345
SYNONYM,CONTOSO.SYN_GEN_PRO_119,,,Not-Converted,yes,Include this object in a new conversion run. The object was not converted. It was also left out of the current run and is not included in the deployment script. Include it in a subsequent run or implement and deploy it separately after testing. Reference: CVT-345
SYNONYM,CONTOSO.SYN_GEN_PRO_125,,,Not-Converted,yes,Include this object in a new conversion run. The object was not converted. It was also left out of the current run and is not included in the deployment script. Include it in a subsequent run or implement and deploy it separately after testing. Reference: CVT-345
SYNONYM,CONTOSO.SYN_GEN_PRO_131,,,Not-Converted,yes,Include this object in a new conversion run. The object was not converted. It was also left out of the current run and is not included in the deployment script. Include it in a subsequent run or implement and deploy it separately after testing. Reference: CVT-345
SYNONYM,CONTOSO.SYN_GEN_PRO_137,,,Not-Converted,yes,Include this object in a new conversion run. The object was not converted. It was also left out of the current run and is not included in the deployment script. Include it in a subsequent run or implement and deploy it separately after testing. Reference: CVT-345
SYNONYM,CONTOSO.SYN_GEN_PRO_143,,,Not-Converted,yes,Include this object in a new conversion run. The object was not converted. It was also left out of the current run and is not included in the deployment script. Include it in a subsequent run or implement and deploy it separately after testing. Reference: CVT-345
SYNONYM,CONTOSO.SYN_GEN_PRO_149,,,Not-Converted,yes,Include this object in a new conversion run. The object was not converted. It was also left out of the current run and is not included in the deployment script. Include it in a subsequent run or implement and deploy it separately after testing. Reference: CVT-345
SYNONYM,CONTOSO.SYN_GEN_SEQ_006,SYNONYM,contoso.syn_gen_seq_006,Converted,no,
SYNONYM,CONTOSO.SYN_GEN_SEQ_012,SYNONYM,contoso.syn_gen_seq_012,Converted,no,
SYNONYM,CONTOSO.SYN_GEN_SEQ_018,SYNONYM,contoso.syn_gen_seq_018,Converted,no,
SYNONYM,CONTOSO.SYN_GEN_SEQ_024,SYNONYM,contoso.syn_gen_seq_024,Converted,no,
SYNONYM,CONTOSO.SYN_GEN_SEQ_030,SYNONYM,contoso.syn_gen_seq_030,Converted,no,
SYNONYM,CONTOSO.SYN_GEN_SEQ_036,SYNONYM,contoso.syn_gen_seq_036,Converted,no,
SYNONYM,CONTOSO.SYN_GEN_SEQ_042,SYNONYM,contoso.syn_gen_seq_042,Converted,no,
SYNONYM,CONTOSO.SYN_GEN_SEQ_048,SYNONYM,contoso.syn_gen_seq_048,Converted,no,
SYNONYM,CONTOSO.SYN_GEN_SEQ_054,SYNONYM,contoso.syn_gen_seq_054,Converted,no,
SYNONYM,CONTOSO.SYN_GEN_SEQ_060,SYNONYM,contoso.syn_gen_seq_060,Converted,no,
SYNONYM,CONTOSO.SYN_GEN_SEQ_066,SYNONYM,contoso.syn_gen_seq_066,Converted,no,
SYNONYM,CONTOSO.SYN_GEN_SEQ_072,SYNONYM,contoso.syn_gen_seq_072,Converted,no,
SYNONYM,CONTOSO.SYN_GEN_SEQ_078,SYNONYM,contoso.syn_gen_seq_078,Converted,no,
SYNONYM,CONTOSO.SYN_GEN_SEQ_084,SYNONYM,contoso.syn_gen_seq_084,Converted,no,
SYNONYM,CONTOSO.SYN_GEN_SEQ_090,SYNONYM,contoso.syn_gen_seq_090,Converted,no,
SYNONYM,CONTOSO.SYN_GEN_SEQ_096,SYNONYM,contoso.syn_gen_seq_096,Converted,no,
SYNONYM,CONTOSO.SYN_GEN_SEQ_102,SYNONYM,contoso.syn_gen_seq_102,Converted,no,
SYNONYM,CONTOSO.SYN_GEN_SEQ_108,SYNONYM,contoso.syn_gen_seq_108,Converted,no,
SYNONYM,CONTOSO.SYN_GEN_SEQ_114,SYNONYM,contoso.syn_gen_seq_114,Converted,no,
SYNONYM,CONTOSO.SYN_GEN_SEQ_120,SYNONYM,contoso.syn_gen_seq_120,Converted,no,
SYNONYM,CONTOSO.SYN_GEN_SEQ_126,SYNONYM,contoso.syn_gen_seq_126,Converted,no,
SYNONYM,CONTOSO.SYN_GEN_SEQ_132,SYNONYM,contoso.syn_gen_seq_132,Converted,no,
SYNONYM,CONTOSO.SYN_GEN_SEQ_138,SYNONYM,contoso.syn_gen_seq_138,Converted,no,
SYNONYM,CONTOSO.SYN_GEN_SEQ_144,SYNONYM,contoso.syn_gen_seq_144,Converted,no,
SYNONYM,CONTOSO.SYN_GEN_SEQ_150,SYNONYM,contoso.syn_gen_seq_150,Converted,no,
SYNONYM,CONTOSO.SYN_GEN_TAB_001,VIEW,contoso.syn_gen_tab_001,Converted,no,
SYNONYM,CONTOSO.SYN_GEN_TAB_007,VIEW,contoso.syn_gen_tab_007,Converted,no,
SYNONYM,CONTOSO.SYN_GEN_TAB_013,VIEW,contoso.syn_gen_tab_013,Converted,no,
SYNONYM,CONTOSO.SYN_GEN_TAB_019,VIEW,contoso.syn_gen_tab_019,Not-Converted,yes,"Convert the required dependency first. Azure PostgreSQL code passed the compilation check, but this object is not included in the deployment script because it depends on a temporary version of the required dependency. Convert the dependency, then run conversion again and confirm that this object is included. Reference: CVT-242"
SYNONYM,CONTOSO.SYN_GEN_TAB_025,VIEW,contoso.syn_gen_tab_025,Not-Converted,yes,"Resolve the required dependency. Azure PostgreSQL code was generated, but this object is not included in the deployment script because the required dependency is not ready. Convert the dependency first, then run conversion again and confirm that this object is included. Reference: CVT-141"
SYNONYM,CONTOSO.SYN_GEN_TAB_031,VIEW,contoso.syn_gen_tab_031,Converted,no,
SYNONYM,CONTOSO.SYN_GEN_TAB_037,VIEW,contoso.syn_gen_tab_037,Converted,no,
SYNONYM,CONTOSO.SYN_GEN_TAB_043,VIEW,contoso.syn_gen_tab_043,Converted,no,
SYNONYM,CONTOSO.SYN_GEN_TAB_049,VIEW,contoso.syn_gen_tab_049,Converted,no,
SYNONYM,CONTOSO.SYN_GEN_TAB_055,VIEW,contoso.syn_gen_tab_055,Converted,no,
SYNONYM,CONTOSO.SYN_GEN_TAB_061,VIEW,contoso.syn_gen_tab_061,Converted,no,
SYNONYM,CONTOSO.SYN_GEN_TAB_067,VIEW,contoso.syn_gen_tab_067,Converted,no,
SYNONYM,CONTOSO.SYN_GEN_TAB_073,VIEW,contoso.syn_gen_tab_073,Converted,no,
SYNONYM,CONTOSO.SYN_GEN_TAB_079,VIEW,contoso.syn_gen_tab_079,Converted,no,
SYNONYM,CONTOSO.SYN_GEN_TAB_085,VIEW,contoso.syn_gen_tab_085,Converted,no,
SYNONYM,CONTOSO.SYN_GEN_TAB_091,VIEW,contoso.syn_gen_tab_091,Converted,no,
SYNONYM,CONTOSO.SYN_GEN_TAB_097,VIEW,contoso.syn_gen_tab_097,Not-Converted,yes,"Resolve the required dependency. Azure PostgreSQL code was generated, but this object is not included in the deployment script because the required dependency is not ready. Convert the dependency first, then run conversion again and confirm that this object is included. Reference: CVT-141"
SYNONYM,CONTOSO.SYN_GEN_TAB_103,VIEW,contoso.syn_gen_tab_103,Converted,no,
SYNONYM,CONTOSO.SYN_GEN_TAB_109,VIEW,contoso.syn_gen_tab_109,Converted,no,
SYNONYM,CONTOSO.SYN_GEN_TAB_115,VIEW,contoso.syn_gen_tab_115,Converted,no,
SYNONYM,CONTOSO.SYN_GEN_TAB_121,VIEW,contoso.syn_gen_tab_121,Converted,no,
SYNONYM,CONTOSO.SYN_GEN_TAB_127,VIEW,contoso.syn_gen_tab_127,Converted,no,
SYNONYM,CONTOSO.SYN_GEN_TAB_133,VIEW,contoso.syn_gen_tab_133,Converted,no,
SYNONYM,CONTOSO.SYN_GEN_TAB_139,VIEW,contoso.syn_gen_tab_139,Converted,no,
SYNONYM,CONTOSO.SYN_GEN_TAB_145,VIEW,contoso.syn_gen_tab_145,Converted,no,
SYNONYM,CONTOSO.SYN_GEN_VIE_003,SYNONYM,contoso.syn_gen_vie_003,Not-Converted,yes,"Implement this object manually. Deployable Azure PostgreSQL code could not be generated, so the object is not included in the deployment script. Correct the Oracle source and run conversion again, or implement the Azure PostgreSQL code manually, test it, and deploy it separately. Reference: CVT-364"
SYNONYM,CONTOSO.SYN_GEN_VIE_009,VIEW,contoso.syn_gen_vie_009,Converted,no,
SYNONYM,CONTOSO.SYN_GEN_VIE_015,VIEW,contoso.syn_gen_vie_015,Not-Converted,yes,"Resolve the required dependency. Azure PostgreSQL code was generated, but this object is not included in the deployment script because the required dependency is not ready. Convert the dependency first, then run conversion again and confirm that this object is included. Reference: CVT-141"
SYNONYM,CONTOSO.SYN_GEN_VIE_021,SYNONYM,contoso.syn_gen_vie_021,Not-Converted,yes,"Implement this object manually. Deployable Azure PostgreSQL code could not be generated, so the object is not included in the deployment script. Correct the Oracle source and run conversion again, or implement the Azure PostgreSQL code manually, test it, and deploy it separately. Reference: CVT-364"
SYNONYM,CONTOSO.SYN_GEN_VIE_027,VIEW,contoso.syn_gen_vie_027,Converted,no,
SYNONYM,CONTOSO.SYN_GEN_VIE_033,VIEW,contoso.SYN_GEN_VIE_033,Not-Converted,yes,"Review and correct the generated code. Best-effort Azure PostgreSQL code was generated, but it is not included in the deployment script and its behavior is unverified. Compare it with the source, correct it, and test it before deploying separately. Reference: CVT-366"
SYNONYM,CONTOSO.SYN_GEN_VIE_039,VIEW,contoso.syn_gen_vie_039,Converted,yes,
SYNONYM,CONTOSO.SYN_GEN_VIE_045,VIEW,contoso.syn_gen_vie_045,Converted,no,
SYNONYM,CONTOSO.SYN_GEN_VIE_051,VIEW,contoso.syn_gen_vie_051,Not-Converted,yes,"Convert the required dependency first. Azure PostgreSQL code passed the compilation check, but this object is not included in the deployment script because it depends on a temporary version of the required dependency. Convert the dependency, then run conversion again and confirm that this object is included. Reference: CVT-242"
SYNONYM,CONTOSO.SYN_GEN_VIE_057,VIEW,contoso.syn_gen_vie_057,Not-Converted,yes,"Convert the required dependency first. Azure PostgreSQL code passed the compilation check, but this object is not included in the deployment script because it depends on a temporary version of the required dependency. Convert the dependency, then run conversion again and confirm that this object is included. Reference: CVT-242"
SYNONYM,CONTOSO.SYN_GEN_VIE_063,SYNONYM,contoso.syn_gen_vie_063,Not-Converted,yes,"Implement this object manually. Deployable Azure PostgreSQL code could not be generated, so the object is not included in the deployment script. Correct the Oracle source and run conversion again, or implement the Azure PostgreSQL code manually, test it, and deploy it separately. Reference: CVT-364"
SYNONYM,CONTOSO.SYN_GEN_VIE_069,VIEW,contoso.syn_gen_vie_069,Not-Converted,yes,"Convert the required dependency first. Azure PostgreSQL code passed the compilation check, but this object is not included in the deployment script because it depends on a temporary version of the required dependency. Convert the dependency, then run conversion again and confirm that this object is included. Reference: CVT-242"
SYNONYM,CONTOSO.SYN_GEN_VIE_075,VIEW,contoso.syn_gen_vie_075,Not-Converted,yes,"Convert the required dependency first. Azure PostgreSQL code passed the compilation check, but this object is not included in the deployment script because it depends on a temporary version of the required dependency. Convert the dependency, then run conversion again and confirm that this object is included. Reference: CVT-242"
SYNONYM,CONTOSO.SYN_GEN_VIE_081,VIEW,contoso.syn_gen_vie_081,Not-Converted,yes,"Convert the required dependency first. Azure PostgreSQL code passed the compilation check, but this object is not included in the deployment script because it depends on a temporary version of the required dependency. Convert the dependency, then run conversion again and confirm that this object is included. Reference: CVT-242"
SYNONYM,CONTOSO.SYN_GEN_VIE_087,VIEW,contoso.syn_gen_vie_087,Not-Converted,yes,"Resolve the required dependency. Azure PostgreSQL code was generated, but this object is not included in the deployment script because the required dependency is not ready. Convert the dependency first, then run conversion again and confirm that this object is included. Reference: CVT-141"
SYNONYM,CONTOSO.SYN_GEN_VIE_093,VIEW,contoso.syn_gen_vie_093,Converted,no,
SYNONYM,CONTOSO.SYN_GEN_VIE_099,VIEW,contoso.syn_gen_vie_099,Not-Converted,yes,"Resolve the required dependency. Azure PostgreSQL code was generated, but this object is not included in the deployment script because the required dependency is not ready. Convert the dependency first, then run conversion again and confirm that this object is included. Reference: CVT-141"
SYNONYM,CONTOSO.SYN_GEN_VIE_105,VIEW,contoso.syn_gen_vie_105,Not-Converted,yes,"Review and correct the generated code. Best-effort Azure PostgreSQL code was generated, but it is not included in the deployment script and its behavior is unverified. Compare it with the source, correct it, and test it before deploying separately. Reference: CVT-366"
SYNONYM,CONTOSO.SYN_GEN_VIE_111,VIEW,contoso.syn_gen_vie_111,Converted,no,
SYNONYM,CONTOSO.SYN_GEN_VIE_117,VIEW,contoso.syn_gen_vie_117,Converted,no,
SYNONYM,CONTOSO.SYN_GEN_VIE_123,VIEW,contoso.syn_gen_vie_123,Not-Converted,yes,"Resolve the required dependency. Azure PostgreSQL code was generated, but this object is not included in the deployment script because the required dependency is not ready. Convert the dependency first, then run conversion again and confirm that this object is included. Reference: CVT-141"
SYNONYM,CONTOSO.SYN_GEN_VIE_129,SYNONYM,contoso.syn_gen_vie_129,Not-Converted,yes,"Implement this object manually. Deployable Azure PostgreSQL code could not be generated, so the object is not included in the deployment script. Correct the Oracle source and run conversion again, or implement the Azure PostgreSQL code manually, test it, and deploy it separately. Reference: CVT-364"
SYNONYM,CONTOSO.SYN_GEN_VIE_135,VIEW,contoso.syn_gen_vie_135,Not-Converted,yes,"Convert the required dependency first. Azure PostgreSQL code passed the compilation check, but this object is not included in the deployment script because it depends on a temporary version of the required dependency. Convert the dependency, then run conversion again and confirm that this object is included. Reference: CVT-242"
SYNONYM,CONTOSO.SYN_GEN_VIE_141,VIEW,contoso.syn_gen_vie_141,Not-Converted,yes,"Convert the required dependency first. Azure PostgreSQL code passed the compilation check, but this object is not included in the deployment script because it depends on a temporary version of the required dependency. Convert the dependency, then run conversion again and confirm that this object is included. Reference: CVT-242"
SYNONYM,CONTOSO.SYN_GEN_VIE_147,SYNONYM,contoso.syn_gen_vie_147,Not-Converted,yes,"Implement this object manually. Deployable Azure PostgreSQL code could not be generated, so the object is not included in the deployment script. Correct the Oracle source and run conversion again, or implement the Azure PostgreSQL code manually, test it, and deploy it separately. Reference: CVT-364"
SYNONYM,CONTOSO.SYN_GL_JOURNALS,VIEW,contoso.syn_gl_journals,Converted,no,
SYNONYM,CONTOSO.SYN_INVENTORY,FUNCTION,contoso.syn_inventory$available_qty(),Converted,no,
SYNONYM,CONTOSO.SYN_LEGACY_PRICEBOOK,VIEW,contoso.syn_legacy_pricebook,Not-Converted,yes,"Resolve the required dependency. Azure PostgreSQL code was generated, but this object is not included in the deployment script because the required dependency is not ready. Convert the dependency first, then run conversion again and confirm that this object is included. Reference: CVT-141"
SYNONYM,CONTOSO.SYN_LOYALTY_API,,,Not-Converted,yes,Include this object in a new conversion run. The object was not converted. It was also left out of the current run and is not included in the deployment script. Include it in a subsequent run or implement and deploy it separately after testing. Reference: CVT-345
SYNONYM,CONTOSO.SYN_MOVEMENTS,VIEW,contoso.syn_movements,Not-Converted,yes,"Resolve the required dependency. Azure PostgreSQL code was generated, but this object is not included in the deployment script because the required dependency is not ready. Convert the dependency first, then run conversion again and confirm that this object is included. Reference: CVT-141"
SYNONYM,CONTOSO.SYN_ORDERS,VIEW,contoso.syn_orders,Not-Converted,yes,"Resolve the required dependency. Azure PostgreSQL code was generated, but this object is not included in the deployment script because the required dependency is not ready. Convert the dependency first, then run conversion again and confirm that this object is included. Reference: CVT-141"
SYNONYM,CONTOSO.SYN_ORDER_CAPTURE,,,Not-Converted,yes,Include this object in a new conversion run. The object was not converted. It was also left out of the current run and is not included in the deployment script. Include it in a subsequent run or implement and deploy it separately after testing. Reference: CVT-345
SYNONYM,CONTOSO.SYN_ORDER_LINES,VIEW,contoso.syn_order_lines,Not-Converted,yes,"Resolve the required dependency. Azure PostgreSQL code was generated, but this object is not included in the deployment script because the required dependency is not ready. Convert the dependency first, then run conversion again and confirm that this object is included. Reference: CVT-141"
SYNONYM,CONTOSO.SYN_PRICING,FUNCTION,contoso.syn_pricing$effective_price(),Converted,no,
SYNONYM,CONTOSO.SYN_PRODUCTS,VIEW,contoso.syn_products,Not-Converted,yes,"Resolve the required dependency. Azure PostgreSQL code was generated, but this object is not included in the deployment script because the required dependency is not ready. Convert the dependency first, then run conversion again and confirm that this object is included. Reference: CVT-141"
SYNONYM,CONTOSO.SYN_PURCHASE_ORDERS,VIEW,contoso.syn_purchase_orders,Converted,no,
SYNONYM,CONTOSO.SYN_REPORTING,,,Not-Converted,yes,Include this object in a new conversion run. The object was not converted. It was also left out of the current run and is not included in the deployment script. Include it in a subsequent run or implement and deploy it separately after testing. Reference: CVT-345
SYNONYM,CONTOSO.SYN_SALES_DAILY,VIEW,contoso.syn_sales_daily,Not-Converted,yes,"Resolve the required dependency. Azure PostgreSQL code was generated, but this object is not included in the deployment script because the required dependency is not ready. Convert the dependency first, then run conversion again and confirm that this object is included. Reference: CVT-141"
SYNONYM,CONTOSO.SYN_SELLABLE,SYNONYM,contoso.syn_sellable,Not-Converted,yes,"Implement this object manually. Deployable Azure PostgreSQL code could not be generated, so the object is not included in the deployment script. Correct the Oracle source and run conversion again, or implement the Azure PostgreSQL code manually, test it, and deploy it separately. Reference: CVT-364"
SYNONYM,CONTOSO.SYN_STOCK,VIEW,contoso.syn_stock,Converted,no,
SYNONYM,CONTOSO.SYN_STOCK_POSITION,VIEW,contoso.syn_stock_position,Not-Converted,yes,"Convert the required dependency first. Azure PostgreSQL code passed the compilation check, but this object is not included in the deployment script because it depends on a temporary version of the required dependency. Convert the dependency, then run conversion again and confirm that this object is included. Reference: CVT-242"
SYNONYM,CONTOSO.SYN_STORES,VIEW,contoso.syn_stores,Not-Converted,yes,"Review and correct the generated code. Best-effort Azure PostgreSQL code was generated, but it is not included in the deployment script and its behavior is unverified. Compare it with the source, correct it, and test it before deploying separately. Reference: CVT-366"
SYNONYM,CONTOSO.SYN_SUPPLIERS,VIEW,contoso.syn_suppliers,Converted,no,
SYNONYM,CONTOSO.SYN_TRIAL_BALANCE,VIEW,contoso.syn_trial_balance,Converted,no,
SYNONYM,CONTOSO.SYN_VARIANTS,VIEW,contoso.syn_variants,Converted,no,
TABLE,CONTOSO.ADDRESS,TABLE,contoso.address,Not-Converted,yes,"Deployment or runtime will fail until this object is resolved. Azure PostgreSQL code passed the compilation check, but the object is not included in the deployment script even though objects in the script still call it. Run conversion again and confirm inclusion, or test and deploy the code separately before running the deployment script. Running conversion again replaces any edits you make to the generated code. Reference: CVT-382"
TABLE,CONTOSO.APP_PARAMETER,TABLE,contoso.app_parameter,Converted,no,
TABLE,CONTOSO.ARC_GEN_SALES_2014,TABLE,contoso.arc_gen_sales_2014,Converted,no,
TABLE,CONTOSO.ARC_GEN_SALES_2015,TABLE,contoso.arc_gen_sales_2015,Converted,no,
TABLE,CONTOSO.ARC_GEN_SALES_2016,TABLE,contoso.arc_gen_sales_2016,Converted,no,
TABLE,CONTOSO.ARC_GEN_SALES_2017,TABLE,contoso.arc_gen_sales_2017,Converted,no,
TABLE,CONTOSO.ARC_GEN_SALES_2018,TABLE,contoso.arc_gen_sales_2018,Converted,no,
TABLE,CONTOSO.ARC_GEN_SALES_2019,TABLE,contoso.arc_gen_sales_2019,Converted,no,
TABLE,CONTOSO.ARC_GEN_SALES_2020,TABLE,contoso.arc_gen_sales_2020,Converted,no,
TABLE,CONTOSO.ARC_GEN_SALES_2021,TABLE,contoso.arc_gen_sales_2021,Converted,no,
TABLE,CONTOSO.ARC_GEN_SALES_2022,TABLE,contoso.arc_gen_sales_2022,Converted,no,
TABLE,CONTOSO.ARC_GEN_SALES_2023,TABLE,contoso.arc_gen_sales_2023,Converted,no,
TABLE,CONTOSO.ARC_GEN_SALES_2024,TABLE,contoso.arc_gen_sales_2024,Converted,no,
TABLE,CONTOSO.ARC_GEN_SALES_2025,TABLE,contoso.arc_gen_sales_2025,Converted,no,
TABLE,CONTOSO.AUDIT_LOG,TABLE,contoso.audit_log,Converted,no,
TABLE,CONTOSO.BRAND,TABLE,contoso.brand,Converted,no,
TABLE,CONTOSO.CALENDAR_DAY,TABLE,contoso.calendar_day,Converted,no,
TABLE,CONTOSO.CARRIER,TABLE,contoso.carrier,Converted,no,
TABLE,CONTOSO.COUNTRY,TABLE,contoso.country,Converted,no,
TABLE,CONTOSO.COUPON,TABLE,contoso.coupon,Converted,no,
TABLE,CONTOSO.CURRENCY,TABLE,contoso.currency,Converted,no,
TABLE,CONTOSO.CUSTOMER,DOMAIN,contoso.t_channel_varr,Converted,no,
TABLE,CONTOSO.CUSTOMER,TABLE,contoso.customer,Converted,no,
TABLE,CONTOSO.CUSTOMER_ADDRESS,TABLE,contoso.customer_address,Converted,no,
TABLE,CONTOSO.DATA_QUALITY_ISSUE,TABLE,contoso.data_quality_issue,Converted,no,
TABLE,CONTOSO.EMPLOYEE,TABLE,contoso.employee,Converted,no,
TABLE,CONTOSO.ERROR_LOG,TABLE,contoso.error_log,Converted,no,
TABLE,CONTOSO.EXCHANGE_RATE,TABLE,contoso.exchange_rate,Converted,no,
TABLE,CONTOSO.GL_ACCOUNT,TABLE,contoso.gl_account,Converted,no,
TABLE,CONTOSO.GL_JOURNAL,TABLE,contoso.gl_journal,Converted,no,
TABLE,CONTOSO.GL_JOURNAL_LINE,TABLE,contoso.gl_journal_line,Converted,no,
TABLE,CONTOSO.GL_PERIOD,TABLE,contoso.gl_period,Converted,no,
TABLE,CONTOSO.GOODS_RECEIPT,TABLE,contoso.goods_receipt,Converted,no,
TABLE,CONTOSO.GTT_ORDER_STAGE,TABLE,contoso.gtt_order_stage,Converted,no,
TABLE,CONTOSO.GTT_PRICE_CALC,TABLE,contoso.gtt_price_calc,Converted,no,
TABLE,CONTOSO.GTT_REPLENISHMENT,TABLE,contoso.gtt_replenishment,Converted,no,
TABLE,CONTOSO.INVENTORY_LOCATION,TABLE,contoso.inventory_location,Converted,no,
TABLE,CONTOSO.INVENTORY_MOVEMENT,TABLE,contoso.inventory_movement,Converted,no,
TABLE,CONTOSO.INVENTORY_MOVEMENT,TABLE,contoso.inventory_movement_p_im_seed,Converted,no,
TABLE,CONTOSO.INVENTORY_MOVEMENT,TABLE,contoso.inventory_movement_p_im_seed_other,Converted,no,
TABLE,CONTOSO.INVENTORY_MOVEMENT,TABLE,contoso.inventory_movement_p_im_seed_receipt,Converted,no,
TABLE,CONTOSO.INVENTORY_MOVEMENT,TABLE,contoso.inventory_movement_p_im_seed_return,Converted,no,
TABLE,CONTOSO.INVENTORY_MOVEMENT,TABLE,contoso.inventory_movement_p_im_seed_sale,Converted,no,
TABLE,CONTOSO.INVENTORY_MOVEMENT,TABLE,contoso.inventory_movement_p_im_seed_transfer,Converted,no,
TABLE,CONTOSO.INVENTORY_STOCK,TABLE,contoso.inventory_stock,Converted,no,
TABLE,CONTOSO.JOB_RUN_LOG,TABLE,contoso.job_run_log,Converted,no,
TABLE,CONTOSO.LOYALTY_ACCOUNT,TABLE,contoso.loyalty_account,Converted,no,
TABLE,CONTOSO.LOYALTY_TIER,TABLE,contoso.loyalty_benefit_ntab,Converted,no,
TABLE,CONTOSO.LOYALTY_TIER,TABLE,contoso.loyalty_tier,Converted,no,
TABLE,CONTOSO.LOYALTY_TRANSACTION,TABLE,contoso.loyalty_transaction,Converted,no,
TABLE,CONTOSO.LOYALTY_TRANSACTION,TABLE,contoso.loyalty_transaction_p_lt_accrue,Converted,no,
TABLE,CONTOSO.LOYALTY_TRANSACTION,TABLE,contoso.loyalty_transaction_p_lt_adjust,Converted,no,
TABLE,CONTOSO.LOYALTY_TRANSACTION,TABLE,contoso.loyalty_transaction_p_lt_expire,Converted,no,
TABLE,CONTOSO.LOYALTY_TRANSACTION,TABLE,contoso.loyalty_transaction_p_lt_other,Converted,no,
TABLE,CONTOSO.LOYALTY_TRANSACTION,TABLE,contoso.loyalty_transaction_p_lt_redeem,Converted,no,
TABLE,CONTOSO.LOYALTY_TRANSACTION,TABLE,contoso.loyalty_transaction_p_lt_transfer,Converted,no,
TABLE,CONTOSO.ORDER_PAYMENT,TABLE,contoso.order_payment,Converted,no,
TABLE,CONTOSO.PRICE_LIST,TABLE,contoso.price_list,Converted,no,
TABLE,CONTOSO.PRICE_LIST_ITEM,TABLE,contoso.price_list_item,Converted,no,
TABLE,CONTOSO.PRODUCT,INDEX,contoso.product_attr_ntab_attribute_name_idx,Not-Converted,yes,"Deployment or runtime will fail until this object is resolved. Azure PostgreSQL code passed the compilation check, but the object is not included in the deployment script even though objects in the script still call it. Run conversion again and confirm inclusion, or test and deploy the code separately before running the deployment script. Running conversion again replaces any edits you make to the generated code. Reference: CVT-382"
TABLE,CONTOSO.PRODUCT,INDEX,contoso.product_attr_ntab_product_id_attribute_name_idx,Not-Converted,yes,"Deployment or runtime will fail until this object is resolved. Azure PostgreSQL code passed the compilation check, but the object is not included in the deployment script even though objects in the script still call it. Run conversion again and confirm inclusion, or test and deploy the code separately before running the deployment script. Running conversion again replaces any edits you make to the generated code. Reference: CVT-382"
TABLE,CONTOSO.PRODUCT,TABLE,contoso.product,Not-Converted,yes,"Deployment or runtime will fail until this object is resolved. Azure PostgreSQL code passed the compilation check, but the object is not included in the deployment script even though objects in the script still call it. Run conversion again and confirm inclusion, or test and deploy the code separately before running the deployment script. Running conversion again replaces any edits you make to the generated code. Reference: CVT-382"
TABLE,CONTOSO.PRODUCT,TABLE,contoso.product_attr_ntab,Not-Converted,yes,"Deployment or runtime will fail until this object is resolved. Azure PostgreSQL code passed the compilation check, but the object is not included in the deployment script even though objects in the script still call it. Run conversion again and confirm inclusion, or test and deploy the code separately before running the deployment script. Running conversion again replaces any edits you make to the generated code. Reference: CVT-382"
TABLE,CONTOSO.PRODUCT_CATEGORY,TABLE,contoso.product_category,Converted,no,
TABLE,CONTOSO.PRODUCT_VARIANT,TABLE,contoso.product_variant,Converted,no,
TABLE,CONTOSO.PROMOTION,TABLE,contoso.promotion,Converted,no,
TABLE,CONTOSO.PROMOTION_PRODUCT,TABLE,contoso.promotion_product,Converted,no,
TABLE,CONTOSO.PURCHASE_ORDER,TABLE,contoso.purchase_order,Converted,no,
TABLE,CONTOSO.PURCHASE_ORDER_LINE,TABLE,contoso.purchase_order_line,Converted,no,
TABLE,CONTOSO.REGION,TABLE,contoso.region,Converted,no,
TABLE,CONTOSO.RETURN_LINE,TABLE,contoso.return_line,Converted,no,
TABLE,CONTOSO.RETURN_REASON,TABLE,contoso.return_reason,Converted,no,
TABLE,CONTOSO.RETURN_REQUEST,TABLE,contoso.return_request,Converted,no,
TABLE,CONTOSO.SALES_ORDER,TABLE,contoso.sales_order,Not-Converted,yes,"Deployment or runtime will fail until this object is resolved. Azure PostgreSQL code passed the compilation check, but the object is not included in the deployment script even though objects in the script still call it. Run conversion again and confirm inclusion, or test and deploy the code separately before running the deployment script. Running conversion again replaces any edits you make to the generated code. Reference: CVT-382"
TABLE,CONTOSO.SALES_ORDER,TABLE,contoso.sales_order_default,Not-Converted,yes,"Deployment or runtime will fail until this object is resolved. Azure PostgreSQL code passed the compilation check, but the object is not included in the deployment script even though objects in the script still call it. Run conversion again and confirm inclusion, or test and deploy the code separately before running the deployment script. Running conversion again replaces any edits you make to the generated code. Reference: CVT-382"
TABLE,CONTOSO.SALES_ORDER,TABLE,contoso.sales_order_p_so_seed,Not-Converted,yes,"Deployment or runtime will fail until this object is resolved. Azure PostgreSQL code passed the compilation check, but the object is not included in the deployment script even though objects in the script still call it. Run conversion again and confirm inclusion, or test and deploy the code separately before running the deployment script. Running conversion again replaces any edits you make to the generated code. Reference: CVT-382"
TABLE,CONTOSO.SALES_ORDER_LINE,TABLE,contoso.sales_order_line,Not-Converted,yes,"Deployment or runtime will fail until this object is resolved. Azure PostgreSQL code was generated, but the object is not included in the deployment script even though objects in the script still call it. Run conversion again and confirm inclusion, or test and deploy the generated code separately before running the deployment script. Running conversion again replaces any edits you make to the generated code. Reference: CVT-381"
TABLE,CONTOSO.SHIPMENT,TABLE,contoso.shipment,Converted,no,
TABLE,CONTOSO.SHIPMENT_LINE,TABLE,contoso.shipment_line,Converted,no,
TABLE,CONTOSO.STG_GEN_CAT_001,TABLE,contoso.stg_gen_cat_001,Converted,no,
TABLE,CONTOSO.STG_GEN_CAT_002,TABLE,contoso.stg_gen_cat_002,Converted,no,
TABLE,CONTOSO.STG_GEN_CAT_003,TABLE,contoso.stg_gen_cat_003,Converted,no,
TABLE,CONTOSO.STG_GEN_CAT_004,TABLE,contoso.stg_gen_cat_004,Converted,no,
TABLE,CONTOSO.STG_GEN_CAT_005,TABLE,contoso.stg_gen_cat_005,Converted,no,
TABLE,CONTOSO.STG_GEN_CAT_006,TABLE,contoso.stg_gen_cat_006,Converted,no,
TABLE,CONTOSO.STG_GEN_CAT_007,TABLE,contoso.stg_gen_cat_007,Converted,no,
TABLE,CONTOSO.STG_GEN_CAT_008,TABLE,contoso.stg_gen_cat_008,Converted,no,
TABLE,CONTOSO.STG_GEN_CAT_009,TABLE,contoso.stg_gen_cat_009,Converted,no,
TABLE,CONTOSO.STG_GEN_CAT_010,TABLE,contoso.stg_gen_cat_010,Converted,no,
TABLE,CONTOSO.STG_GEN_CAT_011,TABLE,contoso.stg_gen_cat_011,Converted,no,
TABLE,CONTOSO.STG_GEN_CAT_012,TABLE,contoso.stg_gen_cat_012,Converted,no,
TABLE,CONTOSO.STG_GEN_CAT_013,TABLE,contoso.stg_gen_cat_013,Converted,no,
TABLE,CONTOSO.STG_GEN_CAT_014,TABLE,contoso.stg_gen_cat_014,Converted,no,
TABLE,CONTOSO.STG_GEN_CAT_015,TABLE,contoso.stg_gen_cat_015,Converted,no,
TABLE,CONTOSO.STG_GEN_CAT_016,TABLE,contoso.stg_gen_cat_016,Converted,no,
TABLE,CONTOSO.STG_GEN_CAT_017,TABLE,contoso.stg_gen_cat_017,Converted,no,
TABLE,CONTOSO.STG_GEN_CAT_018,TABLE,contoso.stg_gen_cat_018,Converted,no,
TABLE,CONTOSO.STG_GEN_CAT_019,TABLE,contoso.stg_gen_cat_019,Converted,no,
TABLE,CONTOSO.STG_GEN_CAT_020,TABLE,contoso.stg_gen_cat_020,Converted,no,
TABLE,CONTOSO.STG_GEN_CAT_021,TABLE,contoso.stg_gen_cat_021,Converted,no,
TABLE,CONTOSO.STG_GEN_CAT_022,TABLE,contoso.stg_gen_cat_022,Converted,no,
TABLE,CONTOSO.STG_GEN_CAT_023,TABLE,contoso.stg_gen_cat_023,Converted,no,
TABLE,CONTOSO.STG_GEN_CAT_024,TABLE,contoso.stg_gen_cat_024,Converted,no,
TABLE,CONTOSO.STG_GEN_CAT_025,TABLE,contoso.stg_gen_cat_025,Converted,no,
TABLE,CONTOSO.STG_GEN_CAT_026,TABLE,contoso.stg_gen_cat_026,Converted,no,
TABLE,CONTOSO.STG_GEN_CAT_027,TABLE,contoso.stg_gen_cat_027,Converted,no,
TABLE,CONTOSO.STG_GEN_CAT_028,TABLE,contoso.stg_gen_cat_028,Converted,no,
TABLE,CONTOSO.STG_GEN_CAT_029,TABLE,contoso.stg_gen_cat_029,Converted,no,
TABLE,CONTOSO.STG_GEN_CAT_030,TABLE,contoso.stg_gen_cat_030,Converted,no,
TABLE,CONTOSO.SUPPLIER,TABLE,contoso.supplier,Converted,no,
TABLE,CONTOSO.SUPPLIER_PRODUCT,TABLE,contoso.supplier_product,Converted,no,
TABLE,CONTOSO.StoreAudit_Legacy,TABLE,contoso.StoreAudit_Legacy,Converted,no,
TABLE,CONTOSO.TAX_RATE,TABLE,contoso.tax_rate,Converted,no,
TABLE,CONTOSO.WAREHOUSE,TABLE,contoso.warehouse,Converted,no,
TRIGGER,CONTOSO.TRG_AD_COUPON_AUDIT,FUNCTION,contoso.trg_ad_coupon_audit_fn(),Converted,yes,
TRIGGER,CONTOSO.TRG_AD_COUPON_AUDIT,TRIGGER,contoso.trg_ad_coupon_audit,Converted,yes,
TRIGGER,CONTOSO.TRG_AIUD_CUSTOMER,FUNCTION,contoso.trg_aiud_customer_tf(),Converted,no,
TRIGGER,CONTOSO.TRG_AIUD_CUSTOMER,TRIGGER,contoso.trg_aiud_customer,Converted,no,
TRIGGER,CONTOSO.TRG_AIUD_GL_JOURNAL_LINE,FUNCTION,contoso.trg_aiud_gl_journal_line_fn(),Converted,yes,
TRIGGER,CONTOSO.TRG_AIUD_GL_JOURNAL_LINE,TRIGGER,contoso.trg_aiud_gl_journal_line,Converted,yes,
TRIGGER,CONTOSO.TRG_AIUD_LOYALTY_ACCOUNT,FUNCTION,contoso.trg_aiud_loyalty_account_fn(),Converted,yes,
TRIGGER,CONTOSO.TRG_AIUD_LOYALTY_ACCOUNT,TRIGGER,contoso.trg_aiud_loyalty_account,Converted,yes,
TRIGGER,CONTOSO.TRG_AR_GL_JOURNAL_LINE_A,FUNCTION,contoso.trg_ar_gl_journal_line_a_fn(),Converted,no,
TRIGGER,CONTOSO.TRG_AR_GL_JOURNAL_LINE_A,TRIGGER,contoso.trg_ar_gl_journal_line_a,Converted,no,
TRIGGER,CONTOSO.TRG_AR_GL_JOURNAL_LINE_B,FUNCTION,contoso.trg_ar_gl_journal_line_b(),Not-Converted,yes,"Review and correct the generated code. Best-effort Azure PostgreSQL code was generated, but it is not included in the deployment script and its behavior is unverified. Compare it with the source, correct it, and test it before deploying separately. Reference: CVT-366"
TRIGGER,CONTOSO.TRG_AR_GL_JOURNAL_LINE_B,TRIGGER,contoso.trg_ar_gl_journal_line_b,Not-Converted,yes,"Review and correct the generated code. Best-effort Azure PostgreSQL code was generated, but it is not included in the deployment script and its behavior is unverified. Compare it with the source, correct it, and test it before deploying separately. Reference: CVT-366"
TRIGGER,CONTOSO.TRG_AS_PRICE_LIST_ITEM_REPRICE,FUNCTION,contoso.trg_as_price_list_item_reprice_fn(),Converted,yes,
TRIGGER,CONTOSO.TRG_AS_PRICE_LIST_ITEM_REPRICE,TRIGGER,contoso.trg_as_price_list_item_reprice,Converted,yes,
TRIGGER,CONTOSO.TRG_AS_SALES_ORDER_LINE_STMT,FUNCTION,contoso.trg_as_sales_order_line_stmt_fn(),Not-Converted,yes,"Review and correct the generated code. Best-effort Azure PostgreSQL code was generated, but it is not included in the deployment script and its behavior is unverified. Compare it with the source, correct it, and test it before deploying separately. Reference: CVT-366"
TRIGGER,CONTOSO.TRG_AS_SALES_ORDER_LINE_STMT,TRIGGER,contoso.trg_as_sales_order_line_stmt,Not-Converted,yes,"Review and correct the generated code. Best-effort Azure PostgreSQL code was generated, but it is not included in the deployment script and its behavior is unverified. Compare it with the source, correct it, and test it before deploying separately. Reference: CVT-366"
TRIGGER,CONTOSO.TRG_AU_ORDER_PAYMENT,FUNCTION,contoso.trg_au_order_payment_fn(),Not-Converted,yes,"Review and correct the generated code. Best-effort Azure PostgreSQL code was generated, but it is not included in the deployment script and its behavior is unverified. Compare it with the source, correct it, and test it before deploying separately. Reference: CVT-366"
TRIGGER,CONTOSO.TRG_AU_ORDER_PAYMENT,TRIGGER,contoso.trg_au_order_payment,Not-Converted,yes,"Review and correct the generated code. Best-effort Azure PostgreSQL code was generated, but it is not included in the deployment script and its behavior is unverified. Compare it with the source, correct it, and test it before deploying separately. Reference: CVT-366"
TRIGGER,CONTOSO.TRG_BIUS_GL_PERIOD,FUNCTION,contoso.trg_bius_gl_period_fn(),Converted,no,
TRIGGER,CONTOSO.TRG_BIUS_GL_PERIOD,TRIGGER,contoso.trg_bius_gl_period,Converted,no,
TRIGGER,CONTOSO.TRG_BI_ADDRESS,FUNCTION,contoso.trg_bi_address_fn(),Not-Converted,yes,"Convert the required dependency first. Azure PostgreSQL code passed the compilation check, but this object is not included in the deployment script because it depends on a temporary version of the required dependency. Convert the dependency, then run conversion again and confirm that this object is included. Reference: CVT-242"
TRIGGER,CONTOSO.TRG_BI_ADDRESS,TRIGGER,contoso.trg_bi_address,Not-Converted,yes,"Convert the required dependency first. Azure PostgreSQL code passed the compilation check, but this object is not included in the deployment script because it depends on a temporary version of the required dependency. Convert the dependency, then run conversion again and confirm that this object is included. Reference: CVT-242"
TRIGGER,CONTOSO.TRG_BI_CUSTOMER,FUNCTION,contoso.trg_bi_customer_bi(),Converted,no,
TRIGGER,CONTOSO.TRG_BI_CUSTOMER,TRIGGER,contoso.trg_bi_customer,Converted,no,
TRIGGER,CONTOSO.TRG_BI_EMPLOYEE,FUNCTION,contoso.trg_bi_employee_fn(),Converted,yes,
TRIGGER,CONTOSO.TRG_BI_EMPLOYEE,TRIGGER,contoso.trg_bi_employee,Converted,yes,
TRIGGER,CONTOSO.TRG_BI_PROMOTION,FUNCTION,contoso.trg_bi_promotion_bi(),Converted,no,
TRIGGER,CONTOSO.TRG_BI_PROMOTION,TRIGGER,contoso.trg_bi_promotion,Converted,no,
TRIGGER,CONTOSO.TRG_BI_RETURN_REQUEST,FUNCTION,contoso.trg_bi_return_request_bi(),Converted,no,
TRIGGER,CONTOSO.TRG_BI_RETURN_REQUEST,TRIGGER,contoso.trg_bi_return_request,Converted,no,
TRIGGER,CONTOSO.TRG_BI_SALES_ORDER_WEB,FUNCTION,contoso.trg_bi_sales_order_web_fn(),Not-Converted,yes,"Review and correct the generated code. Best-effort Azure PostgreSQL code was generated, but it is not included in the deployment script and its behavior is unverified. Compare it with the source, correct it, and test it before deploying separately. Reference: CVT-366"
TRIGGER,CONTOSO.TRG_BI_SALES_ORDER_WEB,TRIGGER,contoso.trg_bi_sales_order_web,Not-Converted,yes,"Review and correct the generated code. Best-effort Azure PostgreSQL code was generated, but it is not included in the deployment script and its behavior is unverified. Compare it with the source, correct it, and test it before deploying separately. Reference: CVT-366"
TRIGGER,CONTOSO.TRG_BI_SUPPLIER,FUNCTION,contoso.trg_bi_supplier__fn(),Converted,yes,
TRIGGER,CONTOSO.TRG_BI_SUPPLIER,TRIGGER,contoso.trg_bi_supplier,Converted,yes,
TRIGGER,CONTOSO.TRG_BU_APP_PARAMETER,FUNCTION,contoso.trg_bu_app_parameter_fn(),Converted,no,
TRIGGER,CONTOSO.TRG_BU_APP_PARAMETER,TRIGGER,contoso.trg_bu_app_parameter,Converted,no,
TRIGGER,CONTOSO.TRG_BU_PRODUCT,FUNCTION,contoso.trg_bu_product_fn(),Not-Converted,yes,"Convert the required dependency first. Azure PostgreSQL code was generated, but this object is not included in the deployment script because it depends on a temporary version of the required dependency. Convert the dependency, then run conversion again and confirm that this object is included. Reference: CVT-241"
TRIGGER,CONTOSO.TRG_BU_PRODUCT,TRIGGER,contoso.trg_bu_product,Not-Converted,yes,"Convert the required dependency first. Azure PostgreSQL code was generated, but this object is not included in the deployment script because it depends on a temporary version of the required dependency. Convert the dependency, then run conversion again and confirm that this object is included. Reference: CVT-241"
TRIGGER,CONTOSO.TRG_BU_STORE_AREA,FUNCTION,contoso.trg_bu_store_area_fn(),Not-Converted,yes,"Review and correct the generated code. Best-effort Azure PostgreSQL code was generated, but it is not included in the deployment script and its behavior is unverified. Compare it with the source, correct it, and test it before deploying separately. Reference: CVT-366"
TRIGGER,CONTOSO.TRG_BU_STORE_AREA,TRIGGER,contoso.trg_bu_store_area,Not-Converted,yes,"Review and correct the generated code. Best-effort Azure PostgreSQL code was generated, but it is not included in the deployment script and its behavior is unverified. Compare it with the source, correct it, and test it before deploying separately. Reference: CVT-366"
TRIGGER,CONTOSO.TRG_CMP_INVENTORY_STOCK,FUNCTION,contoso.trg_cmp_inventory_stock__ins_fn(),Converted,yes,
TRIGGER,CONTOSO.TRG_CMP_INVENTORY_STOCK,FUNCTION,contoso.trg_cmp_inventory_stock__upd_fn(),Converted,yes,
TRIGGER,CONTOSO.TRG_CMP_INVENTORY_STOCK,TRIGGER,contoso.trg_cmp_inventory_stock_ins,Converted,yes,
TRIGGER,CONTOSO.TRG_CMP_INVENTORY_STOCK,TRIGGER,contoso.trg_cmp_inventory_stock_upd,Converted,yes,
TRIGGER,CONTOSO.TRG_CMP_LOYALTY_TXN,FUNCTION,contoso.trg_cmp_loyalty_txn__ins_fn(),Converted,yes,
TRIGGER,CONTOSO.TRG_CMP_LOYALTY_TXN,FUNCTION,contoso.trg_cmp_loyalty_txn__upd_fn(),Converted,yes,
TRIGGER,CONTOSO.TRG_CMP_LOYALTY_TXN,TRIGGER,contoso.trg_cmp_loyalty_txn_ins,Converted,yes,
TRIGGER,CONTOSO.TRG_CMP_LOYALTY_TXN,TRIGGER,contoso.trg_cmp_loyalty_txn_upd,Converted,yes,
TRIGGER,CONTOSO.TRG_CMP_SALES_ORDER_LINE,FUNCTION,contoso.trg_cmp_sales_order_line(),Not-Converted,yes,"Review and correct the generated code. Best-effort Azure PostgreSQL code was generated, but it is not included in the deployment script and its behavior is unverified. Compare it with the source, correct it, and test it before deploying separately. Reference: CVT-366"
TRIGGER,CONTOSO.TRG_CMP_SALES_ORDER_LINE,TRIGGER,contoso.trg_cmp_sales_order_line,Not-Converted,yes,"Review and correct the generated code. Best-effort Azure PostgreSQL code was generated, but it is not included in the deployment script and its behavior is unverified. Compare it with the source, correct it, and test it before deploying separately. Reference: CVT-366"
TRIGGER,CONTOSO.TRG_GEN_AUD_001,FUNCTION,contoso.trg_gen_aud_001_fn(),Not-Converted,yes,"Review and correct the generated code. Best-effort Azure PostgreSQL code was generated, but it is not included in the deployment script and its behavior is unverified. Compare it with the source, correct it, and test it before deploying separately. Reference: CVT-366"
TRIGGER,CONTOSO.TRG_GEN_AUD_001,TRIGGER,contoso.trg_gen_aud_001,Not-Converted,yes,"Review and correct the generated code. Best-effort Azure PostgreSQL code was generated, but it is not included in the deployment script and its behavior is unverified. Compare it with the source, correct it, and test it before deploying separately. Reference: CVT-366"
TRIGGER,CONTOSO.TRG_GEN_AUD_002,FUNCTION,contoso.trg_gen_aud_002_fn(),Converted,no,
TRIGGER,CONTOSO.TRG_GEN_AUD_002,TRIGGER,contoso.trg_gen_aud_002,Converted,no,
TRIGGER,CONTOSO.TRG_GEN_AUD_003,FUNCTION,contoso.trg_gen_aud_003_fn(),Converted,no,
TRIGGER,CONTOSO.TRG_GEN_AUD_003,TRIGGER,contoso.trg_gen_aud_003,Converted,no,
TRIGGER,CONTOSO.TRG_GEN_AUD_004,FUNCTION,contoso.trg_gen_aud_004_fn(),Converted,no,
TRIGGER,CONTOSO.TRG_GEN_AUD_004,TRIGGER,contoso.trg_gen_aud_004,Converted,no,
TRIGGER,CONTOSO.TRG_GEN_AUD_005,FUNCTION,contoso.trg_gen_aud_005_fn(),Converted,no,
TRIGGER,CONTOSO.TRG_GEN_AUD_005,TRIGGER,contoso.trg_gen_aud_005,Converted,no,
TRIGGER,CONTOSO.TRG_GEN_AUD_006,FUNCTION,contoso.trg_gen_aud_006_fn(),Converted,no,
TRIGGER,CONTOSO.TRG_GEN_AUD_006,TRIGGER,contoso.trg_gen_aud_006,Converted,no,
TRIGGER,CONTOSO.TRG_GEN_AUD_007,FUNCTION,contoso.trg_gen_aud_007_fn(),Converted,no,
TRIGGER,CONTOSO.TRG_GEN_AUD_007,TRIGGER,contoso.trg_gen_aud_007,Converted,no,
TRIGGER,CONTOSO.TRG_GEN_AUD_008,FUNCTION,contoso.trg_gen_aud_008_fn(),Not-Converted,yes,"Review and correct the generated code. Best-effort Azure PostgreSQL code was generated, but it is not included in the deployment script and its behavior is unverified. Compare it with the source, correct it, and test it before deploying separately. Reference: CVT-366"
TRIGGER,CONTOSO.TRG_GEN_AUD_008,TRIGGER,contoso.trg_gen_aud_008,Not-Converted,yes,"Review and correct the generated code. Best-effort Azure PostgreSQL code was generated, but it is not included in the deployment script and its behavior is unverified. Compare it with the source, correct it, and test it before deploying separately. Reference: CVT-366"
TRIGGER,CONTOSO.TRG_GEN_CMP_001,FUNCTION,contoso.trg_gen_cmp_001_fn(),Converted,no,
TRIGGER,CONTOSO.TRG_GEN_CMP_001,TRIGGER,contoso.trg_gen_cmp_001_ins,Converted,no,
TRIGGER,CONTOSO.TRG_GEN_CMP_001,TRIGGER,contoso.trg_gen_cmp_001_upd,Converted,no,
TRIGGER,CONTOSO.TRG_GEN_CMP_002,FUNCTION,contoso.trg_gen_cmp_002_ins_fn(),Converted,no,
TRIGGER,CONTOSO.TRG_GEN_CMP_002,FUNCTION,contoso.trg_gen_cmp_002_upd_fn(),Converted,no,
TRIGGER,CONTOSO.TRG_GEN_CMP_002,TRIGGER,contoso.trg_gen_cmp_002_ins,Converted,no,
TRIGGER,CONTOSO.TRG_GEN_CMP_002,TRIGGER,contoso.trg_gen_cmp_002_upd,Converted,no,
TRIGGER,CONTOSO.TRG_GEN_CMP_003,FUNCTION,contoso.trg_gen_cmp_003_ins_fn(),Converted,no,
TRIGGER,CONTOSO.TRG_GEN_CMP_003,FUNCTION,contoso.trg_gen_cmp_003_upd_fn(),Converted,no,
TRIGGER,CONTOSO.TRG_GEN_CMP_003,TRIGGER,contoso.trg_gen_cmp_003_ins,Converted,no,
TRIGGER,CONTOSO.TRG_GEN_CMP_003,TRIGGER,contoso.trg_gen_cmp_003_upd,Converted,no,
TRIGGER,CONTOSO.TRG_GEN_CMP_004,FUNCTION,contoso.trg_gen_cmp_004_ins_fn(),Converted,no,
TRIGGER,CONTOSO.TRG_GEN_CMP_004,FUNCTION,contoso.trg_gen_cmp_004_upd_fn(),Converted,no,
TRIGGER,CONTOSO.TRG_GEN_CMP_004,TRIGGER,contoso.trg_gen_cmp_004_ins,Converted,no,
TRIGGER,CONTOSO.TRG_GEN_CMP_004,TRIGGER,contoso.trg_gen_cmp_004_upd,Converted,no,
TRIGGER,CONTOSO.TRG_GEN_CMP_005,FUNCTION,contoso.trg_gen_cmp_005_ins_fn(),Converted,no,
TRIGGER,CONTOSO.TRG_GEN_CMP_005,FUNCTION,contoso.trg_gen_cmp_005_upd_fn(),Converted,no,
TRIGGER,CONTOSO.TRG_GEN_CMP_005,TRIGGER,contoso.trg_gen_cmp_005_ins,Converted,no,
TRIGGER,CONTOSO.TRG_GEN_CMP_005,TRIGGER,contoso.trg_gen_cmp_005_upd,Converted,no,
TRIGGER,CONTOSO.TRG_GEN_CMP_006,FUNCTION,contoso.trg_gen_cmp_006_ins_fn(),Converted,no,
TRIGGER,CONTOSO.TRG_GEN_CMP_006,FUNCTION,contoso.trg_gen_cmp_006_upd_fn(),Converted,no,
TRIGGER,CONTOSO.TRG_GEN_CMP_006,TRIGGER,contoso.trg_gen_cmp_006_ins,Converted,no,
TRIGGER,CONTOSO.TRG_GEN_CMP_006,TRIGGER,contoso.trg_gen_cmp_006_upd,Converted,no,
TRIGGER,CONTOSO.TRG_GEN_FOL_A_001,FUNCTION,contoso.trg_gen_fol_a_001_fn(),Converted,no,
TRIGGER,CONTOSO.TRG_GEN_FOL_A_001,TRIGGER,contoso.trg_gen_fol_a_001,Converted,no,
TRIGGER,CONTOSO.TRG_GEN_FOL_B_002,FUNCTION,contoso.trg_gen_fol_b_002_fn(),Not-Converted,yes,"Review and correct the generated code. Best-effort Azure PostgreSQL code was generated, but it is not included in the deployment script and its behavior is unverified. Compare it with the source, correct it, and test it before deploying separately. Reference: CVT-366"
TRIGGER,CONTOSO.TRG_GEN_FOL_B_002,TRIGGER,contoso.trg_gen_fol_b_002,Not-Converted,yes,"Review and correct the generated code. Best-effort Azure PostgreSQL code was generated, but it is not included in the deployment script and its behavior is unverified. Compare it with the source, correct it, and test it before deploying separately. Reference: CVT-366"
TRIGGER,CONTOSO.TRG_GEN_IO_001,FUNCTION,contoso.trg_gen_io_001_fn(),Not-Converted,yes,"Review and correct the generated code. Best-effort Azure PostgreSQL code was generated, but it is not included in the deployment script and its behavior is unverified. Compare it with the source, correct it, and test it before deploying separately. Reference: CVT-366"
TRIGGER,CONTOSO.TRG_GEN_IO_001,TRIGGER,contoso.trg_gen_io_001,Not-Converted,yes,"Review and correct the generated code. Best-effort Azure PostgreSQL code was generated, but it is not included in the deployment script and its behavior is unverified. Compare it with the source, correct it, and test it before deploying separately. Reference: CVT-366"
TRIGGER,CONTOSO.TRG_GEN_IO_002,FUNCTION,contoso.trg_gen_io_002_fn(),Not-Converted,yes,"Resolve the required dependency and review the generated code. Best-effort Azure PostgreSQL code was generated, but this object is not included in the deployment script because the required dependency is not ready. Resolve the dependency, then either run conversion again and confirm inclusion or correct the Azure PostgreSQL code, test it, and deploy it separately. Running conversion again replaces any edits you make to the generated code. Reference: CVT-146"
TRIGGER,CONTOSO.TRG_GEN_IO_002,TRIGGER,contoso.trg_gen_io_002,Not-Converted,yes,"Resolve the required dependency and review the generated code. Best-effort Azure PostgreSQL code was generated, but this object is not included in the deployment script because the required dependency is not ready. Resolve the dependency, then either run conversion again and confirm inclusion or correct the Azure PostgreSQL code, test it, and deploy it separately. Running conversion again replaces any edits you make to the generated code. Reference: CVT-146"
TRIGGER,CONTOSO.TRG_GEN_IO_003,FUNCTION,contoso.trg_gen_io_003_fn(),Not-Converted,yes,"Resolve the required dependency and review the generated code. Best-effort Azure PostgreSQL code was generated, but this object is not included in the deployment script because the required dependency is not ready. Resolve the dependency, then either run conversion again and confirm inclusion or correct the Azure PostgreSQL code, test it, and deploy it separately. Running conversion again replaces any edits you make to the generated code. Reference: CVT-146"
TRIGGER,CONTOSO.TRG_GEN_IO_003,TRIGGER,contoso.trg_gen_io_003,Not-Converted,yes,"Resolve the required dependency and review the generated code. Best-effort Azure PostgreSQL code was generated, but this object is not included in the deployment script because the required dependency is not ready. Resolve the dependency, then either run conversion again and confirm inclusion or correct the Azure PostgreSQL code, test it, and deploy it separately. Running conversion again replaces any edits you make to the generated code. Reference: CVT-146"
TRIGGER,CONTOSO.TRG_GEN_IO_003,AUXILIARY,contoso.auxiliary_trg_gen_io_003_222,Not-Converted,yes,"Resolve the required dependency and review the generated code. Best-effort Azure PostgreSQL code was generated, but this object is not included in the deployment script because the required dependency is not ready. Resolve the dependency, then either run conversion again and confirm inclusion or correct the Azure PostgreSQL code, test it, and deploy it separately. Running conversion again replaces any edits you make to the generated code. Reference: CVT-146"
TRIGGER,CONTOSO.TRG_GEN_IO_004,FUNCTION,contoso.trg_gen_io_004_fn(),Not-Converted,yes,"Resolve the required dependency and review the generated code. Best-effort Azure PostgreSQL code was generated, but this object is not included in the deployment script because the required dependency is not ready. Resolve the dependency, then either run conversion again and confirm inclusion or correct the Azure PostgreSQL code, test it, and deploy it separately. Running conversion again replaces any edits you make to the generated code. Reference: CVT-146"
TRIGGER,CONTOSO.TRG_GEN_IO_004,TRIGGER,contoso.trg_gen_io_004,Not-Converted,yes,"Resolve the required dependency and review the generated code. Best-effort Azure PostgreSQL code was generated, but this object is not included in the deployment script because the required dependency is not ready. Resolve the dependency, then either run conversion again and confirm inclusion or correct the Azure PostgreSQL code, test it, and deploy it separately. Running conversion again replaces any edits you make to the generated code. Reference: CVT-146"
TRIGGER,CONTOSO.TRG_GEN_IO_004,AUXILIARY,contoso.auxiliary_trg_gen_io_004_223,Not-Converted,yes,"Resolve the required dependency and review the generated code. Best-effort Azure PostgreSQL code was generated, but this object is not included in the deployment script because the required dependency is not ready. Resolve the dependency, then either run conversion again and confirm inclusion or correct the Azure PostgreSQL code, test it, and deploy it separately. Running conversion again replaces any edits you make to the generated code. Reference: CVT-146"
TRIGGER,CONTOSO.TRG_GEN_NORM_001,FUNCTION,contoso.trg_gen_norm_001_fn(),Not-Converted,yes,"Convert the required dependency first. Azure PostgreSQL code passed the compilation check, but this object is not included in the deployment script because it depends on a temporary version of the required dependency. Convert the dependency, then run conversion again and confirm that this object is included. Reference: CVT-242"
TRIGGER,CONTOSO.TRG_GEN_NORM_001,TRIGGER,contoso.trg_gen_norm_001,Not-Converted,yes,"Convert the required dependency first. Azure PostgreSQL code passed the compilation check, but this object is not included in the deployment script because it depends on a temporary version of the required dependency. Convert the dependency, then run conversion again and confirm that this object is included. Reference: CVT-242"
TRIGGER,CONTOSO.TRG_GEN_NORM_002,FUNCTION,contoso.trg_gen_norm_002_fn(),Converted,no,
TRIGGER,CONTOSO.TRG_GEN_NORM_002,TRIGGER,contoso.trg_gen_norm_002,Converted,no,
TRIGGER,CONTOSO.TRG_GEN_NORM_003,FUNCTION,contoso.trg_gen_norm_003_fn(),Converted,no,
TRIGGER,CONTOSO.TRG_GEN_NORM_003,TRIGGER,contoso.trg_gen_norm_003,Converted,no,
TRIGGER,CONTOSO.TRG_GEN_NORM_004,FUNCTION,contoso.trg_gen_norm_004_tf(),Converted,no,
TRIGGER,CONTOSO.TRG_GEN_NORM_004,TRIGGER,contoso.trg_gen_norm_004,Converted,no,
TRIGGER,CONTOSO.TRG_GEN_NORM_005,FUNCTION,contoso.trg_gen_norm_005_fn(),Converted,no,
TRIGGER,CONTOSO.TRG_GEN_NORM_005,TRIGGER,contoso.trg_gen_norm_005,Converted,no,
TRIGGER,CONTOSO.TRG_GEN_NORM_006,FUNCTION,contoso.trg_gen_norm_006_fn(),Converted,no,
TRIGGER,CONTOSO.TRG_GEN_NORM_006,TRIGGER,contoso.trg_gen_norm_006,Converted,no,
TRIGGER,CONTOSO.TRG_GEN_NORM_007,FUNCTION,contoso.trg_gen_norm_007_fn(),Converted,no,
TRIGGER,CONTOSO.TRG_GEN_NORM_007,TRIGGER,contoso.trg_gen_norm_007,Converted,no,
TRIGGER,CONTOSO.TRG_GEN_NORM_008,FUNCTION,contoso.trg_gen_norm_008_fn(),Converted,no,
TRIGGER,CONTOSO.TRG_GEN_NORM_008,TRIGGER,contoso.trg_gen_norm_008,Converted,no,
TRIGGER,CONTOSO.TRG_GEN_NORM_009,FUNCTION,contoso.trg_gen_norm_009_fn(),Converted,no,
TRIGGER,CONTOSO.TRG_GEN_NORM_009,TRIGGER,contoso.trg_gen_norm_009,Converted,no,
TRIGGER,CONTOSO.TRG_GEN_NORM_010,FUNCTION,contoso.trg_gen_norm_010_fn(),Converted,no,
TRIGGER,CONTOSO.TRG_GEN_NORM_010,TRIGGER,contoso.trg_gen_norm_010,Converted,no,
TRIGGER,CONTOSO.TRG_GEN_NORM_011,FUNCTION,contoso.trg_gen_norm_011_fn(),Converted,no,
TRIGGER,CONTOSO.TRG_GEN_NORM_011,TRIGGER,contoso.trg_gen_norm_011,Converted,no,
TRIGGER,CONTOSO.TRG_GEN_NORM_012,FUNCTION,contoso.trg_gen_norm_012_fn(),Converted,no,
TRIGGER,CONTOSO.TRG_GEN_NORM_012,TRIGGER,contoso.trg_gen_norm_012,Converted,no,
TRIGGER,CONTOSO.TRG_GEN_STG_001,FUNCTION,contoso.trg_gen_stg_001_fn(),Converted,no,
TRIGGER,CONTOSO.TRG_GEN_STG_001,TRIGGER,contoso.trg_gen_stg_001,Converted,no,
TRIGGER,CONTOSO.TRG_GEN_STG_002,FUNCTION,contoso.trg_gen_stg_002_fn(),Converted,no,
TRIGGER,CONTOSO.TRG_GEN_STG_002,TRIGGER,contoso.trg_gen_stg_002,Converted,no,
TRIGGER,CONTOSO.TRG_GEN_STG_003,FUNCTION,contoso.trg_gen_stg_003_fn(),Converted,no,
TRIGGER,CONTOSO.TRG_GEN_STG_003,TRIGGER,contoso.trg_gen_stg_003,Converted,no,
TRIGGER,CONTOSO.TRG_GEN_STG_004,FUNCTION,contoso.trg_gen_stg_004_fn(),Converted,no,
TRIGGER,CONTOSO.TRG_GEN_STG_004,TRIGGER,contoso.trg_gen_stg_004,Converted,no,
TRIGGER,CONTOSO.TRG_GEN_STG_005,FUNCTION,contoso.trg_gen_stg_005_fn(),Converted,no,
TRIGGER,CONTOSO.TRG_GEN_STG_005,TRIGGER,contoso.trg_gen_stg_005,Converted,no,
TRIGGER,CONTOSO.TRG_GEN_STG_006,FUNCTION,contoso.trg_gen_stg_006_fn(),Converted,no,
TRIGGER,CONTOSO.TRG_GEN_STG_006,TRIGGER,contoso.trg_gen_stg_006,Converted,no,
TRIGGER,CONTOSO.TRG_GEN_STG_007,FUNCTION,contoso.trg_gen_stg_007_fn(),Converted,no,
TRIGGER,CONTOSO.TRG_GEN_STG_007,TRIGGER,contoso.trg_gen_stg_007,Converted,no,
TRIGGER,CONTOSO.TRG_GEN_STG_008,FUNCTION,contoso.trg_gen_stg_008_fn(),Converted,no,
TRIGGER,CONTOSO.TRG_GEN_STG_008,TRIGGER,contoso.trg_gen_stg_008,Converted,no,
TRIGGER,CONTOSO.TRG_GEN_STG_009,FUNCTION,contoso.trg_gen_stg_009_fn(),Converted,no,
TRIGGER,CONTOSO.TRG_GEN_STG_009,TRIGGER,contoso.trg_gen_stg_009,Converted,no,
TRIGGER,CONTOSO.TRG_GEN_STG_010,FUNCTION,contoso.trg_gen_stg_010(),Converted,no,
TRIGGER,CONTOSO.TRG_GEN_STG_010,TRIGGER,contoso.trg_gen_stg_010,Converted,no,
TRIGGER,CONTOSO.TRG_GEN_STG_011,FUNCTION,contoso.trg_gen_stg_011(),Converted,no,
TRIGGER,CONTOSO.TRG_GEN_STG_011,TRIGGER,contoso.trg_gen_stg_011,Converted,no,
TRIGGER,CONTOSO.TRG_GEN_STG_012,FUNCTION,contoso.trg_gen_stg_012(),Converted,no,
TRIGGER,CONTOSO.TRG_GEN_STG_012,TRIGGER,contoso.trg_gen_stg_012,Converted,no,
TRIGGER,CONTOSO.TRG_GEN_STG_013,FUNCTION,contoso.trg_gen_stg_013(),Converted,no,
TRIGGER,CONTOSO.TRG_GEN_STG_013,TRIGGER,contoso.trg_gen_stg_013,Converted,no,
TRIGGER,CONTOSO.TRG_GEN_STG_014,FUNCTION,contoso.trg_gen_stg_014(),Converted,no,
TRIGGER,CONTOSO.TRG_GEN_STG_014,TRIGGER,contoso.trg_gen_stg_014,Converted,no,
TRIGGER,CONTOSO.TRG_GEN_STG_015,FUNCTION,contoso.trg_gen_stg_015(),Converted,no,
TRIGGER,CONTOSO.TRG_GEN_STG_015,TRIGGER,contoso.trg_gen_stg_015,Converted,no,
TRIGGER,CONTOSO.TRG_GEN_STG_016,FUNCTION,contoso.trg_gen_stg_016(),Converted,no,
TRIGGER,CONTOSO.TRG_GEN_STG_016,TRIGGER,contoso.trg_gen_stg_016,Converted,no,
TRIGGER,CONTOSO.TRG_GEN_STG_017,FUNCTION,contoso.trg_gen_stg_017(),Converted,no,
TRIGGER,CONTOSO.TRG_GEN_STG_017,TRIGGER,contoso.trg_gen_stg_017,Converted,no,
TRIGGER,CONTOSO.TRG_GEN_STG_018,FUNCTION,contoso.trg_gen_stg_018(),Converted,no,
TRIGGER,CONTOSO.TRG_GEN_STG_018,TRIGGER,contoso.trg_gen_stg_018,Converted,no,
TRIGGER,CONTOSO.TRG_GEN_STG_019,FUNCTION,contoso.trg_gen_stg_019(),Converted,no,
TRIGGER,CONTOSO.TRG_GEN_STG_019,TRIGGER,contoso.trg_gen_stg_019,Converted,no,
TRIGGER,CONTOSO.TRG_GEN_STG_020,FUNCTION,contoso.trg_gen_stg_020__tf(),Converted,no,
TRIGGER,CONTOSO.TRG_GEN_STG_020,TRIGGER,contoso.trg_gen_stg_020,Converted,no,
TRIGGER,CONTOSO.TRG_GEN_STG_021,FUNCTION,contoso.trg_gen_stg_021__tf(),Converted,no,
TRIGGER,CONTOSO.TRG_GEN_STG_021,TRIGGER,contoso.trg_gen_stg_021,Converted,no,
TRIGGER,CONTOSO.TRG_GEN_STG_022,FUNCTION,contoso.trg_gen_stg_022__tf(),Converted,no,
TRIGGER,CONTOSO.TRG_GEN_STG_022,TRIGGER,contoso.trg_gen_stg_022,Converted,no,
TRIGGER,CONTOSO.TRG_GEN_STG_023,FUNCTION,contoso.trg_gen_stg_023__tf(),Converted,no,
TRIGGER,CONTOSO.TRG_GEN_STG_023,TRIGGER,contoso.trg_gen_stg_023,Converted,no,
TRIGGER,CONTOSO.TRG_GEN_STG_024,FUNCTION,contoso.trg_gen_stg_024__tf(),Converted,no,
TRIGGER,CONTOSO.TRG_GEN_STG_024,TRIGGER,contoso.trg_gen_stg_024,Converted,no,
TRIGGER,CONTOSO.TRG_GEN_STG_025,FUNCTION,contoso.trg_gen_stg_025_fn(),Converted,no,
TRIGGER,CONTOSO.TRG_GEN_STG_025,TRIGGER,contoso.trg_gen_stg_025,Converted,no,
TRIGGER,CONTOSO.TRG_GEN_STG_026,FUNCTION,contoso.trg_gen_stg_026_fn(),Converted,no,
TRIGGER,CONTOSO.TRG_GEN_STG_026,TRIGGER,contoso.trg_gen_stg_026,Converted,no,
TRIGGER,CONTOSO.TRG_GEN_STG_027,FUNCTION,contoso.trg_gen_stg_027_fn(),Converted,no,
TRIGGER,CONTOSO.TRG_GEN_STG_027,TRIGGER,contoso.trg_gen_stg_027,Converted,no,
TRIGGER,CONTOSO.TRG_GEN_STG_028,FUNCTION,contoso.trg_gen_stg_028(),Converted,no,
TRIGGER,CONTOSO.TRG_GEN_STG_028,TRIGGER,contoso.trg_gen_stg_028,Converted,no,
TRIGGER,CONTOSO.TRG_GEN_STG_029,FUNCTION,contoso.trg_gen_stg_029(),Converted,no,
TRIGGER,CONTOSO.TRG_GEN_STG_029,TRIGGER,contoso.trg_gen_stg_029,Converted,no,
TRIGGER,CONTOSO.TRG_GEN_STG_030,FUNCTION,contoso.trg_gen_stg_030(),Converted,no,
TRIGGER,CONTOSO.TRG_GEN_STG_030,TRIGGER,contoso.trg_gen_stg_030,Converted,no,
TRIGGER,CONTOSO.TRG_GEN_STMT_001,FUNCTION,contoso.trg_gen_stmt_001_fn(),Not-Converted,yes,"Review and correct the generated code. Best-effort Azure PostgreSQL code was generated, but it is not included in the deployment script and its behavior is unverified. Compare it with the source, correct it, and test it before deploying separately. Reference: CVT-366"
TRIGGER,CONTOSO.TRG_GEN_STMT_001,TRIGGER,contoso.trg_gen_stmt_001,Not-Converted,yes,"Review and correct the generated code. Best-effort Azure PostgreSQL code was generated, but it is not included in the deployment script and its behavior is unverified. Compare it with the source, correct it, and test it before deploying separately. Reference: CVT-366"
TRIGGER,CONTOSO.TRG_GEN_STMT_002,FUNCTION,contoso.trg_gen_stmt_002_fn(),Not-Converted,yes,"Review and correct the generated code. Best-effort Azure PostgreSQL code was generated, but it is not included in the deployment script and its behavior is unverified. Compare it with the source, correct it, and test it before deploying separately. Reference: CVT-366"
TRIGGER,CONTOSO.TRG_GEN_STMT_002,TRIGGER,contoso.trg_gen_stmt_002,Not-Converted,yes,"Review and correct the generated code. Best-effort Azure PostgreSQL code was generated, but it is not included in the deployment script and its behavior is unverified. Compare it with the source, correct it, and test it before deploying separately. Reference: CVT-366"
TRIGGER,CONTOSO.TRG_GEN_STMT_003,FUNCTION,contoso.trg_gen_stmt_003_fn(),Not-Converted,yes,"Review and correct the generated code. Best-effort Azure PostgreSQL code was generated, but it is not included in the deployment script and its behavior is unverified. Compare it with the source, correct it, and test it before deploying separately. Reference: CVT-366"
TRIGGER,CONTOSO.TRG_GEN_STMT_003,TRIGGER,contoso.trg_gen_stmt_003,Not-Converted,yes,"Review and correct the generated code. Best-effort Azure PostgreSQL code was generated, but it is not included in the deployment script and its behavior is unverified. Compare it with the source, correct it, and test it before deploying separately. Reference: CVT-366"
TRIGGER,CONTOSO.TRG_GEN_STMT_004,FUNCTION,contoso.trg_gen_stmt_004_fn(),Not-Converted,yes,"Review and correct the generated code. Best-effort Azure PostgreSQL code was generated, but it is not included in the deployment script and its behavior is unverified. Compare it with the source, correct it, and test it before deploying separately. Reference: CVT-366"
TRIGGER,CONTOSO.TRG_GEN_STMT_004,TRIGGER,contoso.trg_gen_stmt_004,Not-Converted,yes,"Review and correct the generated code. Best-effort Azure PostgreSQL code was generated, but it is not included in the deployment script and its behavior is unverified. Compare it with the source, correct it, and test it before deploying separately. Reference: CVT-366"
TRIGGER,CONTOSO.TRG_GEN_STMT_005,FUNCTION,contoso.trg_gen_stmt_005_fn(),Not-Converted,yes,"Review and correct the generated code. Best-effort Azure PostgreSQL code was generated, but it is not included in the deployment script and its behavior is unverified. Compare it with the source, correct it, and test it before deploying separately. Reference: CVT-366"
TRIGGER,CONTOSO.TRG_GEN_STMT_005,TRIGGER,contoso.trg_gen_stmt_005,Not-Converted,yes,"Review and correct the generated code. Best-effort Azure PostgreSQL code was generated, but it is not included in the deployment script and its behavior is unverified. Compare it with the source, correct it, and test it before deploying separately. Reference: CVT-366"
TRIGGER,CONTOSO.TRG_GEN_STMT_006,FUNCTION,contoso.trg_gen_stmt_006_fn(),Not-Converted,yes,"Review and correct the generated code. Best-effort Azure PostgreSQL code was generated, but it is not included in the deployment script and its behavior is unverified. Compare it with the source, correct it, and test it before deploying separately. Reference: CVT-366"
TRIGGER,CONTOSO.TRG_GEN_STMT_006,TRIGGER,contoso.trg_gen_stmt_006,Not-Converted,yes,"Review and correct the generated code. Best-effort Azure PostgreSQL code was generated, but it is not included in the deployment script and its behavior is unverified. Compare it with the source, correct it, and test it before deploying separately. Reference: CVT-366"
TRIGGER,CONTOSO.TRG_GEN_WHEN_001,FUNCTION,contoso.trg_gen_when_001_fn(),Not-Converted,yes,"Review and correct the generated code. Best-effort Azure PostgreSQL code was generated, but it is not included in the deployment script and its behavior is unverified. Compare it with the source, correct it, and test it before deploying separately. Reference: CVT-366"
TRIGGER,CONTOSO.TRG_GEN_WHEN_001,TRIGGER,contoso.trg_gen_when_001,Not-Converted,yes,"Review and correct the generated code. Best-effort Azure PostgreSQL code was generated, but it is not included in the deployment script and its behavior is unverified. Compare it with the source, correct it, and test it before deploying separately. Reference: CVT-366"
TRIGGER,CONTOSO.TRG_GEN_WHEN_002,FUNCTION,contoso.trg_gen_when_002_fn(),Not-Converted,yes,"Review and correct the generated code. Best-effort Azure PostgreSQL code was generated, but it is not included in the deployment script and its behavior is unverified. Compare it with the source, correct it, and test it before deploying separately. Reference: CVT-366"
TRIGGER,CONTOSO.TRG_GEN_WHEN_002,TRIGGER,contoso.trg_gen_when_002,Not-Converted,yes,"Review and correct the generated code. Best-effort Azure PostgreSQL code was generated, but it is not included in the deployment script and its behavior is unverified. Compare it with the source, correct it, and test it before deploying separately. Reference: CVT-366"
TRIGGER,CONTOSO.TRG_IO_CUSTOMER_360,FUNCTION,contoso.trg_io_customer_360_tf(),Not-Converted,yes,"Convert the required dependency first. Azure PostgreSQL code passed the compilation check, but this object is not included in the deployment script because it depends on a temporary version of the required dependency. Convert the dependency, then run conversion again and confirm that this object is included. Reference: CVT-242"
TRIGGER,CONTOSO.TRG_IO_CUSTOMER_360,TRIGGER,contoso.trg_io_customer_360,Not-Converted,yes,"Convert the required dependency first. Azure PostgreSQL code passed the compilation check, but this object is not included in the deployment script because it depends on a temporary version of the required dependency. Convert the dependency, then run conversion again and confirm that this object is included. Reference: CVT-242"
TRIGGER,CONTOSO.TRG_IO_OPEN_PURCHASE_ORDERS,FUNCTION,contoso.trg_io_open_purchase_orders_fn(),Converted,yes,
TRIGGER,CONTOSO.TRG_IO_OPEN_PURCHASE_ORDERS,TRIGGER,contoso.trg_io_open_purchase_orders,Converted,yes,
TRIGGER,CONTOSO.TRG_IO_PRODUCT_SELLABLE,FUNCTION,contoso.trg_io_product_sellable_tf(),Not-Converted,yes,"Resolve the required dependency and review the generated code. Best-effort Azure PostgreSQL code was generated, but this object is not included in the deployment script because the required dependency is not ready. Resolve the dependency, then either run conversion again and confirm inclusion or correct the Azure PostgreSQL code, test it, and deploy it separately. Running conversion again replaces any edits you make to the generated code. Reference: CVT-146"
TRIGGER,CONTOSO.TRG_IO_PRODUCT_SELLABLE,TRIGGER,contoso.trg_io_product_sellable,Not-Converted,yes,"Resolve the required dependency and review the generated code. Best-effort Azure PostgreSQL code was generated, but this object is not included in the deployment script because the required dependency is not ready. Resolve the dependency, then either run conversion again and confirm inclusion or correct the Azure PostgreSQL code, test it, and deploy it separately. Running conversion again replaces any edits you make to the generated code. Reference: CVT-146"
TYPE,CONTOSO.T_BENEFIT_TAB,DOMAIN,contoso.t_benefit_tab,Converted,no,
TYPE,CONTOSO.T_CHANNEL_VARR,TYPE,contoso.t_channel_varr,Converted,no,
TYPE,CONTOSO.T_CONTACT,FUNCTION,contoso.display_label(),Converted,no,
TYPE,CONTOSO.T_CONTACT,FUNCTION,contoso.is_valid_email(),Converted,no,
TYPE,CONTOSO.T_CONTACT,TYPE,contoso.t_contact,Converted,no,
TYPE,CONTOSO.T_CUSTOMER_PARTY,TYPE,contoso.t_customer_party,Converted,no,
TYPE,CONTOSO.T_LOYALTY_BENEFIT,FUNCTION,contoso.t_loyalty_benefit_is_active(),Converted,no,
TYPE,CONTOSO.T_LOYALTY_BENEFIT,TYPE,contoso.t_loyalty_benefit,Converted,no,
TYPE,CONTOSO.T_MONEY,FUNCTION,contoso.t_money_add_amount(),Converted,no,
TYPE,CONTOSO.T_MONEY,FUNCTION,contoso.t_money_compare(),Converted,no,
TYPE,CONTOSO.T_MONEY,FUNCTION,contoso.t_money_converted_to(),Converted,no,
TYPE,CONTOSO.T_MONEY,FUNCTION,contoso.t_money_to_base(),Converted,no,
TYPE,CONTOSO.T_MONEY,FUNCTION,contoso.t_money_zero(),Converted,no,
TYPE,CONTOSO.T_MONEY,TYPE,contoso.t_money,Converted,no,
TYPE,CONTOSO.T_NUMBER_TAB,DOMAIN,contoso.t_number_tab,Converted,no,
TYPE,CONTOSO.T_PARTY,FUNCTION,contoso.t_party$party_label(),Converted,no,
TYPE,CONTOSO.T_PARTY,TYPE,contoso.t_party,Converted,no,
TYPE,CONTOSO.T_POSTAL_ADDRESS,FUNCTION,"contoso.format_label(self contoso.t_postal_address, p_style varchar)",Converted,no,
TYPE,CONTOSO.T_POSTAL_ADDRESS,FUNCTION,contoso.format_label(self contoso.t_postal_address),Converted,no,
TYPE,CONTOSO.T_POSTAL_ADDRESS,TYPE,contoso.t_postal_address,Converted,no,
TYPE,CONTOSO.T_PRICE_POINT,FUNCTION,contoso.t_price_point_compare(),Converted,no,
TYPE,CONTOSO.T_PRICE_POINT,TYPE,contoso.t_price_point,Converted,no,
TYPE,CONTOSO.T_PRICE_POINT_TAB,DOMAIN,contoso.t_price_point_tab,Converted,no,
TYPE,CONTOSO.T_PRODUCT_ATTR,FUNCTION,contoso.t_product_attr_as_number(),Converted,no,
TYPE,CONTOSO.T_PRODUCT_ATTR,TYPE,contoso.t_product_attr,Converted,no,
TYPE,CONTOSO.T_PRODUCT_ATTR_TAB,DOMAIN,contoso.t_product_attr_tab,Converted,no,
TYPE,CONTOSO.T_SERVICE_VARR,DOMAIN,contoso.t_service_varr,Converted,no,
TYPE,CONTOSO.T_SIZE_RUN_VARR,DOMAIN,contoso.t_size_run_varr,Converted,no,
TYPE,CONTOSO.T_SUPPLIER_PARTY,TYPE,contoso.t_supplier_party,Converted,no,
TYPE,CONTOSO.T_TAG_VARR,DOMAIN,contoso.t_tag_varr,Converted,no,
TYPE,CONTOSO.T_VARCHAR_TAB,DOMAIN,contoso.t_varchar_tab,Converted,no,
VIEW,CONTOSO.V_ACTIVE_PRICE_LIST_ITEM,VIEW,contoso.v_active_price_list_item,Converted,no,
VIEW,CONTOSO.V_AUDIT_RECENT,VIEW,contoso.v_audit_recent,Converted,no,
VIEW,CONTOSO.V_CATEGORY_TREE,VIEW,contoso.v_category_tree,Converted,no,
VIEW,CONTOSO.V_CUSTOMER_360,VIEW,contoso.v_customer_360,Not-Converted,yes,"Convert the required dependency first. Azure PostgreSQL code passed the compilation check, but this object is not included in the deployment script because it depends on a temporary version of the required dependency. Convert the dependency, then run conversion again and confirm that this object is included. Reference: CVT-242"
VIEW,CONTOSO.V_CUSTOMER_LOYALTY_SUMMARY,VIEW,contoso.v_customer_loyalty_summary,Not-Converted,yes,"Review and correct the generated code. Best-effort Azure PostgreSQL code was generated, but it is not included in the deployment script and its behavior is unverified. Compare it with the source, correct it, and test it before deploying separately. Reference: CVT-366"
VIEW,CONTOSO.V_DATA_QUALITY_OPEN,VIEW,contoso.v_data_quality_open,Converted,no,
VIEW,CONTOSO.V_EMPLOYEE_REPORTING_LINE,VIEW,contoso.v_employee_reporting_line,Converted,no,
VIEW,CONTOSO.V_FX_LATEST_RATES,VIEW,contoso.v_fx_latest_rates,Converted,no,
VIEW,CONTOSO.V_GEN_ARCWIN_001,VIEW,contoso.v_gen_arcwin_001,Not-Converted,yes,"Review and correct the generated code. Best-effort Azure PostgreSQL code was generated, but it is not included in the deployment script and its behavior is unverified. Compare it with the source, correct it, and test it before deploying separately. Reference: CVT-366"
VIEW,CONTOSO.V_GEN_ARCWIN_002,VIEW,contoso.v_gen_arcwin_002,Not-Converted,yes,"Review and correct the generated code. Best-effort Azure PostgreSQL code was generated, but it is not included in the deployment script and its behavior is unverified. Compare it with the source, correct it, and test it before deploying separately. Reference: CVT-366"
VIEW,CONTOSO.V_GEN_ARCWIN_003,VIEW,contoso.v_gen_arcwin_003,Not-Converted,yes,"Review and correct the generated code. Best-effort Azure PostgreSQL code was generated, but it is not included in the deployment script and its behavior is unverified. Compare it with the source, correct it, and test it before deploying separately. Reference: CVT-366"
VIEW,CONTOSO.V_GEN_ARCWIN_004,VIEW,contoso.v_gen_arcwin_004,Converted,no,
VIEW,CONTOSO.V_GEN_ARCWIN_005,VIEW,contoso.v_gen_arcwin_005,Converted,no,
VIEW,CONTOSO.V_GEN_ARCWIN_006,VIEW,contoso.v_gen_arcwin_006,Converted,yes,
VIEW,CONTOSO.V_GEN_ARCWIN_007,VIEW,contoso.v_gen_arcwin_007,Converted,no,
VIEW,CONTOSO.V_GEN_ARCWIN_008,VIEW,contoso.v_gen_arcwin_008,Converted,no,
VIEW,CONTOSO.V_GEN_ARCWIN_009,VIEW,contoso.v_gen_arcwin_009,Converted,no,
VIEW,CONTOSO.V_GEN_ARCWIN_010,VIEW,contoso.v_gen_arcwin_010,Converted,no,
VIEW,CONTOSO.V_GEN_ARCWIN_011,VIEW,contoso.v_gen_arcwin_011,Converted,no,
VIEW,CONTOSO.V_GEN_ARCWIN_012,VIEW,contoso.v_gen_arcwin_012,Converted,no,
VIEW,CONTOSO.V_GEN_CAT_PERF_001,VIEW,contoso.v_gen_cat_perf_001,Converted,no,
VIEW,CONTOSO.V_GEN_CAT_PERF_002,VIEW,contoso.v_gen_cat_perf_002,Not-Converted,yes,"Convert the required dependency first. Azure PostgreSQL code was generated, but this object is not included in the deployment script because it depends on a temporary version of the required dependency. Convert the dependency, then run conversion again and confirm that this object is included. Reference: CVT-241"
VIEW,CONTOSO.V_GEN_CAT_PERF_003,VIEW,contoso.v_gen_cat_perf_003,Not-Converted,yes,"Convert the required dependency first. Azure PostgreSQL code was generated, but this object is not included in the deployment script because it depends on a temporary version of the required dependency. Convert the dependency, then run conversion again and confirm that this object is included. Reference: CVT-241"
VIEW,CONTOSO.V_GEN_CAT_PERF_004,VIEW,contoso.v_gen_cat_perf_004,Converted,no,
VIEW,CONTOSO.V_GEN_CAT_PERF_005,VIEW,contoso.v_gen_cat_perf_005,Not-Converted,yes,"Convert the required dependency first. Azure PostgreSQL code was generated, but this object is not included in the deployment script because it depends on a temporary version of the required dependency. Convert the dependency, then run conversion again and confirm that this object is included. Reference: CVT-241"
VIEW,CONTOSO.V_GEN_CAT_PERF_006,VIEW,contoso.v_gen_cat_perf_006,Not-Converted,yes,"Convert the required dependency first. Azure PostgreSQL code was generated, but this object is not included in the deployment script because it depends on a temporary version of the required dependency. Convert the dependency, then run conversion again and confirm that this object is included. Reference: CVT-241"
VIEW,CONTOSO.V_GEN_CAT_PERF_007,VIEW,contoso.v_gen_cat_perf_007,Converted,no,
VIEW,CONTOSO.V_GEN_CAT_PERF_008,VIEW,contoso.v_gen_cat_perf_008,Not-Converted,yes,"Convert the required dependency first. Azure PostgreSQL code was generated, but this object is not included in the deployment script because it depends on a temporary version of the required dependency. Convert the dependency, then run conversion again and confirm that this object is included. Reference: CVT-241"
VIEW,CONTOSO.V_GEN_CAT_PERF_009,VIEW,contoso.v_gen_cat_perf_009,Not-Converted,yes,"Convert the required dependency first. Azure PostgreSQL code was generated, but this object is not included in the deployment script because it depends on a temporary version of the required dependency. Convert the dependency, then run conversion again and confirm that this object is included. Reference: CVT-241"
VIEW,CONTOSO.V_GEN_CAT_PERF_010,VIEW,contoso.v_gen_cat_perf_010,Converted,no,
VIEW,CONTOSO.V_GEN_CAT_PERF_011,VIEW,contoso.v_gen_cat_perf_011,Not-Converted,yes,"Convert the required dependency first. Azure PostgreSQL code was generated, but this object is not included in the deployment script because it depends on a temporary version of the required dependency. Convert the dependency, then run conversion again and confirm that this object is included. Reference: CVT-241"
VIEW,CONTOSO.V_GEN_CAT_PERF_012,VIEW,contoso.v_gen_cat_perf_012,Not-Converted,yes,"Convert the required dependency first. Azure PostgreSQL code was generated, but this object is not included in the deployment script because it depends on a temporary version of the required dependency. Convert the dependency, then run conversion again and confirm that this object is included. Reference: CVT-241"
VIEW,CONTOSO.V_GEN_CAT_PERF_013,VIEW,contoso.v_gen_cat_perf_013,Converted,no,
VIEW,CONTOSO.V_GEN_CAT_PERF_014,VIEW,contoso.v_gen_cat_perf_014,Not-Converted,yes,"Convert the required dependency first. Azure PostgreSQL code was generated, but this object is not included in the deployment script because it depends on a temporary version of the required dependency. Convert the dependency, then run conversion again and confirm that this object is included. Reference: CVT-241"
VIEW,CONTOSO.V_GEN_CAT_PERF_015,VIEW,contoso.v_gen_cat_perf_015,Not-Converted,yes,"Convert the required dependency first. Azure PostgreSQL code was generated, but this object is not included in the deployment script because it depends on a temporary version of the required dependency. Convert the dependency, then run conversion again and confirm that this object is included. Reference: CVT-241"
VIEW,CONTOSO.V_GEN_CAT_PERF_016,VIEW,contoso.v_gen_cat_perf_016,Converted,no,
VIEW,CONTOSO.V_GEN_CAT_PERF_017,VIEW,contoso.v_gen_cat_perf_017,Not-Converted,yes,"Convert the required dependency first. Azure PostgreSQL code was generated, but this object is not included in the deployment script because it depends on a temporary version of the required dependency. Convert the dependency, then run conversion again and confirm that this object is included. Reference: CVT-241"
VIEW,CONTOSO.V_GEN_CAT_PERF_018,VIEW,contoso.v_gen_cat_perf_018,Not-Converted,yes,"Convert the required dependency first. Azure PostgreSQL code was generated, but this object is not included in the deployment script because it depends on a temporary version of the required dependency. Convert the dependency, then run conversion again and confirm that this object is included. Reference: CVT-241"
VIEW,CONTOSO.V_GEN_CAT_PERF_019,VIEW,contoso.v_gen_cat_perf_019,Converted,no,
VIEW,CONTOSO.V_GEN_CAT_PERF_020,VIEW,contoso.v_gen_cat_perf_020,Not-Converted,yes,"Convert the required dependency first. Azure PostgreSQL code was generated, but this object is not included in the deployment script because it depends on a temporary version of the required dependency. Convert the dependency, then run conversion again and confirm that this object is included. Reference: CVT-241"
VIEW,CONTOSO.V_GEN_CAT_PERF_021,VIEW,contoso.v_gen_cat_perf_021,Not-Converted,yes,"Convert the required dependency first. Azure PostgreSQL code was generated, but this object is not included in the deployment script because it depends on a temporary version of the required dependency. Convert the dependency, then run conversion again and confirm that this object is included. Reference: CVT-241"
VIEW,CONTOSO.V_GEN_CAT_PERF_022,VIEW,contoso.v_gen_cat_perf_022,Converted,no,
VIEW,CONTOSO.V_GEN_CAT_PERF_023,VIEW,contoso.v_gen_cat_perf_023,Not-Converted,yes,"Convert the required dependency first. Azure PostgreSQL code was generated, but this object is not included in the deployment script because it depends on a temporary version of the required dependency. Convert the dependency, then run conversion again and confirm that this object is included. Reference: CVT-241"
VIEW,CONTOSO.V_GEN_CAT_PERF_024,VIEW,contoso.v_gen_cat_perf_024,Not-Converted,yes,"Convert the required dependency first. Azure PostgreSQL code was generated, but this object is not included in the deployment script because it depends on a temporary version of the required dependency. Convert the dependency, then run conversion again and confirm that this object is included. Reference: CVT-241"
VIEW,CONTOSO.V_GEN_CAT_PERF_025,VIEW,contoso.v_gen_cat_perf_025,Converted,no,
VIEW,CONTOSO.V_GEN_CAT_PERF_026,VIEW,contoso.v_gen_cat_perf_026,Not-Converted,yes,"Convert the required dependency first. Azure PostgreSQL code was generated, but this object is not included in the deployment script because it depends on a temporary version of the required dependency. Convert the dependency, then run conversion again and confirm that this object is included. Reference: CVT-241"
VIEW,CONTOSO.V_GEN_CAT_PERF_027,VIEW,contoso.v_gen_cat_perf_027,Not-Converted,yes,"Convert the required dependency first. Azure PostgreSQL code was generated, but this object is not included in the deployment script because it depends on a temporary version of the required dependency. Convert the dependency, then run conversion again and confirm that this object is included. Reference: CVT-241"
VIEW,CONTOSO.V_GEN_CAT_PERF_028,VIEW,contoso.v_gen_cat_perf_028,Converted,no,
VIEW,CONTOSO.V_GEN_CAT_PERF_029,VIEW,contoso.v_gen_cat_perf_029,Not-Converted,yes,"Convert the required dependency first. Azure PostgreSQL code was generated, but this object is not included in the deployment script because it depends on a temporary version of the required dependency. Convert the dependency, then run conversion again and confirm that this object is included. Reference: CVT-241"
VIEW,CONTOSO.V_GEN_CAT_PERF_030,VIEW,contoso.v_gen_cat_perf_030,Not-Converted,yes,"Convert the required dependency first. Azure PostgreSQL code was generated, but this object is not included in the deployment script because it depends on a temporary version of the required dependency. Convert the dependency, then run conversion again and confirm that this object is included. Reference: CVT-241"
VIEW,CONTOSO.V_GEN_CTRY_TAX_001,VIEW,contoso.product,Not-Converted,yes,"Convert the required dependency first. Azure PostgreSQL code passed the compilation check, but this object is not included in the deployment script because it depends on a temporary version of the required dependency. Convert the dependency, then run conversion again and confirm that this object is included. Reference: CVT-242"
VIEW,CONTOSO.V_GEN_CTRY_TAX_001,VIEW,contoso.v_gen_ctry_tax_001,Not-Converted,yes,"Convert the required dependency first. Azure PostgreSQL code passed the compilation check, but this object is not included in the deployment script because it depends on a temporary version of the required dependency. Convert the dependency, then run conversion again and confirm that this object is included. Reference: CVT-242"
VIEW,CONTOSO.V_GEN_CTRY_TAX_002,VIEW,contoso.v_gen_ctry_tax_002,Not-Converted,yes,"Convert the required dependency first. Azure PostgreSQL code passed the compilation check, but this object is not included in the deployment script because it depends on a temporary version of the required dependency. Convert the dependency, then run conversion again and confirm that this object is included. Reference: CVT-242"
VIEW,CONTOSO.V_GEN_CTRY_TAX_003,VIEW,contoso.v_gen_ctry_tax_003,Not-Converted,yes,"Convert the required dependency first. Azure PostgreSQL code passed the compilation check, but this object is not included in the deployment script because it depends on a temporary version of the required dependency. Convert the dependency, then run conversion again and confirm that this object is included. Reference: CVT-242"
VIEW,CONTOSO.V_GEN_CTRY_TAX_004,VIEW,contoso.v_gen_ctry_tax_004,Not-Converted,yes,"Review and correct the generated code. Best-effort Azure PostgreSQL code was generated, but it is not included in the deployment script and its behavior is unverified. Compare it with the source, correct it, and test it before deploying separately. Reference: CVT-366"
VIEW,CONTOSO.V_GEN_CTRY_TAX_005,VIEW,contoso.v_gen_ctry_tax_005,Not-Converted,yes,"Convert the required dependency first. Azure PostgreSQL code passed the compilation check, but this object is not included in the deployment script because it depends on a temporary version of the required dependency. Convert the dependency, then run conversion again and confirm that this object is included. Reference: CVT-242"
VIEW,CONTOSO.V_GEN_CTRY_TAX_006,VIEW,contoso.v_gen_ctry_tax_006,Not-Converted,yes,"Convert the required dependency first. Azure PostgreSQL code passed the compilation check, but this object is not included in the deployment script because it depends on a temporary version of the required dependency. Convert the dependency, then run conversion again and confirm that this object is included. Reference: CVT-242"
VIEW,CONTOSO.V_GEN_CTRY_TAX_007,VIEW,contoso.v_gen_ctry_tax_007,Not-Converted,yes,"Convert the required dependency first. Azure PostgreSQL code passed the compilation check, but this object is not included in the deployment script because it depends on a temporary version of the required dependency. Convert the dependency, then run conversion again and confirm that this object is included. Reference: CVT-242"
VIEW,CONTOSO.V_GEN_CTRY_TAX_008,VIEW,contoso.v_gen_ctry_tax_008,Not-Converted,yes,"Convert the required dependency first. Azure PostgreSQL code passed the compilation check, but this object is not included in the deployment script because it depends on a temporary version of the required dependency. Convert the dependency, then run conversion again and confirm that this object is included. Reference: CVT-242"
VIEW,CONTOSO.V_GEN_CTRY_TAX_009,VIEW,contoso.v_gen_ctry_tax_009,Not-Converted,yes,"Convert the required dependency first. Azure PostgreSQL code passed the compilation check, but this object is not included in the deployment script because it depends on a temporary version of the required dependency. Convert the dependency, then run conversion again and confirm that this object is included. Reference: CVT-242"
VIEW,CONTOSO.V_GEN_CTRY_TAX_010,VIEW,contoso.v_gen_ctry_tax_010,Not-Converted,yes,"Review and correct the generated code. Best-effort Azure PostgreSQL code was generated, but it is not included in the deployment script and its behavior is unverified. Compare it with the source, correct it, and test it before deploying separately. Reference: CVT-366"
VIEW,CONTOSO.V_GEN_CTRY_TAX_011,VIEW,contoso.v_gen_ctry_tax_011,Not-Converted,yes,"Convert the required dependency first. Azure PostgreSQL code passed the compilation check, but this object is not included in the deployment script because it depends on a temporary version of the required dependency. Convert the dependency, then run conversion again and confirm that this object is included. Reference: CVT-242"
VIEW,CONTOSO.V_GEN_CTRY_TAX_012,VIEW,contoso.v_gen_ctry_tax_012,Not-Converted,yes,"Convert the required dependency first. Azure PostgreSQL code passed the compilation check, but this object is not included in the deployment script because it depends on a temporary version of the required dependency. Convert the dependency, then run conversion again and confirm that this object is included. Reference: CVT-242"
VIEW,CONTOSO.V_GEN_CTRY_TAX_013,VIEW,contoso.v_gen_ctry_tax_013,Not-Converted,yes,"Review and correct the generated code. Best-effort Azure PostgreSQL code was generated, but it is not included in the deployment script and its behavior is unverified. Compare it with the source, correct it, and test it before deploying separately. Reference: CVT-366"
VIEW,CONTOSO.V_GEN_CTRY_TAX_014,VIEW,contoso.v_gen_ctry_tax_014,Converted,no,
VIEW,CONTOSO.V_GEN_CTRY_TAX_015,VIEW,contoso.v_gen_ctry_tax_015,Converted,no,
VIEW,CONTOSO.V_GEN_CTRY_TAX_016,VIEW,contoso.v_gen_ctry_tax_016,Not-Converted,yes,"Review and correct the generated code. Best-effort Azure PostgreSQL code was generated, but it is not included in the deployment script and its behavior is unverified. Compare it with the source, correct it, and test it before deploying separately. Reference: CVT-366"
VIEW,CONTOSO.V_GEN_CTRY_TAX_017,VIEW,contoso.v_gen_ctry_tax_017,Not-Converted,yes,"Review and correct the generated code. Best-effort Azure PostgreSQL code was generated, but it is not included in the deployment script and its behavior is unverified. Compare it with the source, correct it, and test it before deploying separately. Reference: CVT-366"
VIEW,CONTOSO.V_GEN_CTRY_TAX_018,VIEW,contoso.v_gen_ctry_tax_018,Not-Converted,yes,"Convert the required dependency first. Azure PostgreSQL code passed the compilation check, but this object is not included in the deployment script because it depends on a temporary version of the required dependency. Convert the dependency, then run conversion again and confirm that this object is included. Reference: CVT-242"
VIEW,CONTOSO.V_GEN_CTRY_TAX_019,VIEW,contoso.v_gen_ctry_tax_019,Not-Converted,yes,"Convert the required dependency first. Azure PostgreSQL code passed the compilation check, but this object is not included in the deployment script because it depends on a temporary version of the required dependency. Convert the dependency, then run conversion again and confirm that this object is included. Reference: CVT-242"
VIEW,CONTOSO.V_GEN_CTRY_TAX_020,VIEW,contoso.v_gen_ctry_tax_020,Not-Converted,yes,"Convert the required dependency first. Azure PostgreSQL code passed the compilation check, but this object is not included in the deployment script because it depends on a temporary version of the required dependency. Convert the dependency, then run conversion again and confirm that this object is included. Reference: CVT-242"
VIEW,CONTOSO.V_GEN_CTRY_TAX_021,VIEW,contoso.v_gen_ctry_tax_021,Not-Converted,yes,"Convert the required dependency first. Azure PostgreSQL code passed the compilation check, but this object is not included in the deployment script because it depends on a temporary version of the required dependency. Convert the dependency, then run conversion again and confirm that this object is included. Reference: CVT-242"
VIEW,CONTOSO.V_GEN_CTRY_TAX_022,VIEW,contoso.v_gen_ctry_tax_022,Not-Converted,yes,"Review and correct the generated code. Best-effort Azure PostgreSQL code was generated, but it is not included in the deployment script and its behavior is unverified. Compare it with the source, correct it, and test it before deploying separately. Reference: CVT-366"
VIEW,CONTOSO.V_GEN_CTRY_TAX_023,VIEW,contoso.v_gen_ctry_tax_023,Not-Converted,yes,"Convert the required dependency first. Azure PostgreSQL code passed the compilation check, but this object is not included in the deployment script because it depends on a temporary version of the required dependency. Convert the dependency, then run conversion again and confirm that this object is included. Reference: CVT-242"
VIEW,CONTOSO.V_GEN_CTRY_TAX_024,VIEW,contoso.v_gen_ctry_tax_024,Not-Converted,yes,"Convert the required dependency first. Azure PostgreSQL code passed the compilation check, but this object is not included in the deployment script because it depends on a temporary version of the required dependency. Convert the dependency, then run conversion again and confirm that this object is included. Reference: CVT-242"
VIEW,CONTOSO.V_GEN_CTRY_TAX_025,VIEW,contoso.v_gen_ctry_tax_025,Not-Converted,yes,"Convert the required dependency first. Azure PostgreSQL code passed the compilation check, but this object is not included in the deployment script because it depends on a temporary version of the required dependency. Convert the dependency, then run conversion again and confirm that this object is included. Reference: CVT-242"
VIEW,CONTOSO.V_GEN_CTRY_TAX_026,VIEW,contoso.v_gen_ctry_tax_026,Not-Converted,yes,"Convert the required dependency first. Azure PostgreSQL code passed the compilation check, but this object is not included in the deployment script because it depends on a temporary version of the required dependency. Convert the dependency, then run conversion again and confirm that this object is included. Reference: CVT-242"
VIEW,CONTOSO.V_GEN_CTRY_TAX_027,VIEW,contoso.v_gen_ctry_tax_027,Not-Converted,yes,"Convert the required dependency first. Azure PostgreSQL code passed the compilation check, but this object is not included in the deployment script because it depends on a temporary version of the required dependency. Convert the dependency, then run conversion again and confirm that this object is included. Reference: CVT-242"
VIEW,CONTOSO.V_GEN_CTRY_TAX_028,VIEW,contoso.v_gen_ctry_tax_028,Not-Converted,yes,"Convert the required dependency first. Azure PostgreSQL code passed the compilation check, but this object is not included in the deployment script because it depends on a temporary version of the required dependency. Convert the dependency, then run conversion again and confirm that this object is included. Reference: CVT-242"
VIEW,CONTOSO.V_GEN_CTRY_TAX_029,VIEW,contoso.v_gen_ctry_tax_029,Not-Converted,yes,"Convert the required dependency first. Azure PostgreSQL code passed the compilation check, but this object is not included in the deployment script because it depends on a temporary version of the required dependency. Convert the dependency, then run conversion again and confirm that this object is included. Reference: CVT-242"
VIEW,CONTOSO.V_GEN_CTRY_TAX_030,VIEW,contoso.v_gen_ctry_tax_030,Not-Converted,yes,"Convert the required dependency first. Azure PostgreSQL code passed the compilation check, but this object is not included in the deployment script because it depends on a temporary version of the required dependency. Convert the dependency, then run conversion again and confirm that this object is included. Reference: CVT-242"
VIEW,CONTOSO.V_GEN_CTRY_TAX_031,VIEW,contoso.v_gen_ctry_tax_031,Not-Converted,yes,"Convert the required dependency first. Azure PostgreSQL code passed the compilation check, but this object is not included in the deployment script because it depends on a temporary version of the required dependency. Convert the dependency, then run conversion again and confirm that this object is included. Reference: CVT-242"
VIEW,CONTOSO.V_GEN_CTRY_TAX_032,VIEW,contoso.v_gen_ctry_tax_032,Not-Converted,yes,"Convert the required dependency first. Azure PostgreSQL code passed the compilation check, but this object is not included in the deployment script because it depends on a temporary version of the required dependency. Convert the dependency, then run conversion again and confirm that this object is included. Reference: CVT-242"
VIEW,CONTOSO.V_GEN_CTRY_TAX_033,VIEW,contoso.v_gen_ctry_tax_033,Not-Converted,yes,"Convert the required dependency first. Azure PostgreSQL code passed the compilation check, but this object is not included in the deployment script because it depends on a temporary version of the required dependency. Convert the dependency, then run conversion again and confirm that this object is included. Reference: CVT-242"
VIEW,CONTOSO.V_GEN_CTRY_TAX_034,VIEW,contoso.v_gen_ctry_tax_034,Not-Converted,yes,"Convert the required dependency first. Azure PostgreSQL code passed the compilation check, but this object is not included in the deployment script because it depends on a temporary version of the required dependency. Convert the dependency, then run conversion again and confirm that this object is included. Reference: CVT-242"
VIEW,CONTOSO.V_GEN_CTRY_TAX_035,VIEW,contoso.v_gen_ctry_tax_035,Not-Converted,yes,"Convert the required dependency first. Azure PostgreSQL code passed the compilation check, but this object is not included in the deployment script because it depends on a temporary version of the required dependency. Convert the dependency, then run conversion again and confirm that this object is included. Reference: CVT-242"
VIEW,CONTOSO.V_GEN_CTRY_TAX_036,VIEW,contoso.v_gen_ctry_tax_036,Not-Converted,yes,"Convert the required dependency first. Azure PostgreSQL code passed the compilation check, but this object is not included in the deployment script because it depends on a temporary version of the required dependency. Convert the dependency, then run conversion again and confirm that this object is included. Reference: CVT-242"
VIEW,CONTOSO.V_GEN_CTRY_TAX_037,VIEW,contoso.v_gen_ctry_tax_037,Not-Converted,yes,"Convert the required dependency first. Azure PostgreSQL code passed the compilation check, but this object is not included in the deployment script because it depends on a temporary version of the required dependency. Convert the dependency, then run conversion again and confirm that this object is included. Reference: CVT-242"
VIEW,CONTOSO.V_GEN_CTRY_TAX_038,VIEW,contoso.v_gen_ctry_tax_038,Not-Converted,yes,"Convert the required dependency first. Azure PostgreSQL code passed the compilation check, but this object is not included in the deployment script because it depends on a temporary version of the required dependency. Convert the dependency, then run conversion again and confirm that this object is included. Reference: CVT-242"
VIEW,CONTOSO.V_GEN_CTRY_TAX_039,VIEW,contoso.v_gen_ctry_tax_039,Not-Converted,yes,"Convert the required dependency first. Azure PostgreSQL code passed the compilation check, but this object is not included in the deployment script because it depends on a temporary version of the required dependency. Convert the dependency, then run conversion again and confirm that this object is included. Reference: CVT-242"
VIEW,CONTOSO.V_GEN_CTRY_TAX_040,VIEW,contoso.v_gen_ctry_tax_040,Not-Converted,yes,"Convert the required dependency first. Azure PostgreSQL code passed the compilation check, but this object is not included in the deployment script because it depends on a temporary version of the required dependency. Convert the dependency, then run conversion again and confirm that this object is included. Reference: CVT-242"
VIEW,CONTOSO.V_GEN_IFC_EXT_001,VIEW,contoso.v_gen_ifc_ext_001,Not-Converted,yes,"Review and correct the generated code. Best-effort Azure PostgreSQL code was generated, but it is not included in the deployment script and its behavior is unverified. Compare it with the source, correct it, and test it before deploying separately. Reference: CVT-366"
VIEW,CONTOSO.V_GEN_IFC_EXT_002,VIEW,contoso.v_gen_ifc_ext_002,Not-Converted,yes,"Convert the required dependency first. Azure PostgreSQL code passed the compilation check, but this object is not included in the deployment script because it depends on a temporary version of the required dependency. Convert the dependency, then run conversion again and confirm that this object is included. Reference: CVT-242"
VIEW,CONTOSO.V_GEN_IFC_EXT_003,VIEW,contoso.v_gen_ifc_ext_003,Not-Converted,yes,"Review and correct the generated code. Best-effort Azure PostgreSQL code was generated, but it is not included in the deployment script and its behavior is unverified. Compare it with the source, correct it, and test it before deploying separately. Reference: CVT-366"
VIEW,CONTOSO.V_GEN_IFC_EXT_004,VIEW,contoso.v_gen_ifc_ext_004,Not-Converted,yes,"Convert the required dependency first. Azure PostgreSQL code passed the compilation check, but this object is not included in the deployment script because it depends on a temporary version of the required dependency. Convert the dependency, then run conversion again and confirm that this object is included. Reference: CVT-242"
VIEW,CONTOSO.V_GEN_IFC_EXT_005,VIEW,contoso.v_gen_ifc_ext_005,Not-Converted,yes,"Convert the required dependency first. Azure PostgreSQL code passed the compilation check, but this object is not included in the deployment script because it depends on a temporary version of the required dependency. Convert the dependency, then run conversion again and confirm that this object is included. Reference: CVT-242"
VIEW,CONTOSO.V_GEN_IFC_EXT_006,VIEW,contoso.v_gen_ifc_ext_006,Not-Converted,yes,"Convert the required dependency first. Azure PostgreSQL code passed the compilation check, but this object is not included in the deployment script because it depends on a temporary version of the required dependency. Convert the dependency, then run conversion again and confirm that this object is included. Reference: CVT-242"
VIEW,CONTOSO.V_GEN_IFC_EXT_007,VIEW,contoso.v_gen_ifc_ext_007,Not-Converted,yes,"Convert the required dependency first. Azure PostgreSQL code passed the compilation check, but this object is not included in the deployment script because it depends on a temporary version of the required dependency. Convert the dependency, then run conversion again and confirm that this object is included. Reference: CVT-242"
VIEW,CONTOSO.V_GEN_IFC_EXT_008,VIEW,contoso.v_gen_ifc_ext_008,Not-Converted,yes,"Convert the required dependency first. Azure PostgreSQL code passed the compilation check, but this object is not included in the deployment script because it depends on a temporary version of the required dependency. Convert the dependency, then run conversion again and confirm that this object is included. Reference: CVT-242"
VIEW,CONTOSO.V_GEN_IFC_EXT_009,VIEW,contoso.v_gen_ifc_ext_009,Not-Converted,yes,"Convert the required dependency first. Azure PostgreSQL code passed the compilation check, but this object is not included in the deployment script because it depends on a temporary version of the required dependency. Convert the dependency, then run conversion again and confirm that this object is included. Reference: CVT-242"
VIEW,CONTOSO.V_GEN_IFC_EXT_010,VIEW,contoso.v_gen_ifc_ext_010,Not-Converted,yes,"Convert the required dependency first. Azure PostgreSQL code passed the compilation check, but this object is not included in the deployment script because it depends on a temporary version of the required dependency. Convert the dependency, then run conversion again and confirm that this object is included. Reference: CVT-242"
VIEW,CONTOSO.V_GEN_IFC_EXT_011,VIEW,contoso.v_gen_ifc_ext_011,Not-Converted,yes,"Convert the required dependency first. Azure PostgreSQL code passed the compilation check, but this object is not included in the deployment script because it depends on a temporary version of the required dependency. Convert the dependency, then run conversion again and confirm that this object is included. Reference: CVT-242"
VIEW,CONTOSO.V_GEN_IFC_EXT_012,VIEW,contoso.v_gen_ifc_ext_012,Not-Converted,yes,"Convert the required dependency first. Azure PostgreSQL code passed the compilation check, but this object is not included in the deployment script because it depends on a temporary version of the required dependency. Convert the dependency, then run conversion again and confirm that this object is included. Reference: CVT-242"
VIEW,CONTOSO.V_GEN_IFC_EXT_013,VIEW,contoso.v_gen_ifc_ext_013,Not-Converted,yes,"Convert the required dependency first. Azure PostgreSQL code passed the compilation check, but this object is not included in the deployment script because it depends on a temporary version of the required dependency. Convert the dependency, then run conversion again and confirm that this object is included. Reference: CVT-242"
VIEW,CONTOSO.V_GEN_IFC_EXT_014,VIEW,contoso.v_gen_ifc_ext_014,Not-Converted,yes,"Convert the required dependency first. Azure PostgreSQL code passed the compilation check, but this object is not included in the deployment script because it depends on a temporary version of the required dependency. Convert the dependency, then run conversion again and confirm that this object is included. Reference: CVT-242"
VIEW,CONTOSO.V_GEN_IFC_EXT_015,VIEW,contoso.v_gen_ifc_ext_015,Not-Converted,yes,"Convert the required dependency first. Azure PostgreSQL code passed the compilation check, but this object is not included in the deployment script because it depends on a temporary version of the required dependency. Convert the dependency, then run conversion again and confirm that this object is included. Reference: CVT-242"
VIEW,CONTOSO.V_GEN_KPI_001,VIEW,contoso.v_gen_kpi_001,Converted,no,
VIEW,CONTOSO.V_GEN_KPI_002,VIEW,contoso.v_gen_kpi_002,Converted,no,
VIEW,CONTOSO.V_GEN_KPI_003,VIEW,contoso.v_gen_kpi_003,Converted,no,
VIEW,CONTOSO.V_GEN_KPI_004,VIEW,contoso.v_gen_kpi_004,Not-Converted,yes,"Review and correct the generated code. Best-effort Azure PostgreSQL code was generated, but it is not included in the deployment script and its behavior is unverified. Compare it with the source, correct it, and test it before deploying separately. Reference: CVT-366"
VIEW,CONTOSO.V_GEN_KPI_005,VIEW,contoso.v_gen_kpi_005,Converted,no,
VIEW,CONTOSO.V_GEN_KPI_006,VIEW,contoso.v_gen_kpi_006,Converted,no,
VIEW,CONTOSO.V_GEN_KPI_007,VIEW,contoso.v_gen_kpi_007,Not-Converted,yes,"Review and correct the generated code. Best-effort Azure PostgreSQL code was generated, but it is not included in the deployment script and its behavior is unverified. Compare it with the source, correct it, and test it before deploying separately. Reference: CVT-366"
VIEW,CONTOSO.V_GEN_KPI_008,VIEW,contoso.v_gen_kpi_008,Not-Converted,yes,"Review and correct the generated code. Best-effort Azure PostgreSQL code was generated, but it is not included in the deployment script and its behavior is unverified. Compare it with the source, correct it, and test it before deploying separately. Reference: CVT-366"
VIEW,CONTOSO.V_GEN_KPI_009,VIEW,contoso.v_gen_kpi_009,Converted,no,
VIEW,CONTOSO.V_GEN_KPI_010,VIEW,contoso.v_gen_kpi_010,Converted,no,
VIEW,CONTOSO.V_GEN_KPI_011,VIEW,contoso.v_gen_kpi_011,Converted,no,
VIEW,CONTOSO.V_GEN_KPI_012,VIEW,contoso.v_gen_kpi_012,Not-Converted,yes,"Review and correct the generated code. Best-effort Azure PostgreSQL code was generated, but it is not included in the deployment script and its behavior is unverified. Compare it with the source, correct it, and test it before deploying separately. Reference: CVT-366"
VIEW,CONTOSO.V_GEN_KPI_013,VIEW,contoso.v_gen_kpi_013,Converted,no,
VIEW,CONTOSO.V_GEN_KPI_014,VIEW,contoso.v_gen_kpi_014,Converted,no,
VIEW,CONTOSO.V_GEN_KPI_015,VIEW,contoso.v_gen_kpi_015,Converted,no,
VIEW,CONTOSO.V_GEN_KPI_016,VIEW,contoso.v_gen_kpi_016,Not-Converted,yes,"Review and correct the generated code. Best-effort Azure PostgreSQL code was generated, but it is not included in the deployment script and its behavior is unverified. Compare it with the source, correct it, and test it before deploying separately. Reference: CVT-366"
VIEW,CONTOSO.V_GEN_KPI_017,VIEW,contoso.v_gen_kpi_017,Converted,no,
VIEW,CONTOSO.V_GEN_KPI_018,VIEW,contoso.v_gen_kpi_018,Converted,no,
VIEW,CONTOSO.V_GEN_KPI_019,VIEW,contoso.v_gen_kpi_019,Not-Converted,yes,"Review and correct the generated code. Best-effort Azure PostgreSQL code was generated, but it is not included in the deployment script and its behavior is unverified. Compare it with the source, correct it, and test it before deploying separately. Reference: CVT-366"
VIEW,CONTOSO.V_GEN_KPI_020,VIEW,contoso.v_gen_kpi_020,Not-Converted,yes,"Review and correct the generated code. Best-effort Azure PostgreSQL code was generated, but it is not included in the deployment script and its behavior is unverified. Compare it with the source, correct it, and test it before deploying separately. Reference: CVT-366"
VIEW,CONTOSO.V_GEN_KPI_021,VIEW,contoso.v_gen_kpi_021,Converted,no,
VIEW,CONTOSO.V_GEN_KPI_022,VIEW,contoso.v_gen_kpi_022,Converted,no,
VIEW,CONTOSO.V_GEN_KPI_023,VIEW,contoso.v_gen_kpi_023,Not-Converted,yes,"Review and correct the generated code. Best-effort Azure PostgreSQL code was generated, but it is not included in the deployment script and its behavior is unverified. Compare it with the source, correct it, and test it before deploying separately. Reference: CVT-366"
VIEW,CONTOSO.V_GEN_KPI_024,VIEW,contoso.v_gen_kpi_024,Not-Converted,yes,"Review and correct the generated code. Best-effort Azure PostgreSQL code was generated, but it is not included in the deployment script and its behavior is unverified. Compare it with the source, correct it, and test it before deploying separately. Reference: CVT-366"
VIEW,CONTOSO.V_GEN_KPI_025,VIEW,contoso.v_gen_kpi_025,Converted,no,
VIEW,CONTOSO.V_GEN_KPI_026,VIEW,contoso.v_gen_kpi_026,Converted,no,
VIEW,CONTOSO.V_GEN_KPI_027,VIEW,contoso.v_gen_kpi_027,Not-Converted,yes,"Review and correct the generated code. Best-effort Azure PostgreSQL code was generated, but it is not included in the deployment script and its behavior is unverified. Compare it with the source, correct it, and test it before deploying separately. Reference: CVT-366"
VIEW,CONTOSO.V_GEN_KPI_028,VIEW,contoso.v_gen_kpi_028,Not-Converted,yes,"Review and correct the generated code. Best-effort Azure PostgreSQL code was generated, but it is not included in the deployment script and its behavior is unverified. Compare it with the source, correct it, and test it before deploying separately. Reference: CVT-366"
VIEW,CONTOSO.V_GEN_LEGACY_001,VIEW,contoso.v_gen_legacy_001,Converted,no,
VIEW,CONTOSO.V_GEN_LEGACY_002,VIEW,contoso.v_gen_legacy_002,Converted,no,
VIEW,CONTOSO.V_GEN_LEGACY_003,VIEW,contoso.v_gen_legacy_003,Not-Converted,yes,"Convert the required dependency first. Azure PostgreSQL code was generated, but this object is not included in the deployment script because it depends on a temporary version of the required dependency. Convert the dependency, then run conversion again and confirm that this object is included. Reference: CVT-241"
VIEW,CONTOSO.V_GEN_LEGACY_004,,,Not-Converted,yes,Include this object in a new conversion run. The object was not converted. It was also left out of the current run and is not included in the deployment script. Include it in a subsequent run or implement and deploy it separately after testing. Reference: CVT-345
VIEW,CONTOSO.V_GEN_LEGACY_005,VIEW,contoso.v_gen_legacy_005,Converted,no,
VIEW,CONTOSO.V_GEN_LEGACY_006,,,Not-Converted,yes,Include this object in a new conversion run. The object was not converted. It was also left out of the current run and is not included in the deployment script. Include it in a subsequent run or implement and deploy it separately after testing. Reference: CVT-345
VIEW,CONTOSO.V_GEN_LEGACY_007,,,Not-Converted,yes,Include this object in a new conversion run. The object was not converted. It was also left out of the current run and is not included in the deployment script. Include it in a subsequent run or implement and deploy it separately after testing. Reference: CVT-345
VIEW,CONTOSO.V_GEN_LEGACY_008,VIEW,contoso.v_gen_legacy_008,Converted,no,
VIEW,CONTOSO.V_GEN_LEGACY_009,,,Not-Converted,yes,Include this object in a new conversion run. The object was not converted. It was also left out of the current run and is not included in the deployment script. Include it in a subsequent run or implement and deploy it separately after testing. Reference: CVT-345
VIEW,CONTOSO.V_GEN_LEGACY_010,,,Not-Converted,yes,Include this object in a new conversion run. The object was not converted. It was also left out of the current run and is not included in the deployment script. Include it in a subsequent run or implement and deploy it separately after testing. Reference: CVT-345
VIEW,CONTOSO.V_GEN_LEGACY_011,VIEW,contoso.v_gen_legacy_011,Converted,no,
VIEW,CONTOSO.V_GEN_LEGACY_012,,,Not-Converted,yes,Include this object in a new conversion run. The object was not converted. It was also left out of the current run and is not included in the deployment script. Include it in a subsequent run or implement and deploy it separately after testing. Reference: CVT-345
VIEW,CONTOSO.V_GEN_LEGACY_013,,,Not-Converted,yes,Include this object in a new conversion run. The object was not converted. It was also left out of the current run and is not included in the deployment script. Include it in a subsequent run or implement and deploy it separately after testing. Reference: CVT-345
VIEW,CONTOSO.V_GEN_LEGACY_014,VIEW,contoso.v_gen_legacy_014,Not-Converted,yes,"Review and correct the generated code. Best-effort Azure PostgreSQL code was generated, but it is not included in the deployment script and its behavior is unverified. Compare it with the source, correct it, and test it before deploying separately. Reference: CVT-366"
VIEW,CONTOSO.V_GEN_LEGACY_015,,,Not-Converted,yes,Include this object in a new conversion run. The object was not converted. It was also left out of the current run and is not included in the deployment script. Include it in a subsequent run or implement and deploy it separately after testing. Reference: CVT-345
VIEW,CONTOSO.V_GEN_LEGACY_016,,,Not-Converted,yes,Include this object in a new conversion run. The object was not converted. It was also left out of the current run and is not included in the deployment script. Include it in a subsequent run or implement and deploy it separately after testing. Reference: CVT-345
VIEW,CONTOSO.V_GEN_LEGACY_017,VIEW,contoso.v_gen_legacy_017,Not-Converted,yes,"Review and correct the generated code. Best-effort Azure PostgreSQL code was generated, but it is not included in the deployment script and its behavior is unverified. Compare it with the source, correct it, and test it before deploying separately. Reference: CVT-366"
VIEW,CONTOSO.V_GEN_LEGACY_018,,,Not-Converted,yes,Include this object in a new conversion run. The object was not converted. It was also left out of the current run and is not included in the deployment script. Include it in a subsequent run or implement and deploy it separately after testing. Reference: CVT-345
VIEW,CONTOSO.V_GEN_LEGACY_019,,,Not-Converted,yes,Include this object in a new conversion run. The object was not converted. It was also left out of the current run and is not included in the deployment script. Include it in a subsequent run or implement and deploy it separately after testing. Reference: CVT-345
VIEW,CONTOSO.V_GEN_LEGACY_020,VIEW,contoso.v_gen_legacy_020,Not-Converted,yes,"Review and correct the generated code. Best-effort Azure PostgreSQL code was generated, but it is not included in the deployment script and its behavior is unverified. Compare it with the source, correct it, and test it before deploying separately. Reference: CVT-366"
VIEW,CONTOSO.V_GEN_LEGACY_021,,,Not-Converted,yes,Include this object in a new conversion run. The object was not converted. It was also left out of the current run and is not included in the deployment script. Include it in a subsequent run or implement and deploy it separately after testing. Reference: CVT-345
VIEW,CONTOSO.V_GEN_LEGACY_022,VIEW,contoso.v_gen_legacy_022,Converted,no,
VIEW,CONTOSO.V_GEN_LEGACY_023,VIEW,contoso.v_gen_legacy_023,Not-Converted,yes,"Review and correct the generated code. Best-effort Azure PostgreSQL code was generated, but it is not included in the deployment script and its behavior is unverified. Compare it with the source, correct it, and test it before deploying separately. Reference: CVT-366"
VIEW,CONTOSO.V_GEN_LEGACY_024,VIEW,contoso.v_gen_legacy_024,Not-Converted,yes,"Convert the required dependency first. Azure PostgreSQL code was generated, but this object is not included in the deployment script because it depends on a temporary version of the required dependency. Convert the dependency, then run conversion again and confirm that this object is included. Reference: CVT-241"
VIEW,CONTOSO.V_GEN_LEGACY_025,VIEW,contoso.v_gen_legacy_025,Converted,no,
VIEW,CONTOSO.V_GEN_LEGACY_026,VIEW,contoso.v_gen_legacy_026,Not-Converted,yes,"Review and correct the generated code. Best-effort Azure PostgreSQL code was generated, but it is not included in the deployment script and its behavior is unverified. Compare it with the source, correct it, and test it before deploying separately. Reference: CVT-366"
VIEW,CONTOSO.V_GEN_LEGACY_027,VIEW,contoso.v_gen_legacy_027,Not-Converted,yes,"Convert the required dependency first. Azure PostgreSQL code was generated, but this object is not included in the deployment script because it depends on a temporary version of the required dependency. Convert the dependency, then run conversion again and confirm that this object is included. Reference: CVT-241"
VIEW,CONTOSO.V_GEN_LEGACY_028,VIEW,contoso.v_gen_legacy_028,Converted,no,
VIEW,CONTOSO.V_GEN_LEGACY_029,VIEW,contoso.v_gen_legacy_029,Not-Converted,yes,"Review and correct the generated code. Best-effort Azure PostgreSQL code was generated, but it is not included in the deployment script and its behavior is unverified. Compare it with the source, correct it, and test it before deploying separately. Reference: CVT-366"
VIEW,CONTOSO.V_GEN_LEGACY_030,VIEW,contoso.v_gen_legacy_030,Not-Converted,yes,"Convert the required dependency first. Azure PostgreSQL code was generated, but this object is not included in the deployment script because it depends on a temporary version of the required dependency. Convert the dependency, then run conversion again and confirm that this object is included. Reference: CVT-241"
VIEW,CONTOSO.V_GEN_SALES_REG_001,VIEW,contoso.v_gen_sales_reg_001,Not-Converted,yes,"Review and correct the generated code. Best-effort Azure PostgreSQL code was generated, but it is not included in the deployment script and its behavior is unverified. Compare it with the source, correct it, and test it before deploying separately. Reference: CVT-366"
VIEW,CONTOSO.V_GEN_SALES_REG_002,VIEW,contoso.v_gen_sales_reg_002,Converted,no,
VIEW,CONTOSO.V_GEN_SALES_REG_003,VIEW,contoso.v_gen_sales_reg_003,Not-Converted,yes,"Convert the required dependency first. Azure PostgreSQL code was generated, but this object is not included in the deployment script because it depends on a temporary version of the required dependency. Convert the dependency, then run conversion again and confirm that this object is included. Reference: CVT-241"
VIEW,CONTOSO.V_GEN_SALES_REG_004,VIEW,contoso.v_gen_sales_reg_004,Not-Converted,yes,"Review and correct the generated code. Best-effort Azure PostgreSQL code was generated, but it is not included in the deployment script and its behavior is unverified. Compare it with the source, correct it, and test it before deploying separately. Reference: CVT-366"
VIEW,CONTOSO.V_GEN_SALES_REG_005,VIEW,contoso.v_gen_sales_reg_005,Converted,no,
VIEW,CONTOSO.V_GEN_SALES_REG_006,VIEW,contoso.v_gen_sales_reg_006,Not-Converted,yes,"Convert the required dependency first. Azure PostgreSQL code was generated, but this object is not included in the deployment script because it depends on a temporary version of the required dependency. Convert the dependency, then run conversion again and confirm that this object is included. Reference: CVT-241"
VIEW,CONTOSO.V_GEN_SALES_REG_007,VIEW,contoso.v_gen_sales_reg_007,Not-Converted,yes,"Review and correct the generated code. Best-effort Azure PostgreSQL code was generated, but it is not included in the deployment script and its behavior is unverified. Compare it with the source, correct it, and test it before deploying separately. Reference: CVT-366"
VIEW,CONTOSO.V_GEN_SALES_REG_008,VIEW,contoso.v_gen_sales_reg_008,Converted,no,
VIEW,CONTOSO.V_GEN_SALES_REG_009,VIEW,contoso.v_gen_sales_reg_009,Not-Converted,yes,"Convert the required dependency first. Azure PostgreSQL code was generated, but this object is not included in the deployment script because it depends on a temporary version of the required dependency. Convert the dependency, then run conversion again and confirm that this object is included. Reference: CVT-241"
VIEW,CONTOSO.V_GEN_SALES_REG_010,VIEW,contoso.v_gen_sales_reg_010,Not-Converted,yes,"Review and correct the generated code. Best-effort Azure PostgreSQL code was generated, but it is not included in the deployment script and its behavior is unverified. Compare it with the source, correct it, and test it before deploying separately. Reference: CVT-366"
VIEW,CONTOSO.V_GEN_SALES_REG_011,VIEW,contoso.v_gen_sales_reg_011,Converted,no,
VIEW,CONTOSO.V_GEN_SALES_REG_012,VIEW,contoso.v_gen_sales_reg_012,Not-Converted,yes,"Convert the required dependency first. Azure PostgreSQL code was generated, but this object is not included in the deployment script because it depends on a temporary version of the required dependency. Convert the dependency, then run conversion again and confirm that this object is included. Reference: CVT-241"
VIEW,CONTOSO.V_GEN_SALES_REG_013,VIEW,contoso.v_gen_sales_reg_013,Not-Converted,yes,"Review and correct the generated code. Best-effort Azure PostgreSQL code was generated, but it is not included in the deployment script and its behavior is unverified. Compare it with the source, correct it, and test it before deploying separately. Reference: CVT-366"
VIEW,CONTOSO.V_GEN_SALES_REG_014,VIEW,contoso.v_gen_sales_reg_014,Not-Converted,yes,"Convert the required dependency first. Azure PostgreSQL code passed the compilation check, but this object is not included in the deployment script because it depends on a temporary version of the required dependency. Convert the dependency, then run conversion again and confirm that this object is included. Reference: CVT-242"
VIEW,CONTOSO.V_GEN_SALES_REG_015,VIEW,contoso.v_gen_sales_reg_015,Not-Converted,yes,"Convert the required dependency first. Azure PostgreSQL code was generated, but this object is not included in the deployment script because it depends on a temporary version of the required dependency. Convert the dependency, then run conversion again and confirm that this object is included. Reference: CVT-241"
VIEW,CONTOSO.V_GEN_SALES_REG_016,VIEW,contoso.v_gen_sales_reg_016,Not-Converted,yes,"Review and correct the generated code. Best-effort Azure PostgreSQL code was generated, but it is not included in the deployment script and its behavior is unverified. Compare it with the source, correct it, and test it before deploying separately. Reference: CVT-366"
VIEW,CONTOSO.V_GEN_SALES_REG_017,VIEW,contoso.v_gen_sales_reg_017,Not-Converted,yes,"Convert the required dependency first. Azure PostgreSQL code passed the compilation check, but this object is not included in the deployment script because it depends on a temporary version of the required dependency. Convert the dependency, then run conversion again and confirm that this object is included. Reference: CVT-242"
VIEW,CONTOSO.V_GEN_SALES_REG_018,VIEW,contoso.v_gen_sales_reg_018,Not-Converted,yes,"Convert the required dependency first. Azure PostgreSQL code was generated, but this object is not included in the deployment script because it depends on a temporary version of the required dependency. Convert the dependency, then run conversion again and confirm that this object is included. Reference: CVT-241"
VIEW,CONTOSO.V_GEN_SALES_REG_019,VIEW,contoso.v_gen_sales_reg_019,Not-Converted,yes,"Review and correct the generated code. Best-effort Azure PostgreSQL code was generated, but it is not included in the deployment script and its behavior is unverified. Compare it with the source, correct it, and test it before deploying separately. Reference: CVT-366"
VIEW,CONTOSO.V_GEN_SALES_REG_020,VIEW,contoso.v_gen_sales_reg_020,Not-Converted,yes,"Convert the required dependency first. Azure PostgreSQL code passed the compilation check, but this object is not included in the deployment script because it depends on a temporary version of the required dependency. Convert the dependency, then run conversion again and confirm that this object is included. Reference: CVT-242"
VIEW,CONTOSO.V_GEN_SALES_REG_021,VIEW,contoso.v_gen_sales_reg_021,Not-Converted,yes,"Convert the required dependency first. Azure PostgreSQL code was generated, but this object is not included in the deployment script because it depends on a temporary version of the required dependency. Convert the dependency, then run conversion again and confirm that this object is included. Reference: CVT-241"
VIEW,CONTOSO.V_GEN_SALES_REG_022,VIEW,contoso.v_gen_sales_reg_022,Not-Converted,yes,"Review and correct the generated code. Best-effort Azure PostgreSQL code was generated, but it is not included in the deployment script and its behavior is unverified. Compare it with the source, correct it, and test it before deploying separately. Reference: CVT-366"
VIEW,CONTOSO.V_GEN_SALES_REG_023,VIEW,contoso.v_gen_sales_reg_023,Not-Converted,yes,"Convert the required dependency first. Azure PostgreSQL code passed the compilation check, but this object is not included in the deployment script because it depends on a temporary version of the required dependency. Convert the dependency, then run conversion again and confirm that this object is included. Reference: CVT-242"
VIEW,CONTOSO.V_GEN_SALES_REG_024,VIEW,contoso.v_gen_sales_reg_024,Not-Converted,yes,"Convert the required dependency first. Azure PostgreSQL code was generated, but this object is not included in the deployment script because it depends on a temporary version of the required dependency. Convert the dependency, then run conversion again and confirm that this object is included. Reference: CVT-241"
VIEW,CONTOSO.V_GEN_SALES_REG_025,VIEW,contoso.v_gen_sales_reg_025,Not-Converted,yes,"Review and correct the generated code. Best-effort Azure PostgreSQL code was generated, but it is not included in the deployment script and its behavior is unverified. Compare it with the source, correct it, and test it before deploying separately. Reference: CVT-366"
VIEW,CONTOSO.V_GL_JOURNAL_BALANCE,VIEW,contoso.v_gl_journal_balance,Converted,no,
VIEW,CONTOSO.V_GL_TRIAL_BALANCE,VIEW,contoso.v_gl_trial_balance,Converted,no,
VIEW,CONTOSO.V_INVENTORY_REORDER,VIEW,contoso.v_inventory_reorder,Converted,no,
VIEW,CONTOSO.V_LEGACY_ORDERS,VIEW,contoso.v_legacy_orders,Not-Converted,yes,"Convert the required dependency first. Azure PostgreSQL code passed the compilation check, but this object is not included in the deployment script because it depends on a temporary version of the required dependency. Convert the dependency, then run conversion again and confirm that this object is included. Reference: CVT-242"
VIEW,CONTOSO.V_OPEN_PURCHASE_ORDERS,VIEW,contoso.v_open_purchase_orders,Converted,no,
VIEW,CONTOSO.V_ORDER_FULFILMENT_STATUS,VIEW,contoso.v_order_fulfilment_status,Not-Converted,yes,"Resolve the required dependency and review the generated code. Best-effort Azure PostgreSQL code was generated, but this object is not included in the deployment script because the required dependency is not ready. Resolve the dependency, then either run conversion again and confirm inclusion or correct the Azure PostgreSQL code, test it, and deploy it separately. Running conversion again replaces any edits you make to the generated code. Reference: CVT-146"
VIEW,CONTOSO.V_PRODUCT_PRICE_RANK,VIEW,contoso.v_product_price_rank,Not-Converted,yes,"Review and correct the generated code. Best-effort Azure PostgreSQL code was generated, but it is not included in the deployment script and its behavior is unverified. Compare it with the source, correct it, and test it before deploying separately. Reference: CVT-366"
VIEW,CONTOSO.V_PRODUCT_SELLABLE,VIEW,contoso.v_product_sellable,Not-Converted,yes,"Review and correct the generated code. Best-effort Azure PostgreSQL code was generated, but it is not included in the deployment script and its behavior is unverified. Compare it with the source, correct it, and test it before deploying separately. Reference: CVT-366"
VIEW,CONTOSO.V_PROMOTION_EFFECTIVENESS,VIEW,contoso.v_promotion_effectiveness,Not-Converted,yes,"Convert the required dependency first. Azure PostgreSQL code was generated, but this object is not included in the deployment script because it depends on a temporary version of the required dependency. Convert the dependency, then run conversion again and confirm that this object is included. Reference: CVT-241"
VIEW,CONTOSO.V_RECENT_ORDERS_UNSORTED,VIEW,contoso.v_recent_orders_unsorted,Not-Converted,yes,"Convert the required dependency first. Azure PostgreSQL code was generated, but this object is not included in the deployment script because it depends on a temporary version of the required dependency. Convert the dependency, then run conversion again and confirm that this object is included. Reference: CVT-241"
VIEW,CONTOSO.V_REGION_HIERARCHY,VIEW,contoso.v_region_hierarchy,Converted,no,
VIEW,CONTOSO.V_RETURNS_ANALYSIS,VIEW,contoso.v_returns_analysis,Converted,no,
VIEW,CONTOSO.V_SALES_BY_STORE_DAY,VIEW,contoso.v_sales_by_store_day,Not-Converted,yes,"Convert the required dependency first. Azure PostgreSQL code was generated, but this object is not included in the deployment script because it depends on a temporary version of the required dependency. Convert the dependency, then run conversion again and confirm that this object is included. Reference: CVT-241"
VIEW,CONTOSO.V_SALES_CHANNEL_PIVOT,VIEW,contoso.v_sales_channel_pivot,Not-Converted,yes,"Review and correct the generated code. Best-effort Azure PostgreSQL code was generated, but it is not included in the deployment script and its behavior is unverified. Compare it with the source, correct it, and test it before deploying separately. Reference: CVT-366"
VIEW,CONTOSO.V_SESSION_CONTEXT,VIEW,contoso.v_session_context,Converted,no,
VIEW,CONTOSO.V_SHIPMENT_SLA,VIEW,contoso.v_shipment_sla,Converted,no,
VIEW,CONTOSO.V_STOCK_POSITION,VIEW,contoso.v_stock_position,Not-Converted,yes,"Convert the required dependency first. Azure PostgreSQL code passed the compilation check, but this object is not included in the deployment script because it depends on a temporary version of the required dependency. Convert the dependency, then run conversion again and confirm that this object is included. Reference: CVT-242"
VIEW,CONTOSO.V_STORE_ESTATE,VIEW,contoso.v_store_estate,Not-Converted,yes,"Convert the required dependency first. Azure PostgreSQL code was generated, but this object is not included in the deployment script because it depends on a temporary version of the required dependency. Convert the dependency, then run conversion again and confirm that this object is included. Reference: CVT-241"
VIEW,CONTOSO.V_SUPPLIER_SCORECARD,VIEW,contoso.v_supplier_scorecard,Converted,no,
VIEW,CONTOSO.V_TOP_PRODUCTS_BY_STORE,VIEW,contoso.v_top_products_by_store,Not-Converted,yes,"Convert the required dependency first. Azure PostgreSQL code passed the compilation check, but this object is not included in the deployment script because it depends on a temporary version of the required dependency. Convert the dependency, then run conversion again and confirm that this object is included. Reference: CVT-242"
